scenario_id,vehicle_count,pedestrian_count,cyclist_count,lane_count,stop_sign_count,crosswalk_count,speed_bump_count,max_velocity_mps,max_deceleration,max_yaw_rate,is_valid_physics,risk_tier_numeric,target_risk_matrix,min_inter_agent_dist,avg_agent_velocity,velocity_std,predicted_risk_probability,predicted_critical_class
a1565e3f3d425d4c,247,118,0,65,10,2,0,21.67,15.48,9.86,True,3,Critical Complexity,0.07280109889295759,3.1378,3.4286980755577376,0.9334372,1
a2d5a79c30e38ef9,243,220,0,57,6,0,0,17.15,16.48,10.64,True,3,Critical Complexity,0.028284271247436175,3.29736,3.3987269720293805,0.93194485,1
a88340176012790e,253,121,0,376,21,4,12,22.1,18.9,7.35,True,3,Critical Complexity,0.08544003745301777,4.673488372093024,5.677161153384031,0.9286312,1
f8c4683e25a238e1,337,194,0,98,3,2,6,19.14,17.78,11.24,True,3,Critical Complexity,0.010000000000218279,3.1885169491525422,3.7071511178706587,0.9234544,1
7046efc01de68427,282,139,0,79,3,2,7,19.9,15.99,9.42,True,3,Critical Complexity,0.03162277660237405,3.0525609756097563,3.5802300345006475,0.9206262,1
21bde524de2371ca,288,115,0,92,4,7,5,17.43,13.54,11.83,True,3,Critical Complexity,0.040000000000873115,3.547007299270073,3.648612047869591,0.9173578,1
af528177b5f54711,229,135,9,175,5,18,2,20.28,14.44,7.34,True,3,Critical Complexity,0.02828427124711462,4.763655462184874,4.008567358527023,0.9173108,1
4b7000974e257328,250,29,0,104,5,13,1,18.72,16.77,6.82,True,3,Critical Complexity,0.4341658669213119,7.688714285714284,5.100800755463673,0.91523856,1
2428e19f58674761,170,186,0,111,0,20,0,32.33,14.44,9.17,True,1,Critical Complexity,0.009999999999308784,2.411948051948052,3.491490845800076,0.9034352,1
e6704226e2e1c659,505,130,0,130,5,6,10,26.47,14.51,11.61,True,3,Critical Complexity,0.04472135954995512,4.722821782178217,5.643468621083074,0.9013673,1
2e112080ff176d6f,317,166,0,280,5,5,5,26.05,19.99,11.41,True,1,Critical Complexity,0.0223606797753843,3.1783809523809525,3.459766747934516,0.89604574,1
fd4b50e57a589099,243,65,1,216,2,7,4,22.76,20.93,6.9,True,3,Critical Complexity,0.3905124837954317,5.392265625,5.047113069438148,0.8929155,1
d7e492b8b3751209,297,101,0,260,6,7,0,20.96,20.73,10.06,True,3,Critical Complexity,0.07071067811891199,3.337519379844961,3.415600105264342,0.8901229,1
c9792eac472b789,226,106,0,233,5,5,4,20.42,12.93,9.46,True,3,Critical Complexity,0.16124515496602176,3.33381679389313,3.4359168155504123,0.8856061,1
9774e3e4f34a0826,266,52,0,259,16,19,11,19.75,18.82,8.64,True,3,Critical Complexity,0.13341664064092043,3.9906896551724143,3.632055493874321,0.8842497,1
1ed62a05155b14f7,261,24,0,246,6,10,4,21.88,14.06,11.89,True,3,Critical Complexity,0.1702938636593361,5.28258064516129,6.377847228944452,0.88350374,1
2a08d3fd0fd564f3,259,21,3,94,2,5,1,32.65,22.27,9.02,True,1,Critical Complexity,0.1081665382639159,8.391857142857145,7.012184557276436,0.87791014,1
85c07600d64ed773,126,56,0,11,1,7,0,26.15,23.84,7.87,True,1,Critical Complexity,0.050000000001091394,4.396184210526316,5.828728074465859,0.87730646,1
4437af741fe9f78a,130,107,0,123,0,16,0,16.58,14.44,10.8,True,3,Critical Complexity,0.0640312423744478,3.309784172661871,3.3805000412598916,0.87719357,1
532747c8a38f5e9b,288,63,0,309,1,11,1,22.75,16.75,7.09,True,3,Critical Complexity,0.06324555320374148,3.4390000000000005,3.7449497993965157,0.8751189,1
e528b528215745d7,281,85,0,224,1,7,0,19.26,13.48,9.71,True,3,Critical Complexity,0.040000000000873115,3.658181818181818,3.673329608573554,0.8735796,1
97d25fb64b141c6b,162,35,8,69,4,8,1,32.77,28.46,9.93,True,1,Critical Complexity,0.014142135623886403,5.731807228915662,5.731328436722703,0.8708902,1
5631e8b8d4c20a05,113,41,0,98,9,15,0,35.95,12.3,6.58,True,1,Critical Complexity,0.05385164807129606,4.363125,5.243621385490661,0.868979,1
ef2997d38784b8e8,193,141,3,43,4,6,0,17.08,16.55,8.1,True,3,Critical Complexity,0.0499999999998181,3.517719298245614,3.3089672692613297,0.8688506,1
ee8ea067838b8671,183,135,4,206,6,16,7,20.85,19.24,11.87,True,3,Critical Complexity,0.02236067977497756,4.0363190184049085,4.316928292890364,0.86836886,1
4eeda04c5c03e28e,273,33,0,147,3,5,1,25.38,13.83,7.3,True,3,Critical Complexity,0.08246211251227821,8.561869918699186,6.31431402007015,0.867389,1
daa26d4c23ff9cfc,123,61,4,95,18,18,0,20.48,13.37,9.47,True,3,Critical Complexity,0.12649110640690775,3.3593975903614464,3.5717564608209056,0.8658369,1
32105996fb04e439,147,149,6,93,0,7,0,23.55,21.01,8.42,True,3,Critical Complexity,0.010000000000218279,5.353272727272729,4.783374447755269,0.86580944,1
16b80deef9c88e5e,285,2,0,12,0,0,0,24.55,18.77,9.85,True,3,Critical Complexity,0.41593268686330903,10.297380952380953,8.292927583338367,0.86393577,1
dd3e572afec62c35,102,212,5,168,3,8,0,33.33,29.08,8.28,True,1,Critical Complexity,0.03605551275490665,3.1139857651245553,3.9681414278294627,0.8636506,1
1360cafa2bb7a32f,294,140,0,262,6,10,5,21.12,19.53,12.26,True,3,Critical Complexity,0.06324555320327412,2.702694610778443,2.8224021359326286,0.86175877,1
67eeb9d17bd826e,204,86,0,74,4,10,4,16.08,15.72,7.96,True,3,Critical Complexity,0.13038404810424828,3.307864077669902,3.621095057909737,0.8599091,1
9cb0975ff6382119,111,186,6,96,3,4,0,16.25,16.2,9.1,True,3,Critical Complexity,0.060827625304272555,3.0606249999999995,3.146316662058418,0.8596591,1
ac4e7c4fc14e8b93,269,100,1,154,1,5,2,15.16,11.11,10.91,True,2,Standard Complexity,0.060827625302964254,3.037107438016529,2.9465167663824303,0.85902804,1
1e321ac0560e4f07,273,41,0,279,0,5,0,21.4,17.57,7.26,True,3,Critical Complexity,0.12083045973572291,3.0908620689655173,3.74455341680685,0.8579913,1
3ff14680898181bf,282,32,0,172,4,5,2,21.36,16.06,10.19,True,3,Critical Complexity,0.07810249675884995,8.216535433070867,5.38883935291999,0.85550326,1
9eb8977d25d6a28f,252,18,1,547,1,17,19,24.54,23.51,9.89,True,1,Critical Complexity,0.0999999999994543,9.724025974025972,6.578205111793934,0.8541441,1
ebb7e4453e8cf6ed,414,26,0,173,1,8,4,18.03,13.12,8.22,True,3,Critical Complexity,0.16155494421367708,6.905392156862745,5.002754862949215,0.8526386,1
117129e23e8a6cab,235,40,0,286,3,15,3,21.39,17.47,9.61,True,3,Critical Complexity,0.0860232526704802,5.293333333333334,5.805007799784214,0.8523985,1
e3ee0041186f225c,281,20,3,199,1,6,3,26.16,26.11,6.7,True,1,Critical Complexity,0.3613862199918012,6.353118279569893,5.329057892185823,0.8523096,1
59b51f55ff449c1c,191,77,0,101,0,11,0,21.87,15.37,8.61,True,3,Critical Complexity,0.05099019513704085,5.983437499999999,5.578093093396143,0.8520309,1
83ef22ec567e6ee8,268,31,0,90,2,4,0,27.81,20.34,7.06,True,1,Critical Complexity,0.03162277660170896,8.132058823529412,6.242759466874058,0.85140353,1
6de9d445dd87c0b2,242,12,2,134,12,13,1,20.88,13.89,10.96,True,3,Critical Complexity,0.38832975677894715,6.819298245614036,5.361203995323309,0.8512772,1
fb00651b49bbe3b,323,92,0,89,5,4,4,20.78,20.52,10.72,True,3,Critical Complexity,0.036055512754796286,4.8687499999999995,4.7124214894937895,0.8512277,1
ec56e9187cbb99b8,344,25,0,169,1,8,3,19.29,9.17,10.87,True,2,Standard Complexity,0.2817800560721053,7.687395833333333,5.5908115177180955,0.850723,1
280538823d11b005,223,29,0,106,6,5,7,25.49,13.5,6.62,True,3,Critical Complexity,0.4560701700396991,8.603608247422681,6.705231406719975,0.8491836,1
5cd327892777cd4d,240,16,0,429,21,11,7,33.81,23.97,6.4,True,1,Critical Complexity,0.21470910553561184,8.903611111111111,7.502889499970357,0.84892696,1
2d51e5e3a9bcf1dd,270,19,1,323,2,14,8,26.12,20.05,9.05,True,1,Critical Complexity,0.6624198064671283,8.015641025641024,5.944912625728629,0.8485962,1
8e6faaae9c1e5304,358,72,0,305,5,11,5,17.38,15.51,9.08,True,3,Critical Complexity,0.07810249675934486,3.642525252525253,3.62822948263409,0.8476872,1
615639a930e9d1c9,225,127,0,220,5,5,5,20.41,15.42,10.65,True,3,Critical Complexity,0.08944271909991024,3.015524475524476,3.0528921695748275,0.8462057,1
fa43b0834b5ff616,128,25,0,60,0,20,0,21.8,21.61,8.73,True,3,Critical Complexity,0.22022715545480814,5.580930232558139,5.803587829335137,0.84589887,1
8166f432df912963,269,31,1,99,15,0,0,24.55,13.97,7.99,True,3,Critical Complexity,0.1264911064094962,3.7996875,4.254059446851178,0.8458283,1
1f50370083096f3f,274,21,0,523,1,14,17,21.4,17.23,12.6,True,3,Critical Complexity,0.05385164807167606,7.6157894736842096,5.4039364948053565,0.8455611,1
a2b9dea72c2304d9,239,76,0,48,4,6,0,16.1,13.99,9.5,True,3,Critical Complexity,0.07280109889273897,3.705263157894737,3.5975750142810785,0.8451375,1
6668f25495d1d01e,175,42,0,70,8,10,0,25.97,19.06,7.52,True,1,Critical Complexity,0.028284271247436175,5.090285714285713,5.55912813601675,0.84416837,1
f0ccad7e0c67bc7b,176,39,0,63,0,4,0,20.53,17.54,9.78,True,3,Critical Complexity,0.08246211251236094,7.0344565217391315,5.057129999818688,0.8438885,1
8119e93c1a9b1241,311,41,1,141,12,6,2,20.11,18.45,8.53,True,3,Critical Complexity,0.07071067811926571,3.7376,4.086100941810746,0.8437013,1
282e978d9ee93df2,131,48,1,58,12,14,1,20.85,18.19,9.66,True,3,Critical Complexity,0.08062257748291217,3.5741176470588236,4.080596926955273,0.84277177,1
9eca79576943cebf,247,75,0,274,6,11,5,22.71,17.72,7.5,True,3,Critical Complexity,0.030000000000001137,4.253805309734513,4.406042977906326,0.84270734,1
53887825452515ee,246,12,2,349,10,17,4,22.55,18.76,6.57,True,3,Critical Complexity,0.11401754250991293,5.615384615384617,5.187897699876,0.8422031,1
81a24830ee08c1f4,361,21,1,175,4,16,9,23.68,23.26,6.38,True,1,Critical Complexity,0.574891294071889,7.591052631578948,6.10024221095504,0.84178466,1
50b92737c9452b24,230,36,1,284,0,10,8,36.16,35.44,7.03,True,1,Critical Complexity,0.2716615541441014,7.048631578947368,6.373694724664282,0.84151053,1
ed5fff73931ea86c,203,20,0,71,0,4,0,20.13,14.84,6.65,True,3,Critical Complexity,0.20024984394505282,8.683780487804878,5.692894081658742,0.8403413,1
bda1a6bd3ce815f,216,27,7,184,2,5,3,23.42,12.33,8.46,True,3,Critical Complexity,0.3130495168498892,5.558939393939394,6.093320020737036,0.8400067,1
7410216271959c91,248,35,4,137,0,4,6,21.89,16.44,6.64,True,3,Critical Complexity,0.060827625302515696,7.486640625,5.5665081454489584,0.8392561,1
9ffaf45885f2ee98,118,139,6,95,0,8,0,20.78,16.72,9.71,True,3,Critical Complexity,0.028284271248079286,3.5100000000000002,3.4690440043833153,0.8392206,1
b99f9bf9645eb34b,218,23,0,193,9,10,6,17.63,15.45,9.54,True,3,Critical Complexity,0.1726267650163876,5.301960784313725,5.425985776383952,0.83864385,1
60f4b02549d015ef,328,77,0,205,13,6,2,16.74,11.17,10.7,True,2,Standard Complexity,0.08944271909991024,4.251188811188812,4.152424599587502,0.83846086,1
9a7bd54058c96f62,151,49,1,172,6,15,1,16.95,11.79,10.26,True,3,Critical Complexity,0.06324555320331006,5.777804878048781,5.00343760472402,0.837928,1
d524dc0248dfcdd,230,58,0,77,3,8,2,22.36,21.99,9.01,True,3,Critical Complexity,0.050990195136684124,4.799268292682928,4.723044383138085,0.8378493,1
7a9ddd91554fc4dd,272,15,0,83,1,7,0,22.55,18.67,7.35,True,3,Critical Complexity,0.7262231062145552,8.912799999999999,7.427925966243874,0.8373729,1
289f974b39141e95,235,22,0,419,4,11,7,22.55,11.08,7.1,True,0,Standard Complexity,0.313049516848669,9.721010101010101,6.6546498507631195,0.83691436,1
886d233231551cb6,240,26,0,219,6,7,7,19.34,17.36,7.96,True,3,Critical Complexity,0.0728010988927702,9.199930555555556,5.021999725724551,0.83649176,1
68f845a5264ede75,284,62,0,68,5,6,1,22.08,21.68,11.4,True,3,Critical Complexity,0.03162277660237405,3.577319587628866,4.015877384321511,0.8363289,1
cd96e256ab00b49e,217,23,0,62,0,5,3,26.66,17.84,6.53,True,1,Critical Complexity,0.09219544457306698,4.518979591836735,5.383510441436228,0.8357275,1
b3a6728a162ba47d,251,31,0,286,4,10,10,24.34,20.13,11.71,True,3,Critical Complexity,0.1414213562373095,6.450392156862746,4.925874645449637,0.8353287,1
782a42280872667d,206,60,0,110,5,8,6,21.57,14.43,7.39,True,3,Critical Complexity,0.04472135954995512,6.785619047619048,6.357793556139923,0.8341178,1
90591aff409001bb,222,23,7,91,3,4,0,34.0,11.64,12.41,True,1,Critical Complexity,0.014142135623718088,6.850686274509805,5.396431511511942,0.833045,1
a0ec4a31497bf134,109,24,4,108,13,12,0,18.61,18.32,10.2,True,3,Critical Complexity,0.2879236009781372,7.008541666666666,5.01938325792428,0.8320617,1
3f27e76b015cd3e1,71,118,0,69,3,10,0,34.53,15.76,10.64,True,1,Critical Complexity,0.042426406870511156,6.925958904109589,7.380230309615592,0.8308299,1
70306877d4af7b54,236,34,0,325,7,10,17,18.49,12.74,7.29,True,3,Critical Complexity,0.240208242989295,7.771083333333333,5.222475912794833,0.8300715,1
8f2eeee0955c50e1,223,64,0,269,4,5,0,19.45,17.81,8.65,True,3,Critical Complexity,0.33734255586852846,3.2112499999999997,4.037988589210092,0.82991993,1
cf0d803cdeae0ebb,204,32,1,113,0,4,0,29.41,16.29,9.82,True,1,Critical Complexity,0.09219544457267238,8.040751879699249,6.062267947539075,0.8296179,1
5009c34938e062ee,242,15,1,511,2,13,18,24.02,13.18,10.33,True,3,Critical Complexity,0.5141984052873252,12.304150943396225,6.247504236474215,0.829197,1
e4e13ace59c06d32,99,70,3,100,17,9,1,16.79,16.73,11.15,True,3,Critical Complexity,0.05385164807150718,4.278604651162791,4.169313189436154,0.8288552,1
da14699abb81d0a4,231,37,0,178,2,0,2,29.19,15.31,8.38,True,1,Critical Complexity,0.21954498400083547,3.1133333333333337,4.451978223330625,0.8285537,1
88435aaff5355d7c,232,30,1,190,1,6,3,19.49,11.13,7.38,True,3,Critical Complexity,0.44922154890416605,5.210757575757576,5.431135354993539,0.8283218,1
1991861fc68b4372,232,34,0,197,2,6,4,21.64,14.95,11.33,True,3,Critical Complexity,0.11000000000012733,5.411388888888889,5.264045841987246,0.8275737,1
2f483bce395126a1,207,31,0,176,6,5,2,25.83,15.22,7.4,True,3,Critical Complexity,0.12999999999996922,8.859090909090911,6.11361774245221,0.82736415,1
d5039cadf28b52ca,310,42,0,324,3,11,4,26.75,11.22,9.49,True,0,Standard Complexity,0.496588360717256,4.844520547945206,6.345205080204402,0.82670116,1
bfb5d336685bebe3,317,71,0,382,21,4,15,35.13,29.47,9.4,True,1,Critical Complexity,0.020000000000436557,3.859807692307692,4.438735089390556,0.82666296,1
8bee6c70f2ff3742,272,5,1,333,15,12,6,28.84,26.78,6.65,True,1,Critical Complexity,0.23086792761211117,10.560384615384615,6.528906619560644,0.82508045,1
57dc512b78a2daad,119,97,6,90,0,5,17,29.35,17.45,7.89,True,1,Critical Complexity,0.08062257748294037,3.0586400000000005,3.6318701175014505,0.82245827,1
bec86fdeb113fff,124,22,0,231,9,9,1,22.63,16.0,9.21,True,3,Critical Complexity,0.11661903789641,7.805421686746987,5.222059165751956,0.82197946,1
92b35530fe804ec,181,70,1,185,1,5,3,23.2,11.02,6.84,True,0,Standard Complexity,0.170000000000153,5.008583333333333,5.1929213511974375,0.821728,1
b14f2b1d0ddf7bc5,138,22,0,75,0,5,0,32.22,31.1,7.38,True,1,Critical Complexity,0.13152946437931903,8.076515151515151,5.6627366476536345,0.8215933,1
8074729af2809e99,203,48,0,13,3,3,1,22.43,21.09,7.12,True,3,Critical Complexity,0.4750789408085523,3.389027777777778,3.88541080329217,0.8214522,1
ccdebe7ad20c3dee,205,24,0,100,0,8,2,21.76,12.9,6.56,True,3,Critical Complexity,0.17720045146672803,7.116031746031746,6.231194830437033,0.82126087,1
d8cb670317e7b0dd,281,38,0,64,4,13,4,16.88,14.43,9.37,True,3,Critical Complexity,0.05385164807150718,3.640142857142857,3.619622116368796,0.81969005,1
66519f4d5dbd62d9,239,21,3,282,8,7,11,23.25,17.84,9.03,True,3,Critical Complexity,0.07211102550921421,7.713068181818182,6.318893631216146,0.8189878,1
d1b9e2bb59a65c00,250,14,1,133,1,6,1,30.73,15.86,6.57,True,1,Critical Complexity,0.11704699910719664,8.064177215189874,6.656856293734319,0.8188732,1
fd8774c617f7e8c6,260,14,0,479,1,14,18,23.83,13.59,9.36,True,3,Critical Complexity,0.10049875621159261,7.921384615384615,6.870969000506199,0.81873304,1
474599633e2a2318,176,59,0,282,0,17,5,17.13,14.35,7.36,True,3,Critical Complexity,0.07071067811891199,3.5685555555555553,3.488681241166802,0.8178888,1
a94d901c20bfea82,288,16,1,110,2,5,1,20.59,17.63,7.16,True,3,Critical Complexity,0.09433981132050283,7.4623376623376645,5.649114376310105,0.81779176,1
528a816a8f1f707c,201,30,0,60,4,9,4,20.32,20.03,9.14,True,3,Critical Complexity,0.19416487838961557,4.789285714285714,4.946950668681399,0.81715256,1
4df857b4c65e872e,368,21,0,137,2,6,2,36.56,11.58,7.73,True,1,Critical Complexity,0.412310562561755,9.264432989690722,7.802219479238625,0.8166355,1
ad3bb1185dacb99c,146,24,0,465,12,13,3,30.29,19.13,7.81,True,1,Critical Complexity,0.10816653826388929,6.0876086956521736,5.8469833116643075,0.8163763,1
95d98dc8ca69d1dd,237,25,1,144,1,6,1,18.45,16.18,10.57,True,3,Critical Complexity,0.21023796041634932,6.867764705882353,5.054107561059056,0.8163621,1
3012fd4286868ad6,75,169,7,105,6,12,0,17.25,13.23,8.61,True,3,Critical Complexity,0.12165525060562947,4.332800000000001,4.2240820362404055,0.81584316,1
8de3ff8785526ca6,121,26,0,303,0,17,4,32.76,31.02,7.48,True,1,Critical Complexity,0.03605551275485935,7.8958695652173905,10.769271215115994,0.81566447,1
729a880d3dc8cb3e,217,94,0,230,5,5,5,21.25,17.25,10.96,True,3,Critical Complexity,0.02236067977497756,3.138306451612903,3.325420109713569,0.81512487,1
748dc55532e45fba,234,16,0,77,0,6,0,30.22,15.54,12.06,True,1,Critical Complexity,0.20024984394500742,7.631604938271605,5.3881624840976485,0.8150973,1
9950220974cb9270,339,43,0,164,7,7,7,26.26,12.7,7.89,True,0,Standard Complexity,0.07211102550921421,4.883023255813954,5.544943866968471,0.81389517,1
1af2b52f25a261dd,198,22,0,152,4,4,3,23.75,18.42,7.43,True,3,Critical Complexity,0.09219544457301766,12.340808080808083,6.629766770242637,0.8137948,1
aa543ad6690cdbc1,183,36,1,105,0,6,0,23.26,16.12,10.23,True,3,Critical Complexity,0.04472135954998054,6.285189873417722,5.725062347957332,0.81361294,1
2ea87c43db731cd0,110,97,0,133,0,14,1,25.75,22.85,10.73,True,1,Critical Complexity,0.02828427124775773,3.824656488549618,3.958415771031516,0.8135023,1
1c709e0240b8b534,147,30,0,490,15,12,8,31.88,18.61,7.92,True,1,Critical Complexity,0.1118033988749183,8.43108695652174,6.252266451059748,0.81270033,1
f15fd02d20adec43,137,26,0,96,1,9,0,34.06,19.33,12.12,True,1,Critical Complexity,0.28861739379319434,6.678507462686567,6.903087402226639,0.812414,1
761bc46117390d36,112,406,5,125,4,8,0,17.54,16.64,11.54,True,3,Critical Complexity,0.02236067977497756,3.95951048951049,3.6429219928733536,0.8107905,1
19a865e2533a78e3,268,2,1,498,10,10,8,21.01,15.57,7.43,True,3,Critical Complexity,0.1581138830097851,8.469841269841268,6.425427536158492,0.8091325,1
22c3d605550bd944,179,26,0,462,25,5,14,22.5,19.59,7.17,True,3,Critical Complexity,0.09899494936602662,4.733035714285713,5.581431242343688,0.8090774,1
8f3c87ed4fa45584,132,66,0,392,26,12,8,19.19,16.27,9.7,True,3,Critical Complexity,0.02236067977497756,4.144588235294118,4.60530807628639,0.8090007,1
f4989177205edd9e,130,29,0,49,0,3,0,21.01,13.11,7.38,True,3,Critical Complexity,0.0781024967590137,6.8178947368421055,5.865154231932718,0.80864257,1
a9cf248f73d6de3a,67,141,0,104,6,10,3,15.59,15.4,10.63,True,3,Critical Complexity,0.049999999999954525,3.4380769230769226,3.617860629231643,0.8084538,1
278f53e1a14ef32f,247,13,1,294,1,12,7,19.88,9.07,6.31,True,0,Standard Complexity,0.1941648783895219,9.7126582278481,5.019132183010681,0.80810654,1
64dd3742f8d81f7f,234,27,0,794,0,11,21,21.52,19.25,9.41,True,3,Critical Complexity,0.12165525060592851,7.686625000000001,6.457385489451207,0.80791336,1
3085c1fa9884ebca,275,24,2,287,0,10,7,21.47,20.64,6.94,True,3,Critical Complexity,0.02236067977497756,6.184782608695652,5.7702142749492396,0.807861,1
32ad13b362ee28ba,75,220,5,97,5,14,2,16.53,15.17,11.57,True,3,Critical Complexity,0.014142135623878865,3.737449392712551,3.6384214294733708,0.8073501,1
abe04161d6cc8e6b,146,41,0,84,1,3,4,23.48,11.72,7.75,True,0,Standard Complexity,0.041231056256194255,6.450804597701147,5.932172407100544,0.8067913,1
e0e1506f8e6fa3c3,143,20,2,390,9,14,7,23.78,16.77,6.54,True,3,Critical Complexity,0.16999999999997914,5.957826086956522,5.818463084475695,0.80657464,1
d95ddfa25b938002,206,44,0,13,1,7,0,17.33,15.52,11.95,True,3,Critical Complexity,0.05656854249487235,4.042083333333333,3.693400622694784,0.80514205,1
49423a4a0157ac7b,238,9,4,178,12,17,1,17.97,14.98,6.3,True,3,Critical Complexity,0.23537204591882505,7.629555555555554,6.2298642594648905,0.80477273,1
ebb3f069d7dcb0f9,116,26,0,122,15,4,0,21.38,20.52,9.56,True,3,Critical Complexity,0.22203603311167636,6.76391304347826,5.299353315042879,0.8045205,1
4f469be50e0be6c6,149,19,0,274,7,7,8,37.25,18.98,10.36,True,1,Critical Complexity,0.3087069808085881,11.002142857142855,10.851410986971384,0.80447507,1
f801f25fbb30acdf,256,0,0,95,2,5,3,25.74,13.23,6.29,True,3,Critical Complexity,0.7333484846919479,10.971774193548388,6.581102350105173,0.80444676,1
9e0cc845cbf61779,124,42,4,215,4,14,1,31.89,12.94,7.44,True,1,Critical Complexity,0.15297058540772523,7.226666666666666,6.31749119108962,0.80386007,1
45ae5012cf6765a,226,31,0,583,2,12,18,24.02,23.41,10.32,True,1,Critical Complexity,0.04472135954996306,9.365669291338584,6.134040760225847,0.803336,1
7b89dd9242bdd705,151,67,1,50,9,5,0,21.13,13.88,9.33,True,3,Critical Complexity,0.0781024967586025,2.863214285714286,3.3908044981328285,0.8030925,1
61697643150d5c04,201,44,0,147,4,6,6,27.43,24.17,7.19,True,1,Critical Complexity,0.13416407864989077,4.723972602739726,5.2896452841496,0.80283344,1
23c1579716f30f67,169,19,9,112,0,6,1,28.01,14.87,7.41,True,1,Critical Complexity,0.0,9.573737373737375,6.785634943584358,0.8023129,1
7bb700232bb6d314,170,37,4,225,8,7,4,34.04,23.32,8.52,True,1,Critical Complexity,0.07211102550921421,9.0955,5.957201922882923,0.8022147,1
adfb6bb7dd49b220,211,59,1,71,3,4,4,20.41,11.11,9.49,True,3,Critical Complexity,0.07280109889252034,4.323529411764706,4.117264856211436,0.80188257,1
333a496b6be8245a,287,25,2,128,2,6,2,17.42,9.55,7.49,True,2,Standard Complexity,0.12041594578792673,7.527857142857144,4.946615262077738,0.801729,1
87cf788cbe6fc3c5,195,62,0,419,10,8,12,23.74,14.66,8.01,True,3,Critical Complexity,0.13038404810508536,4.451086956521739,4.877752836252468,0.8008331,1
90dbe933b89872ee,209,29,0,571,8,8,13,21.57,16.33,12.56,True,3,Critical Complexity,0.1442220510186176,10.762072072072073,6.221886842967935,0.8007843,1
37aee9cd303373d0,136,64,0,12,0,2,0,16.18,15.69,10.82,True,3,Critical Complexity,0.02828427124775773,3.2163999999999997,3.316479112954982,0.8006721,1
f31e38581a59e80c,218,21,1,268,3,15,12,24.62,18.49,6.57,True,3,Critical Complexity,0.34481879299152746,6.748596491228071,5.570786091682748,0.8004849,1
116403a7c365080d,198,51,0,155,8,7,7,25.07,12.02,9.08,True,0,Standard Complexity,0.14212670403591762,4.7976,5.111299858157414,0.8000598,1
deaeb5b71547afd5,183,33,3,215,2,8,4,21.44,18.68,6.41,True,3,Critical Complexity,0.1726267650163876,5.494520547945206,5.484587631030658,0.7989609,1
309e6c3a72d0ff27,71,201,0,80,1,7,0,22.23,18.74,9.71,True,3,Critical Complexity,0.022360679775485982,3.6267555555555555,4.075675339570148,0.7985129,1
cfaf1d0c80bb4dbc,166,35,0,147,8,8,7,18.0,16.97,11.76,True,3,Critical Complexity,0.03999999999996362,5.132539682539682,5.443286229713079,0.79848164,1
201daabf99c5464a,182,23,0,121,2,14,1,32.13,24.67,6.4,True,1,Critical Complexity,0.12041594578873867,6.8954054054054055,5.42530536920826,0.7984622,1
915abeffab67b520,218,29,0,226,5,11,9,18.49,17.87,6.4,True,3,Critical Complexity,0.14142135623718088,6.623749999999999,5.360743739211939,0.79834485,1
84d2adfd7a6721bb,155,79,0,69,2,4,4,16.92,15.23,10.58,True,3,Critical Complexity,0.0707106781186226,3.7291262135922327,4.005315668637037,0.7982204,1
5d95e0aeb9b4b46a,205,28,0,577,3,12,14,23.11,14.63,7.67,True,3,Critical Complexity,0.11661903789702416,10.487211538461539,6.305286770872819,0.7976152,1
ae7545cefd642d33,193,24,0,67,0,4,0,32.53,30.32,7.38,True,1,Critical Complexity,0.05999999999994543,6.224059405940595,5.005756127930376,0.7974011,1
1cb8bdf64496e710,111,41,2,368,0,10,9,35.45,18.41,18.84,True,1,Critical Complexity,0.1886796226412015,9.43467391304348,6.828468771491345,0.7971464,1
dc9b76b5d9636831,249,34,6,148,16,16,0,18.87,16.8,11.65,True,3,Critical Complexity,0.02236067977497756,2.749230769230769,3.161061801986214,0.7970255,1
e7d8b8d9320e7442,131,70,0,119,1,5,1,27.61,17.89,9.11,True,1,Critical Complexity,0.036055512754796286,7.125,5.362345952465586,0.7967433,1
ed49dc861a4085c7,284,18,0,144,2,6,2,18.35,17.94,7.73,True,3,Critical Complexity,0.12206555615735175,6.3652054794520545,5.177816514891947,0.7966101,1
a402b81804ad44c5,73,167,7,85,0,10,0,20.2,12.64,11.63,True,3,Critical Complexity,0.010000000000218279,4.075754716981132,3.6307329287918715,0.79651165,1
5a6360355be19264,351,28,0,120,1,6,1,22.98,22.29,9.33,True,3,Critical Complexity,0.04472135955000596,5.963764705882353,5.970182375078293,0.7960889,1
f2df9f86e99f127d,166,17,0,231,9,6,4,22.16,17.11,7.54,True,3,Critical Complexity,0.05656854249487235,10.028450704225353,6.107035575070409,0.79580694,1
8235530dcad3d187,308,87,0,26,1,7,0,17.98,16.37,9.12,True,3,Critical Complexity,0.12165525060607803,2.9786178861788613,3.1167390518623246,0.7957775,1
8cadda239d7abd18,213,13,1,76,2,5,3,30.21,26.49,6.7,True,1,Critical Complexity,0.21095023109732436,10.694545454545455,6.718993472108521,0.795363,1
b6ecf3934652db04,260,36,0,332,0,4,1,17.48,16.39,10.59,True,3,Critical Complexity,0.0412310562562494,3.665964912280702,3.7036951011493406,0.7952741,1
e17b67751831dbf,268,7,0,213,3,14,5,31.32,17.65,6.31,True,1,Critical Complexity,1.6414932226487224,11.857532467532469,6.835375925371892,0.7951522,1
263e0208a59f4dc2,247,41,0,213,0,6,5,16.47,16.41,7.91,True,3,Critical Complexity,0.10770329614297212,2.741818181818182,3.140157547239884,0.7950945,1
58f0121c06c50bd4,149,32,0,337,3,15,18,26.08,13.9,7.88,True,3,Critical Complexity,0.6216912416948275,10.050384615384615,7.422885858441824,0.79452324,1
e6af3b571d284129,164,65,0,267,5,20,7,29.55,12.62,8.99,True,0,Standard Complexity,0.014142135623396534,5.276698113207546,6.103243140609152,0.79361564,1
1959b802f59c79ed,182,33,0,82,6,3,5,30.06,27.86,8.23,True,1,Critical Complexity,0.010000000000001563,6.312602739726027,6.775776966497533,0.7935692,1
80129e8949498257,151,67,0,225,0,10,1,19.32,12.85,10.26,True,3,Critical Complexity,0.049999999999272404,7.570392156862743,4.86179159294923,0.79341507,1
9170879921c307a8,156,27,2,372,16,12,9,27.0,13.93,7.16,True,3,Critical Complexity,0.01999999999998181,7.296021505376344,6.219263023757502,0.793312,1
bb879dab0c003747,131,95,3,83,2,4,0,16.69,10.91,11.24,True,2,Standard Complexity,0.03605551275463075,4.481450381679389,4.224784401588375,0.7932956,1
f3694a720d4dab25,269,13,2,408,0,6,23,28.46,8.76,7.35,True,0,Standard Complexity,0.5882176467941265,8.044637681159422,6.9379771056122985,0.7932207,1
be98f13bd6c760a7,193,23,0,395,13,9,15,26.22,14.35,10.98,True,3,Critical Complexity,0.041231056256139105,8.926131386861313,5.886229661878011,0.7930254,1
52a33579a267826,177,17,0,97,3,8,1,26.19,20.04,6.63,True,1,Critical Complexity,0.21954498400105554,10.002857142857145,5.830502831257878,0.7925713,1
924fe3195aa7134f,183,37,1,121,0,5,1,18.82,16.9,11.35,True,3,Critical Complexity,0.056568542494992935,8.133534482758622,5.258064291508665,0.79233086,1
78a7c64fff50673e,253,77,0,39,2,2,4,16.67,10.5,12.56,True,2,Standard Complexity,0.04999999999972715,3.0591836734693882,3.1683751947058485,0.79065543,1
c7b20302ee68c0bf,144,37,0,201,7,5,5,22.73,19.66,10.77,True,3,Critical Complexity,0.05656854249487235,7.493302752293578,5.807429132458229,0.7896957,1
872bfead3112648d,213,24,1,117,3,7,3,27.8,23.59,7.31,True,1,Critical Complexity,0.2299999999999045,7.428,5.758713663555735,0.7893507,1
6c167dca76b93f38,169,29,4,92,1,6,0,23.59,23.33,8.46,True,1,Critical Complexity,0.0640312423744478,8.042429906542054,5.266421729587553,0.7889892,1
d5244ed9994575b6,248,12,1,125,2,5,2,17.73,12.45,6.6,True,3,Critical Complexity,0.3178049716415525,7.4596825396825395,5.105863721611006,0.78879625,1
184727438f4e1a0b,281,30,9,95,0,6,0,20.94,20.75,11.98,True,3,Critical Complexity,0.036055512753913416,6.279243697478991,4.4525445769266705,0.78860855,1
57bdd8226895f768,213,42,0,223,9,17,7,16.42,15.5,9.43,True,3,Critical Complexity,0.04242640687147582,4.254305555555556,3.8777244280594694,0.78849006,1
53e25f2e51126fd4,170,4,0,67,0,5,0,35.26,22.04,6.32,True,1,Critical Complexity,0.9013878188659973,9.695116279069767,9.40595219073466,0.78832185,1
9a17dc9fd6fc9af9,94,25,0,63,13,14,0,25.41,24.52,7.94,True,1,Critical Complexity,0.050990195135613925,4.930952380952381,5.141574619623935,0.78825474,1
19ded6393ad65509,216,35,3,178,2,9,0,23.86,17.32,7.3,True,3,Critical Complexity,0.05999999999994543,8.589224137931035,6.28177730599995,0.78822404,1
859c4c1c1e537b51,171,21,0,288,2,10,5,24.6,15.07,8.38,True,3,Critical Complexity,0.15620499351807834,6.134927536231885,5.5617629941813105,0.7880369,1
4a9b09550564aac4,309,9,0,201,3,14,5,24.01,21.08,7.59,True,3,Critical Complexity,0.33421549934156075,11.548938053097345,6.634197987930812,0.7874735,1
fb09c41432b77913,141,20,1,475,9,10,20,23.27,21.94,8.92,True,3,Critical Complexity,0.3522782990761021,7.724255319148937,5.3284909622530225,0.78687966,1
ae573712da42bb4b,79,207,4,104,0,8,0,19.3,19.26,11.9,True,3,Critical Complexity,0.010000000000218279,4.3644769874476985,4.280313360846802,0.786641,1
7cfd1e594a06f8a0,165,13,0,191,9,17,0,25.22,24.31,7.78,True,1,Critical Complexity,0.10770329614269768,8.648863636363636,6.477648358326672,0.78652465,1
74db3260a4855bfc,147,17,0,83,0,9,0,27.25,25.61,7.63,True,1,Critical Complexity,0.4313930922025471,11.510985915492958,6.424346550851334,0.78629094,1
ca95bc07282f310b,129,38,0,134,5,5,4,24.31,23.23,9.41,True,1,Critical Complexity,0.10198039027187443,7.323853211009174,5.565233314966465,0.7861993,1
18e43c1289fb39dc,117,45,0,89,1,6,0,24.38,14.16,10.68,True,3,Critical Complexity,0.12041594578798338,7.333255813953488,6.336788204485984,0.7861374,1
af4e461a10b44af8,158,20,0,137,0,4,0,27.3,12.17,11.22,True,0,Standard Complexity,0.08246211251238851,9.613529411764706,5.790179083393052,0.78605855,1
139bee2d1886d3ea,261,22,3,153,2,6,2,34.77,25.49,9.74,True,1,Critical Complexity,0.009999999999990905,6.450833333333333,6.457757554979042,0.78592324,1
7e836c1ac7409a52,200,73,7,241,7,8,8,18.46,14.78,8.31,True,3,Critical Complexity,0.01999999999998181,6.470581395348837,5.160761020735434,0.78582543,1
c9eba806ab1fe48,169,57,2,123,1,16,0,17.49,16.65,11.4,True,3,Critical Complexity,0.08062257748288397,3.083888888888889,3.328393571294131,0.78578925,1
822ee2d2a6040b35,171,26,2,542,0,14,29,28.96,21.57,6.7,True,1,Critical Complexity,0.03999999999996362,10.624126984126987,6.693096095900193,0.78562474,1
c562a8e836e8a4db,249,23,0,478,4,13,10,31.68,16.68,9.12,True,1,Critical Complexity,0.03000000000020009,8.483962264150945,6.959263092528463,0.78534216,1
54a22be915d92d19,222,18,2,56,0,5,0,19.25,15.12,7.95,True,3,Critical Complexity,0.060827625303039014,6.805769230769231,6.319469411196897,0.7852084,1
172f97911ebd0678,156,22,1,146,4,4,2,18.95,16.73,16.5,True,3,Critical Complexity,0.16643316977052144,8.454942528735634,5.76585368136046,0.78505355,1
e4420323293bfba5,124,9,0,547,0,10,19,37.72,16.1,6.38,True,1,Critical Complexity,0.48846698967330715,12.072083333333333,10.271150933223382,0.78478855,1
f1165df6bb9bdf28,275,11,0,610,5,21,16,20.39,13.95,6.49,True,3,Critical Complexity,0.12649110640662012,7.379500000000001,6.682171908643675,0.7840172,1
fb4f733d4c94c1d8,209,16,0,543,29,6,10,24.43,20.5,12.59,True,3,Critical Complexity,0.18681541692210119,8.56215909090909,6.698503979665846,0.78400683,1
3df1214c0499e3fe,383,52,0,298,9,8,6,18.79,17.34,7.34,True,3,Critical Complexity,0.09219544457274638,3.770535714285714,3.3853607740022422,0.78388196,1
c40d638be9bf758d,356,29,0,122,1,6,1,26.41,13.67,6.78,True,3,Critical Complexity,0.028284271247436175,7.748880597014924,5.414925704820704,0.78363645,1
7515e89654b81f8,171,56,2,248,6,14,15,20.14,8.35,7.76,True,0,Standard Complexity,0.14000000000010004,5.372978723404255,5.376451972077677,0.7835447,1
57b4483b3ce43dd5,202,21,0,55,2,3,0,22.22,16.08,7.31,True,3,Critical Complexity,0.07071067811884768,7.292931034482759,7.298268100796642,0.7829038,1
6dceceb63dee98e0,208,17,3,243,9,25,5,28.85,27.44,6.39,True,1,Critical Complexity,0.15652475842497002,6.556615384615385,5.347549626316446,0.7816958,1
dbdabdee8d526eb3,157,21,0,367,2,11,5,30.57,21.59,8.75,True,1,Critical Complexity,0.11401754251040835,8.9925,5.764275937473269,0.78165805,1
3fc2ea988e0519d4,133,25,1,134,4,4,2,20.16,14.8,18.78,True,3,Critical Complexity,0.29832867780261824,7.72451219512195,5.405739306049934,0.7815104,1
4c7cfd0d41a81ea7,261,5,0,374,2,6,5,19.88,12.29,7.87,True,3,Critical Complexity,1.5472879499304748,9.873823529411766,6.675413190430671,0.78129107,1
93e531e61ab5b25b,187,29,4,366,10,12,10,17.66,17.22,6.88,True,3,Critical Complexity,0.03999999999996362,5.685280898876405,5.0633676873032,0.78127885,1
ed6388a1e6227216,250,15,1,687,5,16,12,29.65,11.68,6.67,True,0,Standard Complexity,0.3023243291566604,10.29880341880342,7.35906443356927,0.7811854,1
84942b82425a8676,90,109,0,62,10,11,0,19.86,18.32,9.34,True,3,Critical Complexity,0.03162277660237405,3.393688524590164,3.6209955158676856,0.7811814,1
7702d0ba8a177c26,126,26,3,183,6,5,4,18.88,14.37,7.34,True,3,Critical Complexity,0.1392838827718451,10.75741935483871,5.102915338624949,0.7807458,1
c7b60d95d9dc1351,341,22,0,229,4,13,7,29.38,23.83,11.27,True,1,Critical Complexity,0.0640312423744478,9.739107142857145,7.1677473988858385,0.78011775,1
82254884df46640e,100,103,0,94,14,5,0,18.12,17.93,7.83,True,3,Critical Complexity,0.05830951894894589,3.0662931034482757,3.284155412912022,0.77990377,1
67416c63374a1199,289,8,1,198,2,6,3,21.14,17.72,7.72,True,3,Critical Complexity,0.2906888370749625,8.681269841269842,6.751556785099551,0.77870655,1
ccaa04d1bcaf1473,212,38,0,121,4,10,0,18.37,9.81,7.55,True,2,Standard Complexity,0.06324555320341792,8.243727810650888,5.243212096194114,0.7785164,1
283b5ee9947fa533,139,20,0,501,0,17,17,34.39,27.97,6.77,True,1,Critical Complexity,0.041231056256194255,10.720272727272729,6.22634877087117,0.77832764,1
c4dd92bd1712a8fd,368,19,2,163,2,6,2,18.79,16.53,6.63,True,3,Critical Complexity,0.14317821063273653,7.210840336134455,5.354890418549713,0.7782873,1
dc8037f7207b320d,166,26,0,75,8,9,0,18.75,18.35,9.3,True,3,Critical Complexity,0.1118033988748878,5.024230769230769,4.7830720519805965,0.7780205,1
88a97aadf3269565,144,20,0,93,3,5,7,31.57,23.83,6.48,True,1,Critical Complexity,0.8319855767984617,5.280588235294118,7.016919862721934,0.7778938,1
cd8df026db5a5503,223,57,0,86,6,0,7,17.6,14.95,11.14,True,3,Critical Complexity,0.009999999999763531,4.791184210526315,4.596985845181963,0.77739745,1
3ea4ffcaa5afbd6f,149,84,0,71,1,5,3,18.13,17.81,7.74,True,3,Critical Complexity,0.06708203932483099,3.6201428571428567,3.44779722342796,0.7769961,1
f5c52ef4abb86edf,145,37,1,156,7,7,4,19.61,17.52,7.32,True,3,Critical Complexity,0.292745623365147,4.921170212765957,4.938192204402675,0.7756848,1
70044fb676e1b919,160,12,2,443,22,6,5,24.0,20.29,6.83,True,3,Critical Complexity,0.07071067812019821,9.535714285714286,6.884458957619441,0.7751759,1
21e237ccd0be0c7d,119,20,0,236,1,14,6,31.26,29.68,6.73,True,1,Critical Complexity,0.11999999999989086,9.381696428571429,6.402551094289467,0.7746366,1
20bbaa6005a4408,132,94,0,16,1,2,2,14.76,11.55,8.5,True,2,Standard Complexity,0.060827625302515696,2.959047619047619,3.103448319840835,0.7745923,1
ea3636f775497be8,80,27,0,4,0,0,3,19.05,18.52,9.33,True,3,Critical Complexity,0.19313207915844544,4.178974358974359,5.1473840978330525,0.7745612,1
9c1c49b5f69c6191,214,73,0,309,3,18,10,26.09,10.54,12.51,True,0,Standard Complexity,0.036055512754796286,7.350211267605634,6.021738725593271,0.77426183,1
f8d9db9a309a7113,124,30,1,230,0,8,4,16.49,16.17,7.91,True,3,Critical Complexity,0.15556349186105975,6.5796875,5.064633182901181,0.77385926,1
b7b9e7d6ae3f53d3,142,37,0,174,4,9,4,32.51,27.19,6.79,True,1,Critical Complexity,0.049999999999954525,6.570588235294117,6.8086748046264995,0.7737508,1
8421e5ce3669dbea,182,28,5,102,1,7,1,19.88,14.93,7.79,True,3,Critical Complexity,0.27892651361965054,6.62795918367347,4.918121833147382,0.7737145,1
6bad822c36ca7ff7,130,84,0,197,4,10,5,24.23,16.14,7.49,True,3,Critical Complexity,0.08062257748291217,3.711782178217822,4.247490440443931,0.7736378,1
6cfcb80a1e100542,235,15,0,395,3,11,7,28.59,16.87,8.87,True,1,Critical Complexity,0.11180339887539623,10.005514705882353,6.051335999772007,0.7734429,1
e46dc8399c676fe9,162,34,0,124,1,6,1,16.36,11.08,11.97,True,2,Standard Complexity,0.06324555320336399,7.170606060606062,5.28880441668465,0.7733035,1
84a02ad17350aafd,167,19,0,82,1,4,0,21.96,9.71,7.2,True,0,Standard Complexity,0.09000000000003183,7.676166666666666,6.210288799421667,0.7728679,1
71b032568ad0e17d,199,23,0,116,1,6,1,22.2,8.79,7.76,True,0,Standard Complexity,0.07280109889279363,9.683653846153847,5.808641284541954,0.7726098,1
97774fb61680fb78,160,36,1,193,4,7,7,30.3,15.15,7.07,True,1,Critical Complexity,0.0640312423737376,5.807619047619047,5.784676312928103,0.7725279,1
267812a83e14637a,255,5,0,612,11,9,10,24.45,12.63,6.32,True,3,Critical Complexity,2.063710250979875,9.710786516853934,5.704272245720864,0.7720615,1
5cbc566d280da3d2,205,24,0,290,0,11,9,16.53,14.94,8.01,True,3,Critical Complexity,0.6228964600958967,7.104285714285714,5.006490807350158,0.77190745,1
7137f84ebabbcd80,181,48,2,105,7,2,5,20.19,17.94,10.56,True,3,Critical Complexity,0.10049875621114013,4.701046511627907,4.786074040251248,0.7712313,1
b9396b3385cc629c,145,37,0,188,13,21,4,20.82,19.88,7.82,True,3,Critical Complexity,0.3860051813123427,4.8108955223880585,4.1702982216792535,0.7709735,1
a96eb9b1fc43197f,155,31,0,191,4,8,8,18.9,18.32,6.86,True,3,Critical Complexity,0.2102379604163331,5.448793103448275,5.316415073435848,0.7703058,1
1c67c0527299ca2c,147,24,0,142,11,6,2,34.41,17.88,8.86,True,1,Critical Complexity,0.02828427124711462,5.797636363636364,6.534281059051384,0.7697103,1
d7d6f40c1793e00a,148,41,3,257,14,20,9,31.28,24.79,8.84,True,1,Critical Complexity,0.0707106781186226,3.7386516853932585,4.389206933819642,0.76947343,1
ff70cef2a10b8900,180,15,0,470,3,13,15,22.48,17.78,6.32,True,3,Critical Complexity,0.25317977802329383,9.90234375,6.945205797479002,0.76925755,1
41851edaf87f4dd4,227,9,0,587,9,11,10,20.97,10.97,8.92,True,0,Standard Complexity,0.1414213562372452,10.474647887323947,6.807423005411682,0.7691856,1
9a8733a5a30659ca,239,5,0,343,4,11,4,21.19,15.46,6.5,True,3,Critical Complexity,0.30016662039607994,9.26862068965517,5.66885769117468,0.76908433,1
a9e807aa869d1f54,96,18,0,93,10,7,0,31.12,13.07,7.02,True,1,Critical Complexity,0.32649655434629965,5.796842105263157,6.336343418915809,0.76891184,1
8bd369ce3d9e76a1,185,38,0,336,1,8,15,22.77,11.93,8.42,True,3,Critical Complexity,0.10999999999967258,5.022745098039216,5.866973057428645,0.76888,1
5616eb27d85f26e4,131,21,1,204,4,13,1,21.17,16.46,6.68,True,3,Critical Complexity,0.07810249675934486,6.854027777777778,5.4632226599839155,0.768752,1
c81f97c0fa3c5f88,142,59,0,100,0,4,5,23.38,17.16,7.86,True,3,Critical Complexity,0.11704699910677899,3.695616438356164,4.549586760190084,0.7687037,1
297b4a34bf417a98,88,29,0,409,4,16,5,23.63,13.21,7.0,True,3,Critical Complexity,0.12649110640690775,7.235666666666668,6.463763961930816,0.7683819,1
cdc42b2d9c01a56a,197,23,0,224,3,6,10,20.6,10.43,6.34,True,0,Standard Complexity,0.27513632984377623,7.089076923076924,5.498054683410774,0.76831245,1
513ffd394ae6ca73,198,20,0,165,7,6,7,20.47,19.89,6.66,True,3,Critical Complexity,0.17262676501593976,4.565250000000001,5.385057561205822,0.7682557,1
edc66c10f23880c7,145,25,1,88,0,6,0,18.44,9.14,7.33,True,2,Standard Complexity,0.049999999999954525,6.35945205479452,5.310431680312148,0.7678577,1
da33141938ce0186,127,38,0,157,0,0,7,29.26,17.37,9.21,True,1,Critical Complexity,0.09899494936602662,5.429583333333333,5.688238581469859,0.76743335,1
d3011722b77db2a1,258,29,0,270,3,10,11,31.27,11.06,8.48,True,0,Standard Complexity,0.036055512754417915,7.06012048192771,7.849097790833188,0.7673988,1
fb20d77e62ecfd5c,109,42,0,71,0,11,0,30.6,24.76,10.96,True,1,Critical Complexity,0.01999999999998181,5.482777777777778,5.693888346830558,0.767388,1
b68ae8d3be50c0de,153,45,0,580,1,15,33,23.5,14.06,10.32,True,3,Critical Complexity,0.060827625303152326,6.737560975609755,5.100571200511294,0.7671261,1
8fd74902a8cad4a7,95,121,1,79,0,10,0,17.89,10.42,9.37,True,2,Standard Complexity,0.07810249675864617,3.5668243243243243,3.61733552030156,0.76669097,1
aba988d0b8c08609,157,26,1,94,1,6,0,19.86,18.96,6.82,True,3,Critical Complexity,0.03162277660194264,7.881518987341772,5.772094389564723,0.7662717,1
e6c90e3c8b7b9070,104,25,0,93,3,7,2,34.54,32.62,9.49,True,1,Critical Complexity,0.17117242768619412,7.856811594202899,6.344129202760206,0.7659254,1
ed6bb4e268144244,231,18,5,218,2,8,4,25.72,15.31,7.94,True,3,Critical Complexity,0.36069377593742213,7.3909589041095884,5.777795276624562,0.76564616,1
b00189ce76eb9058,146,17,4,530,24,8,7,20.3,5.3,9.5,True,0,Standard Complexity,0.08485281374267029,9.828545454545454,5.774551353901268,0.76560223,1
d7abb9bf3a48a81c,79,23,1,315,15,2,0,36.75,11.94,6.4,True,1,Critical Complexity,0.41725292089932076,8.610185185185186,8.676142360634866,0.7652689,1
340a4b8896f9077e,183,22,0,221,4,9,9,25.31,20.64,7.85,True,1,Critical Complexity,0.12041594578793145,8.635934065934064,5.2696470632744346,0.7644621,1
5f1e0cd70bdbdb8,177,79,0,52,4,8,2,22.3,21.17,6.98,True,3,Critical Complexity,0.02828427124679307,2.9781372549019602,3.466026071203033,0.76433444,1
718f7facd8f4acce,178,18,0,95,2,5,1,20.05,10.12,6.56,True,0,Standard Complexity,0.14866068747312344,9.126410256410256,5.695304853135714,0.76412475,1
c8f0a5034389e91b,143,48,0,223,12,15,10,25.41,24.41,8.0,True,1,Critical Complexity,0.28160255680631835,3.7228947368421053,4.044591195199843,0.7640709,1
e475080c19be5dba,166,15,0,80,0,9,0,19.61,19.27,7.01,True,3,Critical Complexity,0.47759815745041434,6.570625,6.328419828522889,0.7640344,1
cda59c414347b379,118,174,5,168,10,14,5,15.06,14.68,8.08,True,3,Critical Complexity,0.014142135623878865,3.0192647058823527,2.832574514626436,0.7638935,1
f982a113110d2669,111,7,0,221,1,14,2,28.52,15.92,6.65,True,1,Critical Complexity,0.8521150157103592,11.490370370370371,9.238692179965687,0.7631971,1
21a7a12150346e64,160,27,0,120,5,12,0,21.27,7.45,7.69,True,0,Standard Complexity,0.04472135954995512,6.982530120481928,5.565569898697304,0.76265925,1
8f87b51ab1364471,156,18,2,364,3,19,10,26.16,16.58,10.83,True,3,Critical Complexity,0.26019223662538027,10.487954545454546,6.564309518333161,0.76237965,1
7688b8991078c94f,135,19,1,547,29,13,12,28.56,12.88,9.79,True,0,Standard Complexity,0.06403124237431464,6.740937499999999,5.637861329537447,0.7622737,1
8617e8b85844d9cd,95,23,0,165,9,0,1,21.15,20.81,9.97,True,3,Critical Complexity,0.13038404810395182,5.784594594594596,5.204761123160214,0.7621725,1
bcf4555a519a1797,145,15,3,62,5,0,2,21.26,8.06,7.18,True,0,Standard Complexity,0.07211102550946645,10.046842105263158,6.768264375693356,0.7621616,1
86a692109b14caec,246,15,0,129,0,6,1,33.42,15.13,10.9,True,1,Critical Complexity,0.029999999999972715,8.973300970873787,6.451112553758554,0.76205605,1
3159c09348c9393,112,30,1,143,4,5,3,21.26,13.92,7.4,True,3,Critical Complexity,0.08485281374198697,10.301666666666668,6.7971177073068345,0.7619787,1
a8dbe5e634067be0,156,29,0,272,5,5,9,22.69,16.83,8.91,True,3,Critical Complexity,0.07280109889253596,9.525514018691588,6.7074403148225095,0.76191086,1
aa244305f6695d02,149,37,0,169,1,7,7,20.08,16.39,7.28,True,3,Critical Complexity,0.03999999999996362,7.529895833333335,5.412040876368418,0.7617824,1
de09c264d1a6862e,119,22,2,191,2,7,1,26.63,11.12,7.92,True,0,Standard Complexity,0.20223748416238352,9.675042735042735,5.545838298586712,0.7617207,1
7984c538bea7740a,163,22,0,411,3,10,8,19.95,13.33,9.46,True,3,Critical Complexity,0.06082762530341281,9.571596638655462,6.238827995839393,0.76163965,1
db6e80ecaa9c87e7,136,17,0,74,4,3,4,24.13,15.64,7.75,True,3,Critical Complexity,0.09848857801794289,8.70457627118644,6.568342494536855,0.7615621,1
a44ff134c81bdc56,272,78,3,45,10,6,0,14.64,13.97,11.75,True,3,Critical Complexity,0.15033296378374927,2.925247524752475,2.877448193634132,0.76151276,1
e0a01a2a0067477b,162,23,0,592,12,16,15,18.45,17.08,9.41,True,3,Critical Complexity,0.3661966684716594,7.088730158730159,4.913401980545026,0.76148677,1
208d63284e610341,158,20,3,176,1,5,3,18.33,14.19,6.93,True,3,Critical Complexity,0.8285529554591585,7.317142857142857,5.945918682557964,0.7613954,1
79786346217964e,243,14,2,773,5,16,12,28.69,27.02,7.16,True,1,Critical Complexity,0.09433981132060075,10.593804347826087,6.935568664561736,0.7608929,1
ab50741522f8c495,101,15,1,559,0,18,19,23.78,18.52,12.57,True,3,Critical Complexity,0.23430749027684097,9.882786885245904,6.699498667602304,0.7608092,1
f3d4bfa64f945e06,230,50,10,323,0,6,15,18.42,18.08,11.22,True,3,Critical Complexity,0.08062257748302498,4.824117647058824,4.621096965291873,0.76058173,1
425599f5e71e5cef,75,21,0,94,0,10,0,24.8,17.79,9.45,True,3,Critical Complexity,0.36069377593742213,8.69888888888889,6.888636285691328,0.76051587,1
81e334c023befa06,115,53,2,82,0,8,0,18.57,16.58,7.78,True,3,Critical Complexity,0.039999999999054126,5.745777777777778,5.084982022862962,0.76009643,1
64b29e53ea204b1e,148,4,0,244,3,9,4,26.1,22.54,6.29,True,1,Critical Complexity,0.10630145812710008,11.570285714285715,9.984683265801042,0.7599685,1
f5711da18fcb2b05,126,12,1,559,23,8,7,20.04,18.8,6.94,True,3,Critical Complexity,0.14035668847558455,9.719642857142857,6.797757761698683,0.75982946,1
d0ba7688f84fffbb,141,70,3,136,1,9,4,19.07,18.78,7.87,True,3,Critical Complexity,0.05656854249487235,3.0988297872340427,3.3844465452768087,0.7597543,1
576d59262068b2f,256,4,0,530,3,12,22,22.17,18.52,18.82,True,3,Critical Complexity,0.8256512580981926,10.033999999999999,7.561003372569013,0.7596736,1
900d073a415dccfb,91,28,0,67,7,5,4,31.8,24.46,9.29,True,1,Critical Complexity,0.2061552812813242,4.58225,5.537258566971567,0.7596435,1
5003833682c0e56c,145,21,0,185,2,10,11,19.11,17.37,6.47,True,3,Critical Complexity,0.10630145812774178,8.633086419753086,5.842131701672954,0.7592706,1
4d63e627a4c388d1,231,38,1,527,0,14,26,20.03,9.24,7.42,True,0,Standard Complexity,0.02999999999974534,7.382574257425742,6.559985458427699,0.75910383,1
8b39b7ae14b7606b,144,101,0,147,3,9,20,19.33,18.95,9.33,True,3,Critical Complexity,0.022360679774672505,2.834214876033058,3.316837274806724,0.75902563,1
ff82cbcd6e4692a1,154,56,7,120,8,8,3,21.32,19.87,6.83,True,3,Critical Complexity,0.036055512754670165,3.91712643678161,3.947045427240912,0.7586866,1
29bfd5fe18c8e36b,252,7,1,156,1,6,3,19.44,19.38,6.86,True,3,Critical Complexity,1.1531695452100137,7.188297872340426,5.637578822074406,0.75848573,1
73f44d96eba70250,134,58,0,221,2,4,0,31.82,10.82,9.5,True,0,Standard Complexity,0.04242640687179738,3.5714999999999995,4.449562927973938,0.75847703,1
be8a7e3e97863ea,139,20,0,278,2,10,5,33.9,14.32,9.1,True,1,Critical Complexity,0.11704699910633219,7.434235294117645,5.451005601013792,0.757745,1
b79736e6d95a4ec8,112,19,0,179,6,4,7,37.31,12.39,7.32,True,1,Critical Complexity,0.08062257748271476,11.304375,9.72858436649658,0.757448,1
c857a8e2f6523b2b,137,118,0,366,8,11,0,26.2,11.94,7.24,True,0,Standard Complexity,0.010000000000005116,4.1246715328467145,4.947036427767313,0.7574426,1
dfb41492f9f78d41,133,34,0,291,6,13,4,31.5,22.03,7.86,True,1,Critical Complexity,0.036055512754627796,6.6447761194029855,6.3048475446927155,0.757259,1
e1175ffea948725f,145,24,0,325,2,9,9,22.54,20.63,7.91,True,3,Critical Complexity,0.18439088914524612,7.914545454545455,5.752521958610633,0.7570508,1
9f8aee97a3c9d9a3,207,24,0,259,3,9,0,22.04,16.95,7.05,True,3,Critical Complexity,0.7849203781274267,4.980895522388061,4.99843848194025,0.7559587,1
a873811fc7be2520,51,0,0,168,7,4,8,33.34,11.75,6.3,True,1,Critical Complexity,0.37643060449420707,19.6125,7.703884977723902,0.7559346,1
f51a745a7679352e,135,102,0,155,5,4,0,19.48,15.84,10.26,True,3,Critical Complexity,0.009999999999990905,4.4938518518518515,4.559363338463628,0.75573194,1
babf2b44702c542c,101,45,2,80,1,5,0,22.02,14.64,12.01,True,3,Critical Complexity,0.04123105625597367,7.87020618556701,6.3360290304743145,0.75553966,1
912a6c933ee35b4a,198,24,1,227,3,9,4,29.28,17.51,7.23,True,1,Critical Complexity,0.014142135623718088,9.363461538461538,5.748225373176352,0.75549906,1
afbee43fc1fa8813,202,21,1,483,11,14,20,18.73,7.49,7.62,True,2,Standard Complexity,0.08602325267044054,6.75082191780822,4.76903819987305,0.7548418,1
d258777dd48a72d0,128,24,1,116,0,4,0,31.47,18.34,9.22,True,1,Critical Complexity,0.07280109889284829,8.40709677419355,7.16308241162951,0.7542848,1
1dd56929ec66eab8,101,5,0,252,6,4,10,32.77,18.01,7.92,True,1,Critical Complexity,0.4201190307520347,17.212888888888887,9.279371535764986,0.753996,1
833ff9e56aa1634a,180,25,14,205,1,7,3,18.52,7.46,6.55,True,2,Standard Complexity,0.10770329614259212,6.377272727272728,4.993302725395089,0.7533473,1
fcf9224c82b876c6,324,13,0,392,5,15,7,21.16,17.71,6.87,True,3,Critical Complexity,0.5940538696111771,8.277402597402597,6.267650277954769,0.75285804,1
911f30916b20f954,212,15,0,599,3,19,17,23.14,20.62,9.42,True,3,Critical Complexity,0.5755866572460281,10.530919540229887,6.434456390364553,0.75272155,1
413bed4ec23ad808,144,11,0,98,1,5,3,32.81,19.85,6.72,True,1,Critical Complexity,0.2692582403573839,8.81936170212766,9.31818090279732,0.75240535,1
b06b294448c66153,145,20,0,229,2,11,7,26.86,17.38,9.42,True,1,Critical Complexity,0.11180339887564027,7.3497938144329895,5.3652255608047135,0.7521125,1
62a038cd0a185f0a,258,5,0,108,6,4,3,34.77,19.46,9.44,True,1,Critical Complexity,0.07211102550921421,8.896976744186048,6.390538804260678,0.7517511,1
9d4dd6899c54fa75,133,13,0,62,9,10,0,17.83,16.68,6.56,True,3,Critical Complexity,1.8660117898881992,5.4437037037037035,5.119478523898009,0.75153744,1
7a8f9106d1033952,165,10,0,140,3,9,4,36.78,19.85,11.05,True,1,Critical Complexity,1.0084641788383129,7.5987878787878795,9.359241991313947,0.7514378,1
3537a34223dcc7ff,152,20,0,138,6,4,8,21.65,10.14,9.59,True,0,Standard Complexity,0.3769615364998747,5.475476190476191,5.468090204772444,0.75139374,1
1eba693d7845f27e,91,8,0,59,9,13,0,21.54,20.5,6.38,True,3,Critical Complexity,0.050990195136149025,8.633076923076922,6.086207675217607,0.7513355,1
91d44a8b142d5f16,110,21,0,81,1,4,3,19.82,6.53,6.37,True,2,Standard Complexity,0.22472205054156003,7.096595744680852,5.055945005674748,0.75132877,1
b0a79caa468d3865,145,16,0,859,44,11,21,22.16,13.3,7.0,True,3,Critical Complexity,0.12529964086190154,10.314523809523807,6.79912413910475,0.75116605,1
db4a3455ba6d3f4c,126,24,0,360,1,10,12,31.11,17.39,6.8,True,1,Critical Complexity,0.07810249675855882,10.947474747474748,7.04877170235982,0.7510362,1
69e122694c4fb51e,143,32,0,485,5,11,9,21.36,10.7,7.87,True,0,Standard Complexity,0.06403124237572615,9.800161290322581,6.3805733365441135,0.7503627,1
e16e028e8921e6ad,159,76,0,57,2,4,4,25.0,19.61,9.48,True,3,Critical Complexity,0.014142135623396534,3.017578125,3.4886805228870537,0.75025374,1
d45e0c2db7495d1c,145,24,0,132,2,5,7,21.48,13.08,7.06,True,3,Critical Complexity,0.09433981132051036,8.71921875,7.426346112130005,0.74988127,1
31ac3b354ff899ce,137,21,0,200,5,7,7,18.0,17.82,8.04,True,3,Critical Complexity,0.46840153714528876,7.086590909090907,5.726726394396802,0.7498086,1
e566aa595459a9f5,135,21,0,58,0,4,0,24.69,8.69,9.41,True,0,Standard Complexity,0.12206555615746817,4.867027027027026,5.312891443061493,0.74977416,1
156ec9495f206364,186,17,0,84,1,5,0,29.12,22.38,11.41,True,1,Critical Complexity,0.02828427124711462,9.777525773195876,5.774123761957991,0.7496798,1
7501ebf9b9b9ffd6,324,9,2,278,4,15,8,26.84,18.74,6.64,True,1,Critical Complexity,0.10198039027229805,10.065809523809525,6.975054023474334,0.7495409,1
f80551f56312deb5,182,57,7,248,1,7,9,30.91,26.32,7.71,True,1,Critical Complexity,0.009999999999990905,6.367480916030535,6.301328630469751,0.7494688,1
5088263703d048f8,111,9,0,287,8,21,9,33.55,20.48,12.93,True,1,Critical Complexity,0.1769180601308327,16.376268656716416,10.049784706362692,0.749307,1
5963151a7b6d65bb,171,39,6,175,3,25,4,18.02,14.42,7.48,True,3,Critical Complexity,0.08544003745311757,4.03939393939394,3.8519128969933725,0.7491332,1
5735a3dbbb8f1e9c,148,30,0,354,10,15,0,17.79,17.08,9.1,True,3,Critical Complexity,0.014142135624039643,5.545384615384616,4.583761665479256,0.7488112,1
b63a1cf9e429a4d6,191,35,3,444,15,11,11,23.64,14.95,7.51,True,3,Critical Complexity,0.03162277660187074,5.742105263157896,5.097605608154488,0.7487805,1
8ea6155407ace44f,298,14,0,537,32,2,9,36.22,22.59,6.87,True,1,Critical Complexity,0.5092150822593927,8.724819277108434,7.834456387972945,0.74872375,1
23acc296000789b5,123,34,0,104,0,6,3,30.42,13.8,6.55,True,1,Critical Complexity,0.0806225774833916,6.175844155844156,5.7897913630510605,0.74869096,1
e76576dd1cacb75f,189,18,0,402,5,11,8,21.28,19.27,6.82,True,3,Critical Complexity,0.35227829907552116,9.45939024390244,7.020839944809776,0.7485542,1
4bc69eeedfa887f,253,10,0,308,5,15,11,14.24,6.27,7.69,True,2,Standard Complexity,0.757165767847569,7.114307692307692,4.7977706262647155,0.7483785,1
e8b49117769d2427,291,92,0,80,1,2,5,16.43,12.86,7.53,True,3,Critical Complexity,0.049999999998544806,2.923916666666666,2.7466616997831306,0.7481141,1
8f0026b50c97325a,89,22,0,95,0,4,0,27.04,25.67,8.48,True,1,Critical Complexity,0.041231056256139105,9.019390243902437,6.591495508822839,0.74797404,1
d24268219208ed24,165,53,0,113,5,6,1,16.87,2.63,6.97,True,2,Standard Complexity,0.09999999999994316,3.561688311688312,4.203957752638255,0.74791366,1
1c21d9be6541bfeb,195,2,0,653,10,18,3,33.14,14.21,18.83,True,1,Critical Complexity,0.04242640687101359,14.69082191780822,6.82855582586222,0.74709463,1
c7c81fcf176f706d,233,3,0,447,0,14,14,34.01,20.65,9.44,True,1,Critical Complexity,0.38183766184070994,12.228767123287671,6.924775837369989,0.746901,1
9ef668c6de74ef9e,236,19,1,449,4,12,10,23.01,16.95,10.41,True,3,Critical Complexity,0.1897366596099302,9.231868131868133,7.159248212740062,0.74653,1
168f604179e1b642,134,46,0,268,1,11,7,33.7,6.94,6.88,True,0,Standard Complexity,0.07280109889439428,6.302448979591835,6.111164767769357,0.7459181,1
e0fd6a0dc5bc0389,168,17,1,120,4,13,0,23.48,20.52,7.2,True,3,Critical Complexity,0.28425340807092336,7.924761904761904,5.757657318775886,0.74589616,1
888a425e6d5ee31a,389,10,0,343,0,15,8,31.03,26.22,7.72,True,1,Critical Complexity,0.14142135623679503,11.57376,7.997542588970688,0.7458736,1
166046cbd821102d,128,30,1,157,7,6,7,27.37,12.24,6.52,True,0,Standard Complexity,0.08062257748271476,6.137058823529411,6.704832115901347,0.745773,1
8031a93600b53f90,143,18,0,186,4,14,0,20.45,4.3,6.42,True,0,Standard Complexity,0.6264982043064229,7.643999999999999,5.8083984515035265,0.74531007,1
424edebbaa3206e3,138,7,0,207,6,23,5,32.43,22.52,6.56,True,1,Critical Complexity,1.1500434774395194,13.7245,9.268008132819048,0.7451941,1
d4ec203b4143c574,141,36,1,505,7,14,10,25.1,23.44,7.27,True,1,Critical Complexity,0.05830951894816601,6.989545454545455,5.811821659816278,0.74492776,1
3f22863913b354e4,127,20,2,86,0,6,0,23.24,12.57,9.46,True,3,Critical Complexity,0.0360555127546544,8.02358024691358,5.854660970804937,0.7447038,1
87bbd6b1bbe138bb,174,19,1,417,2,11,12,27.68,19.62,10.72,True,1,Critical Complexity,0.1910497317459356,12.163684210526315,7.4555923627317755,0.74454993,1
49a5c759bcc22129,204,15,0,91,2,4,0,20.62,15.47,9.46,True,3,Critical Complexity,0.049999999999954525,8.036436781609197,5.27052048227207,0.74412096,1
90c9e9c9d73e6dfe,122,43,25,72,0,6,0,25.37,15.72,9.36,True,3,Critical Complexity,0.01414213562355731,6.224963503649635,4.959887584681997,0.7438358,1
33738987406a1891,194,18,1,551,3,14,9,22.6,11.77,9.85,True,3,Critical Complexity,0.4936598018895368,8.476197183098591,6.555358708118477,0.7436682,1
6cf15f8b3afd1d23,102,21,7,172,1,6,3,16.89,7.14,6.64,True,2,Standard Complexity,0.2807133769523355,7.079506172839506,5.052800446161251,0.7434264,1
cc82289bcd1e5b2b,470,3,0,146,7,10,5,22.02,15.21,7.21,True,3,Critical Complexity,0.18601075237816703,6.972755102040815,5.795682907871721,0.74334455,1
5915ffa29915c557,110,15,9,82,0,6,0,22.52,21.39,7.99,True,3,Critical Complexity,0.3546829570194052,6.866753246753248,5.3250128812864,0.7433248,1
5624973c33d9f055,149,27,2,331,0,7,9,20.84,19.62,6.78,True,3,Critical Complexity,0.19849433241277192,6.022264150943396,5.825316135727544,0.74315184,1
d3217189d6adfa84,119,17,1,243,9,15,7,23.59,3.11,6.46,True,0,Standard Complexity,0.29154759474225334,7.577407407407407,5.878517130096163,0.7429803,1
75e906deb7cf6378,181,24,2,246,1,9,7,35.27,10.39,12.57,True,0,Standard Complexity,0.25999999999976353,10.774727272727272,8.177968375079573,0.74267304,1
8f7d934b83b3c722,129,52,0,153,7,4,3,21.52,9.66,9.78,True,0,Standard Complexity,0.08062257748294037,4.3331395348837205,4.7355619645470695,0.7426208,1
e8baf5d58041a6ba,280,12,0,166,1,8,3,20.44,20.04,6.5,True,3,Critical Complexity,0.07071067811867084,6.748275862068965,5.0288615760911854,0.74258673,1
38e8c9bf5f505758,133,25,0,333,1,7,9,23.28,21.35,7.25,True,3,Critical Complexity,0.27892651361960774,7.037884615384616,5.536987981724659,0.74240416,1
1717ab905a6071e2,320,39,2,154,1,6,2,18.14,6.48,7.37,True,2,Standard Complexity,0.08544003745320405,5.196548672566372,4.819275230992287,0.74226505,1
dd7d71e19f409979,119,20,0,616,3,15,7,24.97,12.52,9.08,True,0,Standard Complexity,0.23706539182268527,9.093375,6.0497284946826335,0.7417061,1
cbae291a8f41fe8a,162,24,2,281,2,6,7,36.15,13.0,7.81,True,1,Critical Complexity,0.06082762530333805,9.962753623188407,6.513003466657282,0.74163043,1
1dea9aa1ee58ed9b,255,128,0,129,12,7,0,17.08,16.38,7.85,True,3,Critical Complexity,0.031622776601753895,2.6855625,2.5659196077807565,0.7415858,1
2f81803dd28e4db8,184,16,1,291,2,5,2,18.45,15.19,8.72,True,3,Critical Complexity,0.2641968962724717,7.80328125,5.725125559400286,0.7415247,1
1115cd45783a9529,194,16,0,469,7,16,15,24.35,19.65,6.7,True,3,Critical Complexity,0.3769615364995791,8.410000000000002,6.8443473691135015,0.74124044,1
8dc23608ac4ffda9,69,24,0,244,10,6,4,26.97,23.99,8.77,True,1,Critical Complexity,0.15000000000009095,11.647619047619049,7.7519965097142105,0.74104,1
6ca9bf84a22443b1,113,10,1,230,9,12,5,24.03,9.33,6.32,True,0,Standard Complexity,0.12806248474866477,10.627536231884058,6.50703730660558,0.7408551,1
eaa7e77d189d0789,170,13,0,57,0,4,3,19.74,7.64,7.26,True,2,Standard Complexity,0.2282542442111846,7.240857142857142,5.653730940805409,0.7407616,1
54e62e8fe2499d15,280,19,0,475,2,6,14,23.64,12.11,10.87,True,0,Standard Complexity,0.07071067811826888,8.503255813953487,6.398017033254526,0.7405968,1
d9ba4a16d6fbe108,164,41,0,340,5,5,10,22.59,21.97,7.91,True,3,Critical Complexity,0.05385164807066273,5.667608695652174,5.909511928931631,0.7402402,1
da6e38fcf300cb4c,201,51,0,147,7,6,4,21.55,10.05,9.75,True,0,Standard Complexity,0.2973213749464209,2.904533333333333,3.612830208514587,0.7401318,1
4cec34fe536a7e1f,140,20,0,135,4,4,2,18.96,13.81,6.39,True,3,Critical Complexity,0.04242640687147582,8.321447368421053,5.525129601706277,0.7400321,1
16687a9152f95168,90,19,0,244,10,10,1,20.45,12.89,6.7,True,3,Critical Complexity,0.04123105625707659,8.977162162162161,6.217895820385132,0.73972714,1
28ebedea3f174f6,221,84,3,320,4,6,19,19.68,12.3,9.39,True,3,Critical Complexity,0.010000000000218279,6.128936170212766,5.361475490538222,0.73892844,1
fb3a967e6549705f,112,33,0,181,7,21,6,35.37,22.86,8.09,True,1,Critical Complexity,0.05099019513594836,8.858271604938272,8.043490856636728,0.7387366,1
b3c1419fc3dba983,222,18,0,274,2,15,12,22.82,16.04,6.47,True,3,Critical Complexity,0.08062257748310958,8.081216216216218,5.790228243809799,0.7380488,1
e50185d260d0bcc5,165,18,0,600,8,20,17,20.4,13.31,9.65,True,3,Critical Complexity,0.20124611797530648,5.555416666666666,5.8701178148076565,0.7380179,1
156b48040baff1e9,86,21,1,110,2,4,2,32.77,21.89,11.98,True,1,Critical Complexity,0.6103277807866981,7.792340425531917,7.051492738531131,0.73773897,1
1f3e59bfc62382e2,89,19,0,464,0,14,22,31.55,29.37,8.07,True,1,Critical Complexity,0.13453624047042884,10.672535211267602,6.934965442262844,0.7376241,1
ca0b9e77199734af,174,15,0,569,8,20,20,25.09,11.41,15.29,True,0,Standard Complexity,0.2118962010047615,9.087547169811321,6.739437551600723,0.7372222,1
23c1057d5148d3ad,239,7,0,519,4,14,22,24.83,22.58,12.56,True,1,Critical Complexity,2.622918222132796,10.785538461538462,8.519644274041788,0.7369117,1
934802635bd685a7,191,14,0,92,2,4,0,21.23,18.15,7.5,True,3,Critical Complexity,0.46486557196680556,7.823484848484849,5.749683915534689,0.7367475,1
fd3cb9c4efed5b73,79,20,1,89,11,13,1,28.56,27.58,6.34,True,1,Critical Complexity,0.13928388277200834,5.137941176470588,5.989509348171511,0.7364356,1
6904941fdbd26632,171,33,2,197,0,6,7,23.62,16.7,7.76,True,3,Critical Complexity,0.014142135623718088,6.897894736842104,6.464117214078091,0.73638606,1
86784d7f0a1bf306,181,14,0,99,0,7,0,20.54,11.91,9.73,True,3,Critical Complexity,0.04242640687115427,9.69639344262295,6.068866811011184,0.7358612,1
5624a9ea219b8830,96,29,0,520,10,13,16,28.8,8.67,6.64,True,0,Standard Complexity,0.21470910553563302,9.100555555555555,8.02672288340102,0.73578143,1
47ddeca33549081e,163,17,3,631,5,15,11,31.11,22.88,6.97,True,1,Critical Complexity,0.5060632371548519,9.363333333333333,6.816221217403952,0.7351316,1
c3cf1f4f8a32ae7d,230,9,0,368,5,18,4,18.56,16.33,8.42,True,3,Critical Complexity,0.036055512754607104,9.166582278481014,5.584391422499496,0.73505783,1
2669c4cc2827a9c3,176,0,0,142,3,7,5,27.54,16.12,6.78,True,1,Critical Complexity,2.608466982731425,8.865,9.350232617427226,0.73489684,1
6c94b47f2fda26ad,189,10,0,79,1,4,0,24.38,24.3,6.91,True,1,Critical Complexity,0.21213203435577938,8.713506493506493,5.183516523428776,0.7346998,1
c10ed53ec0696faf,126,44,0,81,10,2,0,21.29,21.09,7.15,True,3,Critical Complexity,0.2,3.2361403508771924,3.5715310758714764,0.7345854,1
6e27caf3840d6c6,115,24,0,233,6,7,7,30.24,13.76,7.28,True,1,Critical Complexity,0.3780211634295932,9.609047619047617,8.407522654635466,0.73455733,1
4187dbd60517a84d,165,12,0,294,0,10,5,27.08,13.71,7.46,True,3,Critical Complexity,0.3275667870828375,7.689649122807019,6.792140443682666,0.73406446,1
1b7f0d16f9cf82a8,171,39,1,155,4,8,5,15.84,6.17,8.93,True,2,Standard Complexity,0.3023243291566604,4.450144927536232,4.094952174608312,0.73356247,1
47b098eff90a1690,163,0,0,273,5,1,5,26.17,14.8,6.35,True,3,Critical Complexity,0.2640075756491196,12.755128205128207,9.310946651531518,0.7332098,1
622dfd831b035172,209,11,2,103,2,8,0,24.74,15.54,7.67,True,3,Critical Complexity,0.11401754250986992,10.024862385321104,5.178362288430244,0.73316866,1
22928fc5d44a25e5,194,16,0,136,2,6,1,35.84,9.08,8.13,True,0,Standard Complexity,0.09433981132035973,8.409590163934427,5.381234454868502,0.7330483,1
62c15dd2d5583038,238,9,0,292,2,15,14,25.44,12.61,7.17,True,0,Standard Complexity,0.0806225774833916,10.811868131868131,6.340293076057534,0.7327697,1
8648563c81ea5123,197,53,0,226,5,5,5,21.54,20.27,9.21,True,3,Critical Complexity,0.0360555127543785,2.8478873239436617,3.425789069377665,0.7323442,1
b307a7edfcac94db,220,10,2,586,0,10,25,29.18,16.68,12.56,True,1,Critical Complexity,0.7308214556233134,10.682038834951454,6.672680770026843,0.73219466,1
36dda70b1db334dc,396,5,0,646,6,9,17,25.7,16.46,7.15,True,3,Critical Complexity,0.17999999999847205,10.15325581395349,6.970801635836952,0.731985,1
2829b7e1d13f5137,127,92,0,65,3,8,0,16.6,13.22,11.18,True,3,Critical Complexity,0.07280109889295759,3.7483333333333335,3.4081217982811576,0.73190784,1
31546dd737873fad,296,5,0,519,6,5,12,30.13,13.47,6.73,True,1,Critical Complexity,0.19235384061684585,14.268333333333334,8.841816209856937,0.7316606,1
143adb9502e9a1f7,134,24,0,146,4,0,5,31.28,28.84,7.85,True,1,Critical Complexity,0.12165525060592851,6.1015999999999995,7.750683933692561,0.73163915,1
269013396034f6d3,165,16,2,416,2,15,7,28.49,18.18,9.75,True,1,Critical Complexity,0.10440306508920655,9.986617647058821,7.240960005067195,0.73140746,1
9b7f4df8242bf2a3,127,17,3,378,4,15,5,37.31,25.24,8.9,True,1,Critical Complexity,0.041231056256194255,9.50554347826087,6.477849274749338,0.73089683,1
9d61d879025ddd35,125,1,0,96,13,0,0,25.53,25.09,6.29,True,1,Critical Complexity,0.14764823060149135,7.494285714285714,6.44652477173966,0.73081726,1
f2f09ca43a0f278d,117,4,0,508,2,15,27,27.58,24.98,6.37,True,1,Critical Complexity,0.3264965543460907,13.057037037037036,10.217703886017247,0.7307367,1
e4a6ad2535822834,177,84,0,58,2,0,4,13.9,11.59,12.61,True,2,Standard Complexity,0.036055512753661166,4.028118811881188,3.417380072532343,0.73072463,1
b1f111ac807e3dc4,206,16,0,339,12,10,9,25.13,20.17,6.34,True,1,Critical Complexity,0.029999999999972715,10.191782178217823,6.534647398737058,0.7306284,1
e97e065db0f5bb21,175,8,0,584,9,13,11,21.46,19.9,7.71,True,3,Critical Complexity,0.11661903789718989,11.335483870967742,6.286355854321262,0.73046166,1
c78a4dcc97f7f21a,141,20,0,306,0,5,7,25.1,9.37,7.56,True,0,Standard Complexity,0.1627882059616731,7.406153846153845,5.394963416191591,0.73031116,1
3dc334fe31ccc020,159,9,3,75,1,4,0,23.76,12.11,7.57,True,0,Standard Complexity,0.2563201123595456,10.01301204819277,5.6698166679397675,0.7302796,1
94022355af9710bf,290,9,3,120,2,6,2,26.04,16.3,10.3,True,3,Critical Complexity,0.10049875621120234,7.359397590361446,5.060205088799967,0.73027784,1
dbfab513bb377b93,125,18,0,188,3,18,9,27.6,17.31,12.61,True,1,Critical Complexity,0.19209372712305933,10.17590909090909,6.29691945542415,0.73012656,1
c21a7aaf3cae7e2b,225,16,0,202,2,11,10,25.57,16.72,6.39,True,3,Critical Complexity,0.21377558326434842,5.877424242424243,5.4536280141744236,0.73009527,1
2c0f7b9812544b1c,153,15,1,162,7,12,3,21.93,5.43,6.72,True,0,Standard Complexity,0.07211102550946645,7.467708333333334,6.857563111747294,0.7300412,1
e59fd2a2237337f2,73,120,0,173,4,15,2,16.62,12.96,9.33,True,3,Critical Complexity,0.022360679775485982,4.428478260869566,4.055026028289722,0.72970843,1
a7ec124caa56fbda,105,283,4,223,5,16,5,24.01,21.63,10.79,True,3,Critical Complexity,0.009999999999763531,2.736156156156156,2.97607167962768,0.72958654,1
1ed5fd909ec18ca,151,48,0,197,1,4,8,30.9,15.74,11.2,True,1,Critical Complexity,0.020000000000038654,7.829652173913043,6.700595032686313,0.72951216,1
c27d6b7919c9c750,118,20,0,193,4,4,8,22.77,17.16,6.87,True,3,Critical Complexity,0.0999999999996362,8.495208333333332,6.287820233588946,0.72903085,1
d396f7f3af38d82c,149,14,1,68,0,6,0,23.76,17.86,7.2,True,3,Critical Complexity,0.09999999999995453,6.401449275362319,5.528025114606198,0.72817177,1
5377f3ee08c8f516,146,21,0,284,3,5,7,28.57,15.29,6.55,True,1,Critical Complexity,0.48846698967330715,8.254117647058823,8.366616946138627,0.72800237,1
ad6d5a9a66c32434,121,52,0,107,1,10,2,20.89,13.96,11.49,True,3,Critical Complexity,0.23259406699327054,5.174148936170213,4.990982594080424,0.7279481,1
3c21f5586db81bec,170,47,0,48,5,5,0,18.14,15.04,6.56,True,3,Critical Complexity,0.21260291625420016,3.8017142857142856,4.011539772573466,0.72772944,1
f605ada72bd87408,123,22,0,225,3,13,0,22.27,12.1,8.49,True,3,Critical Complexity,0.05999999999949068,7.968627450980391,5.125420506749778,0.7269862,1
4b2c97aec9427521,156,34,0,405,1,10,22,24.44,6.98,8.17,True,0,Standard Complexity,0.036055512754882994,6.356800000000001,6.823439633107826,0.72689474,1
1e2803b250237c64,126,1,0,330,9,10,11,37.44,20.61,6.32,True,1,Critical Complexity,0.10999999999989996,18.176136363636367,8.056805766755403,0.72654146,1
e8522a57e09b6e06,149,19,0,313,3,21,8,22.42,10.16,9.57,True,0,Standard Complexity,0.050990195136951674,8.034888888888888,6.9374079764778696,0.72633106,1
c9d73dcd10ddba8b,158,14,0,251,6,8,1,25.37,14.68,12.07,True,3,Critical Complexity,0.1603121954189093,9.481284403669722,5.469954145174091,0.726052,1
d69869d8d36358d7,173,19,1,124,0,6,1,22.13,10.6,9.43,True,0,Standard Complexity,0.07615773105867431,8.040510204081633,5.76098779307305,0.726004,1
cbf34c2f16d413b3,165,15,2,78,1,4,0,23.24,16.46,7.47,True,3,Critical Complexity,0.022360679775028404,7.2040000000000015,5.228905370000595,0.72592205,1
24dd6539a36c1628,177,20,0,138,3,8,9,31.62,29.53,8.39,True,1,Critical Complexity,0.06708203932498352,7.650754716981132,6.2722399324344185,0.7256335,1
b68a795404443457,139,0,1,75,2,4,2,32.6,31.91,10.17,True,1,Critical Complexity,0.11313708498986529,9.699200000000001,7.670942012556216,0.7252015,1
55fe990bbde9ae13,125,16,1,232,0,6,0,26.69,15.76,10.0,True,3,Critical Complexity,0.07999999999992724,10.068,6.628644356125919,0.72504187,1
c58b025e46c745bd,93,19,0,77,0,4,1,27.06,24.52,11.35,True,1,Critical Complexity,0.022360679775079245,9.517307692307693,5.513213189652311,0.724924,1
fea357c3be557577,175,20,0,367,0,9,6,28.41,13.48,6.8,True,0,Standard Complexity,0.06403124237316944,7.579036144578312,5.989991575201315,0.72489595,1
8a99dafa2c2bfdcf,71,37,0,103,16,21,0,17.94,17.7,9.58,True,3,Critical Complexity,0.17804493814726952,3.045348837209303,3.4683964184507374,0.7248657,1
71f9c84a70e3420a,168,23,0,128,0,4,0,24.42,17.31,7.57,True,3,Critical Complexity,0.020000000000436557,8.776071428571429,5.898252973360425,0.72445405,1
d19b60c83d2cf6f2,128,7,0,354,2,18,2,25.35,16.75,7.61,True,3,Critical Complexity,0.24207436873820723,9.675,6.591430990308553,0.72438365,1
94f56b6a3178444f,160,39,0,73,4,4,8,20.26,19.42,8.61,True,3,Critical Complexity,0.300832179129636,2.702586206896551,3.678509612153583,0.7241087,1
2d08499831651e37,90,343,0,64,6,6,1,16.52,12.67,10.63,True,3,Critical Complexity,0.00999999999839929,3.885479452054794,3.468419576574729,0.723902,1
b4fba8cd30dcc8c8,135,40,6,279,5,12,6,17.8,12.77,9.28,True,3,Critical Complexity,0.2109502310971573,5.909620253164557,4.946872543037486,0.723832,1
3d936d1d8947b9fe,89,10,1,79,7,10,0,37.04,27.01,7.51,True,1,Critical Complexity,0.20099751242209926,9.470895522388059,6.44973115981283,0.723358,1
a17132d563a2e440,114,21,0,425,2,7,2,20.35,7.14,9.58,True,0,Standard Complexity,0.08944271910001192,8.106753246753245,5.647402676546174,0.72323424,1
253894bb58df3f98,37,0,0,314,4,3,18,37.18,16.07,6.29,True,1,Critical Complexity,4.118859065323642,26.86214285714286,9.119064158259278,0.7226383,1
555ac384468914ed,133,9,0,499,25,11,8,22.8,17.5,7.24,True,3,Critical Complexity,0.17720045146676652,9.960823529411766,5.478647366719101,0.72263616,1
821afa77438a7a78,93,21,0,70,4,0,8,20.8,9.68,11.02,True,0,Standard Complexity,0.049999999999272404,6.18764705882353,6.080480369386234,0.7224207,1
656dd8b9bd2b45d6,162,2,0,58,3,0,1,29.43,19.42,6.35,True,1,Critical Complexity,3.9282566107626837,9.369545454545454,8.597340221504412,0.7222639,1
62de6ffad48ae44a,144,13,1,200,6,13,3,32.5,25.28,6.3,True,1,Critical Complexity,0.2699999999999818,8.538545454545455,6.50287109127592,0.7218428,1
f45667bf488bd106,179,39,0,370,28,16,8,17.37,16.84,7.36,True,3,Critical Complexity,0.0948683298051808,3.6709782608695654,3.2928585638114707,0.72151417,1
9bc751e910af6b4f,114,25,1,46,0,4,2,16.9,15.88,6.76,True,3,Critical Complexity,0.14422205101842842,5.128333333333333,5.178577170221229,0.7214407,1
9bd4d8ae39953c87,176,8,0,156,6,14,0,21.86,15.12,9.48,True,3,Critical Complexity,0.1615549442140993,9.814615384615385,5.2167645667001965,0.7213641,1
f5eefad906b64c9f,86,88,0,92,0,14,0,23.77,22.26,6.99,True,3,Critical Complexity,0.022360679775485982,4.080720720720722,4.112181138373634,0.721257,1
f95a4ba6b04f6660,107,33,0,230,5,5,4,28.81,15.41,9.38,True,1,Critical Complexity,0.1655294535721119,5.714999999999999,7.187070789860186,0.72122526,1
42f565558745eee,119,21,1,80,2,6,2,22.99,8.05,6.54,True,0,Standard Complexity,0.0860232526705661,6.339565217391305,5.4788288007890324,0.72113717,1
e93bd0a116e46937,169,32,2,223,2,11,11,22.82,21.71,6.68,True,3,Critical Complexity,0.0905538513813483,6.213559322033898,4.865153424066011,0.72097456,1
b9d0a5425a91d571,415,21,7,142,2,8,3,18.04,12.56,10.8,True,3,Critical Complexity,0.02236067977497756,6.067920792079208,4.644856053324187,0.72088325,1
4365955c87f4c979,93,17,1,56,2,1,0,35.61,11.48,9.01,True,1,Critical Complexity,0.17691806012945754,12.783398058252425,9.005427549339565,0.72067523,1
89527ee4cc841942,171,24,1,223,3,8,1,26.5,19.62,7.02,True,1,Critical Complexity,0.09219544457305465,6.825862068965518,4.674880919676879,0.7201883,1
4a5ac5fb18318d80,94,53,2,72,1,4,1,35.2,28.06,7.51,True,1,Critical Complexity,0.014142135624039643,4.613461538461538,5.219938801813155,0.72005445,1
a004dc5bdde4f4f7,150,39,0,178,7,10,3,19.52,11.88,9.27,True,3,Critical Complexity,0.010000000000218279,6.553191489361702,5.354429507082016,0.71996355,1
aa25b255db91dde8,119,27,0,70,4,1,2,35.01,33.98,6.92,True,1,Critical Complexity,0.03999999999996362,5.165243902439024,4.996662111608585,0.7199365,1
69b2d9fc1f1fa049,198,13,9,136,1,6,1,26.28,23.54,12.01,True,1,Critical Complexity,0.07211102550932456,7.694642857142859,6.182159710163819,0.71971375,1
bc9e6354f0adb706,167,47,0,331,5,5,14,22.99,22.25,11.76,True,3,Critical Complexity,0.04472135954934501,4.138333333333333,4.749827909613165,0.7194783,1
80210fb8fc43447c,196,12,0,533,4,12,7,24.59,15.35,12.57,True,3,Critical Complexity,0.10198039027140621,10.528155339805826,6.688255718675372,0.71895075,1
11b57d191ca7ecb4,195,14,0,164,8,9,2,29.41,18.51,10.15,True,1,Critical Complexity,0.40162171256078943,6.275199999999999,5.7108595640236155,0.71845603,1
7e70d20232a75f64,124,19,0,301,5,6,8,30.71,16.96,7.85,True,1,Critical Complexity,0.2906888370750075,9.98625,7.702561521536557,0.71834636,1
ba5853c35acd01e4,107,22,2,195,3,6,4,22.87,14.65,7.08,True,3,Critical Complexity,0.510392006206984,8.245846153846154,5.897268439985959,0.7180127,1
49dc32baeee996a0,140,19,0,523,0,13,27,25.42,24.35,7.2,True,1,Critical Complexity,0.09219544457306698,9.120126582278482,5.983547589526537,0.7176356,1
10c44047e4f2161c,176,7,0,565,3,13,30,21.76,9.35,6.58,True,0,Standard Complexity,0.42426406871205713,9.838974358974358,7.046403263230149,0.71740437,1
825f0a1b753e7c6f,173,12,2,63,4,0,2,32.15,14.93,6.49,True,1,Critical Complexity,0.058309518948711926,8.153076923076922,7.093755164045075,0.71684915,1
9012b75fc8639b0c,91,44,6,127,6,19,0,22.74,16.89,8.05,True,3,Critical Complexity,0.0412310562562494,5.331846153846155,4.864594185717445,0.71676064,1
fabc8ac38d17f560,173,21,6,357,3,10,7,17.49,10.7,9.45,True,2,Standard Complexity,0.07280109889264527,7.900924369747899,5.1167764917523,0.71652883,1
ca486438ade7f97a,169,12,0,580,10,9,8,27.93,16.9,6.89,True,1,Critical Complexity,0.05385164807129606,8.915777777777777,6.0021307286621655,0.71635467,1
37ce2ad54d8a9ae7,210,20,1,139,1,6,2,17.38,15.33,10.79,True,3,Critical Complexity,0.10295630140987574,7.4345333333333325,4.79327704000324,0.71618915,1
25b3cad04186d9f5,225,99,0,146,5,17,0,16.25,11.03,9.31,True,2,Standard Complexity,0.08485281374198697,3.5696794871794872,3.242656480590827,0.71618587,1
19f064858de3b091,137,13,0,106,1,8,0,25.5,15.95,7.27,True,3,Critical Complexity,0.3361547262798435,9.582763157894737,6.251911412706266,0.7160113,1
54413a1f723f0b00,176,25,1,115,0,6,1,17.82,14.19,6.68,True,3,Critical Complexity,0.11045361017182877,7.924375,4.6564372585388,0.7157845,1
3b7c1cb7b2757dff,98,21,2,88,0,6,0,17.15,14.34,9.67,True,3,Critical Complexity,0.2147091055360063,8.590746268656718,4.973988553429758,0.7157279,1
c9acec6cb1a0dff0,157,6,0,339,2,6,14,29.4,15.6,6.3,True,1,Critical Complexity,1.4142842712834955,11.305555555555557,9.40897545622277,0.7155856,1
23ce71548711eab3,146,10,0,205,6,3,14,27.25,8.61,6.41,True,0,Standard Complexity,0.17029386365896226,11.478205128205126,9.997542742144159,0.71534485,1
f6d4d691695e7daf,155,15,0,428,7,15,7,27.46,12.67,12.57,True,0,Standard Complexity,0.050990195135658514,9.699038461538462,6.484591132243177,0.71531534,1
e3aa672e7e4e92a6,154,4,0,548,9,14,0,22.92,18.32,7.02,True,3,Critical Complexity,1.244829305567774,10.783125,6.344529354835944,0.7152952,1
178ec069a300d8ee,130,15,0,375,0,8,16,19.73,13.17,6.72,True,3,Critical Complexity,0.13416407865128893,9.751632653061224,5.218964181747404,0.7151605,1
b8453b8b08ef2733,127,7,0,22,4,4,0,26.08,18.45,11.47,True,1,Critical Complexity,0.1640121946685082,9.073870967741934,6.685940799203014,0.7150001,1
cba2bd48f55c0980,158,54,0,169,4,5,21,23.88,13.15,8.5,True,3,Critical Complexity,0.2202271554554999,3.6436363636363636,4.093473395442698,0.71456987,1
be5874fa698cda8,159,17,1,194,4,9,5,19.53,17.3,7.83,True,3,Critical Complexity,0.06708203932498352,8.717586206896552,6.378788748480451,0.7142842,1
c692808f8d63a7ec,211,23,0,274,2,11,7,15.68,15.02,8.51,True,3,Critical Complexity,0.5664803615307323,6.162328767123287,4.7859012464975965,0.7142457,1
53eb3f639df17d1b,277,12,1,456,1,15,15,22.8,19.83,7.07,True,3,Critical Complexity,0.030000000000654836,7.544794520547945,5.931621809129887,0.71387064,1
c26a994bb80974a,64,128,3,221,10,14,10,32.36,26.49,9.76,True,1,Critical Complexity,0.07071067811881553,3.6534782608695653,3.7283065712571117,0.71383786,1
5e0ac42dfbf372b8,147,16,0,291,2,8,4,27.39,11.24,7.22,True,0,Standard Complexity,0.1004987562111175,11.852653061224489,7.09527674900279,0.71383566,1
f6262d998d66cc95,178,28,0,197,2,6,3,20.59,10.4,10.94,True,0,Standard Complexity,0.02236067977497756,6.1815151515151525,5.2172828300331116,0.7138334,1
59e9fbc3419523f9,150,16,0,430,4,13,6,25.79,15.17,9.43,True,3,Critical Complexity,0.050990195136149025,8.897831325301205,6.783890742789351,0.71361095,1
36d9fbc019b5a238,66,24,11,99,2,3,1,27.91,20.59,9.45,True,1,Critical Complexity,0.02236067977497756,8.411014492753624,7.849105394409199,0.7135136,1
1a9d863e49edeb97,90,1,0,337,6,15,3,35.58,19.18,6.39,True,1,Critical Complexity,0.12041594578794561,19.812372881355934,5.705227855038626,0.71339685,1
aaae10d96f7a2b5f,96,20,0,606,3,15,11,25.77,16.02,6.8,True,3,Critical Complexity,0.3413209633176828,11.14109375,7.585717895572635,0.7133391,1
cdabb3cbdef32b85,230,11,2,151,2,6,2,20.33,11.35,6.7,True,3,Critical Complexity,0.22022715545541213,7.03326923076923,5.53227548161133,0.71327007,1
9e34ccca6f6d9114,157,17,2,83,1,5,0,31.33,27.15,7.18,True,1,Critical Complexity,0.10049875621064239,9.334266666666664,8.070242321571818,0.71304417,1
a1b32b546739441d,190,12,4,53,0,3,0,28.31,19.54,11.31,True,1,Critical Complexity,0.15033296378359234,6.5256944444444445,5.5416591043529575,0.7129583,1
e46c6acabe6e55ba,187,39,1,77,5,5,2,18.3,17.67,11.59,True,3,Critical Complexity,0.1280624847485405,4.41765625,3.864511507853992,0.7129305,1
673a0954aa0550cd,141,162,1,77,2,1,2,16.97,15.79,11.19,True,3,Critical Complexity,0.02828427124775773,2.771456310679612,2.69264384738642,0.71283156,1
1d065c1d7e8dcea7,146,26,2,259,1,8,11,18.86,11.31,6.99,True,3,Critical Complexity,0.7021395872617044,5.577758620689656,4.972172925080989,0.71243393,1
a2c52ceba2cdf328,145,8,0,395,0,10,13,29.78,22.75,6.64,True,1,Critical Complexity,0.13928388277168186,12.67235294117647,6.723829685539218,0.7123722,1
4da248a7c9d581d5,71,22,1,336,12,8,10,23.6,12.74,7.12,True,3,Critical Complexity,0.8900000000002047,7.962884615384616,6.6976793732371505,0.7122896,1
5f97550c3c220ed9,201,16,0,465,2,11,15,24.08,22.63,6.46,True,1,Critical Complexity,0.22022715545513855,8.873733333333332,6.211725208202808,0.7121365,1
e47adf70ec7e5b9b,164,13,1,167,1,9,2,20.35,19.69,8.54,True,3,Critical Complexity,0.5261178575186158,9.502258064516129,6.536560311631512,0.7121164,1
fc4ef09ff7183b15,107,95,16,177,4,13,4,18.11,17.23,9.21,True,3,Critical Complexity,0.009999999999990905,4.63541935483871,3.8644399066208104,0.7117849,1
fc72907f69445de4,94,8,0,293,0,10,7,26.52,5.66,6.89,True,0,Standard Complexity,0.6095900261642292,12.282916666666667,10.119854033518576,0.7117293,1
4bf4ab92acbe6b3f,138,19,2,242,6,14,16,24.71,18.1,7.16,True,3,Critical Complexity,1.7456230979223606,7.326500000000001,6.940395359775984,0.71163636,1
e81391a731a77c3a,170,12,0,387,3,12,4,25.62,17.99,8.38,True,3,Critical Complexity,0.10440306508951146,10.206697247706419,6.0851779700095605,0.7116244,1
c8710386082574dc,127,82,13,50,0,3,1,20.9,19.96,9.94,True,3,Critical Complexity,0.0223606797753843,5.440625,4.498157218170014,0.7115151,1
5b7934b9e33e3b1,155,12,0,136,5,12,0,22.59,10.59,8.04,True,0,Standard Complexity,0.15556349186105975,10.20873015873016,6.755582639580509,0.7112181,1
8756cd2eebb544e9,126,30,4,123,2,4,2,16.33,10.84,6.33,True,2,Standard Complexity,0.21000000000003638,4.9468,4.994179588280742,0.71117836,1
fdc477957d839377,107,198,5,40,2,1,2,14.96,14.42,9.31,True,3,Critical Complexity,0.03999999999996362,2.8826754385964914,2.714864272383964,0.7111563,1
3c5e3b253f2f96f6,136,19,2,526,2,9,17,33.67,13.54,6.86,True,1,Critical Complexity,0.2720294101740937,9.984153846153847,8.240110882806537,0.71068317,1
ee9318880fa666a9,118,17,1,538,28,8,10,30.25,8.55,7.94,True,0,Standard Complexity,0.2751363298440572,8.372253521126758,5.995714713163272,0.7104694,1
3082717aaa8b52d4,186,18,0,236,0,8,6,23.2,8.93,8.2,True,0,Standard Complexity,0.15524174696267873,8.54730158730159,7.213482351763525,0.710046,1
d430d7aa907a0eeb,100,20,0,461,7,12,17,32.59,12.1,11.79,True,1,Critical Complexity,0.04123105625531191,9.897611940298507,6.099122053177729,0.70973843,1
64b47e4a6c38824e,146,11,0,320,0,7,0,35.29,15.01,6.43,True,1,Critical Complexity,0.06324555320316626,9.189777777777776,9.015852332638918,0.70847553,1
60fc7c73989447ae,235,45,0,43,0,4,5,14.25,12.51,8.2,True,2,Standard Complexity,0.170000000000046,3.7163999999999997,3.32879142833151,0.70829415,1
4797cc08b9ce9161,346,3,0,94,2,5,1,23.03,9.48,6.41,True,0,Standard Complexity,0.17804493814764627,8.025555555555554,5.8889737100809585,0.70803016,1
476e4a9eb9f66b67,206,25,2,128,0,10,10,17.41,6.69,6.96,True,2,Standard Complexity,0.48836461788303587,5.661206896551724,4.865372395141066,0.7079563,1
f938f229b05f7797,145,17,0,442,7,15,10,28.46,12.74,8.55,True,0,Standard Complexity,0.07211102550959257,8.561805555555557,5.692687640587921,0.7079203,1
6c7c229c40583b8c,93,23,1,546,6,8,15,36.64,25.76,7.69,True,1,Critical Complexity,0.05385164807129606,8.306493506493505,6.7131649621024065,0.70790434,1
d9cb347057cae7bc,182,6,0,583,2,17,18,31.45,26.64,7.86,True,1,Critical Complexity,0.4972926703658614,11.270243902439026,6.666913751122167,0.70787287,1
9e30782ff66c42aa,158,16,0,133,3,5,1,22.85,19.22,8.36,True,3,Critical Complexity,0.0499999999998181,9.206764705882353,5.617476958209017,0.70759064,1
ce88c7236e6aa60d,126,66,1,244,18,19,5,16.12,14.96,7.49,True,3,Critical Complexity,0.049999999999954525,3.055730337078651,2.7153582699201007,0.70755506,1
a5611e406944f5a7,194,21,1,236,1,6,7,22.99,21.05,9.45,True,3,Critical Complexity,0.029999999999972715,7.703218390804597,5.637313188637671,0.7071522,1
ef14ddd8fc18c5c,143,15,1,275,4,8,0,34.6,34.51,7.74,True,1,Critical Complexity,0.1562049935181657,7.172463768115941,5.4246948503765395,0.70711404,1
39f8008d2022041d,139,9,0,65,2,3,0,19.45,11.43,6.82,True,3,Critical Complexity,0.3224903099318743,6.741379310344828,6.306680488748272,0.70711297,1
ec38e3cc25f402fb,102,21,0,646,3,13,12,22.77,17.23,10.62,True,3,Critical Complexity,0.08062257748298356,9.2635,6.918248772871162,0.70708436,1
de565e6fcac87f3f,375,32,0,331,1,16,2,18.58,14.22,7.41,True,3,Critical Complexity,0.2118962010047615,3.2548529411764706,3.3884472813331037,0.7067089,1
a5243cdd205ddab9,124,18,2,80,0,6,2,22.17,9.66,11.67,True,0,Standard Complexity,0.2247220505424757,7.8261111111111115,5.213587098351649,0.70668316,1
3ead87489157e075,136,4,0,114,10,10,0,24.22,24.18,6.37,True,1,Critical Complexity,0.7632168761237113,8.41,6.245217598862577,0.7065551,1
f535225f0c6a8176,214,11,0,561,9,11,9,26.29,25.93,6.32,True,1,Critical Complexity,0.029999999999972715,10.683684210526316,6.879823636453049,0.70618755,1
1fe84117e8bd4067,78,50,1,293,8,24,7,23.7,22.07,8.44,True,3,Critical Complexity,0.05830951894859494,5.192916666666666,5.123361103129034,0.70600474,1
f289b811ef35db27,157,6,0,64,0,0,5,26.91,10.32,4.69,True,0,Standard Complexity,1.7528548142954057,6.285294117647059,6.900590015393875,0.70585066,1
17cfda0bee7ccf18,129,8,2,83,0,12,0,32.59,25.28,6.95,True,1,Critical Complexity,0.2692582403567336,10.793333333333331,6.174225097577473,0.7054078,1
e5fcc1c82ac7a77f,117,15,0,341,6,14,6,26.14,13.91,12.72,True,3,Critical Complexity,0.1280624847488956,10.81156626506024,6.883651048947878,0.7053408,1
46f4013c14d2b370,172,12,0,376,7,18,8,26.19,16.19,6.67,True,3,Critical Complexity,0.2816025568069724,11.542317073170732,6.048519935625552,0.70527154,1
4197d399f84ff350,218,11,1,274,3,7,3,20.3,19.08,6.35,True,3,Critical Complexity,0.461735855224604,6.173829787234043,5.91863287592361,0.70514333,1
8e5ba0b5f879913c,140,14,0,111,1,11,0,31.4,16.67,9.4,True,1,Critical Complexity,0.24413111231459173,12.307704918032785,7.5389516150397355,0.7049234,1
512928d7812a17e1,149,15,0,175,5,5,4,22.89,21.41,7.76,True,3,Critical Complexity,0.036055512754922414,8.818555555555555,5.385742817045577,0.70482296,1
75417b6b28a3dfe8,123,39,0,241,1,6,16,22.59,11.6,7.35,True,0,Standard Complexity,0.13999999999998636,4.243050847457627,5.5099780842522375,0.7046517,1
ddf5fa1b658a90d2,179,5,5,569,0,22,15,35.38,31.54,6.31,True,1,Critical Complexity,0.30413812651482874,10.125079365079365,7.861329075606175,0.70460874,1
705f308671eef609,177,14,1,321,3,8,15,26.87,15.64,7.7,True,3,Critical Complexity,0.3104834939251927,11.171011235955056,6.8117674198328455,0.7045149,1
835b78c2cdff0e81,156,21,0,270,2,8,5,16.62,3.22,6.95,True,2,Standard Complexity,0.9265527507920436,6.047551020408164,4.883424079187966,0.7043004,1
42edfc87970fd4f4,122,26,0,127,1,4,2,26.62,19.77,10.04,True,1,Critical Complexity,0.11000000000058208,6.5581159420289845,5.860795384355444,0.7039345,1
6e1f5dbf93e59c59,253,32,0,289,5,9,4,14.66,13.95,7.86,True,3,Critical Complexity,0.5622277118751658,5.201973684210525,3.9007634272148515,0.7038299,1
b9b9ae0099f9587,288,8,0,655,7,12,15,23.36,7.64,9.36,True,0,Standard Complexity,0.32015621187130155,11.257794117647059,8.039896444604581,0.703807,1
5561863ba7f4281,172,17,1,153,4,4,6,19.36,18.77,6.53,True,3,Critical Complexity,0.09219544457306698,7.591304347826087,5.950934748897292,0.7035115,1
3a0bcaa41ca2a145,116,69,7,89,4,12,3,18.17,10.41,9.04,True,2,Standard Complexity,0.014142135626612084,5.0375221238938055,4.27942650424829,0.70339566,1
cac306e15901f538,146,17,0,131,1,9,3,24.69,12.63,6.31,True,0,Standard Complexity,0.13453624047110485,7.312463768115942,5.463110651251509,0.703352,1
5ac0c8be824c80d9,142,18,1,80,1,4,0,20.75,10.57,6.88,True,0,Standard Complexity,0.02236067977497756,9.32857142857143,5.804480359592749,0.7029787,1
2e7354253ee5d445,145,14,0,85,2,4,0,33.75,18.98,7.28,True,1,Critical Complexity,0.08062257748301088,10.975217391304348,7.442202340529226,0.70278895,1
f3d3a0f3a7402031,174,15,0,136,0,5,32,23.16,17.73,9.43,True,3,Critical Complexity,0.1897366596102178,7.496794871794871,6.200748609393608,0.7025067,1
3e2d470903d9a85b,144,11,0,270,3,13,8,32.85,11.1,6.47,True,0,Standard Complexity,0.14035668847616842,9.814933333333334,7.12315948126641,0.70165604,1
d0afc887ad39b3d,200,53,0,181,2,0,2,24.76,24.0,11.43,True,1,Critical Complexity,0.38052595180848675,2.7780281690140844,3.3586137397336473,0.7015897,1
58fdc178f5c67505,99,19,7,89,1,5,2,24.6,20.04,9.35,True,3,Critical Complexity,0.014142135624039643,7.024736842105263,5.496719948651725,0.7015861,1
afdfd013bcdde475,153,10,1,283,5,9,0,24.62,23.64,7.46,True,1,Critical Complexity,0.23600847442452086,10.11346153846154,5.811230688960436,0.70044434,1
ab102b333a0eea0,134,46,0,219,8,7,3,22.99,22.35,6.57,True,3,Critical Complexity,0.19697715603551208,2.9884126984126986,3.667673544156488,0.7004429,1
55de677e71991349,166,17,0,461,3,14,23,24.05,15.63,19.05,True,3,Critical Complexity,0.11000000000058208,8.316170212765957,7.446390973096908,0.7004405,1
6d0c58003cce19f3,109,73,0,129,3,4,0,19.27,12.58,11.42,True,3,Critical Complexity,0.03999999999999915,3.732912621359223,3.748468329545775,0.7003964,1
d871402fd7a4b120,160,8,0,172,7,4,3,32.03,20.82,6.36,True,1,Critical Complexity,0.27294688128101624,9.378252427184464,5.503871792927188,0.7003076,1
a447e1b142ba9b0a,124,17,0,246,2,8,2,18.32,17.82,6.8,True,3,Critical Complexity,0.3190611226708026,7.962272727272727,6.1019670935255235,0.7002085,1
244f16327208564,125,8,0,388,4,15,2,21.24,10.73,7.83,True,0,Standard Complexity,0.317804971641379,10.519491525423728,6.628973748763272,0.70018566,1
24c8565621337ca,215,8,0,353,0,15,12,23.33,13.81,7.71,True,3,Critical Complexity,0.23769728647977284,8.310888888888886,6.928909429090787,0.7001494,1
795b34afa4d75653,119,19,0,167,0,5,2,21.27,16.46,6.62,True,3,Critical Complexity,0.2332380757937461,7.49125,6.390868363336863,0.70007384,1
ea0fd0456bf690ac,143,12,0,216,1,6,3,22.74,21.67,7.04,True,3,Critical Complexity,0.11180339887509116,9.6675,5.639034713494855,0.69985455,1
8ec0b18633de1159,173,0,1,366,6,6,3,24.69,20.53,9.05,True,3,Critical Complexity,0.7915806970873575,11.158412698412699,6.653363681185966,0.6997101,1
4be11fc2628e4bdb,131,24,1,134,1,5,0,33.86,22.33,9.88,True,1,Critical Complexity,0.010000000000218279,9.50525,6.764724675661236,0.69952154,1
3240c9db77cc939b,134,15,0,167,3,5,4,35.61,20.76,6.91,True,1,Critical Complexity,0.08000000000015461,11.08284403669725,6.225464146395894,0.6994266,1
a864a1c3d225a4b8,125,17,2,190,1,5,3,22.82,16.71,7.5,True,3,Critical Complexity,0.5756735185849482,7.659499999999999,5.912889148574776,0.6993194,1
2995a6d24804750,214,24,5,587,5,8,15,19.57,10.48,6.68,True,3,Critical Complexity,0.0223606797753843,8.353516483516481,6.226484089585403,0.6990785,1
9a45121e5a161fe4,92,137,2,106,0,11,0,14.75,14.53,11.92,True,3,Critical Complexity,0.0223606797753843,3.540176470588235,3.293454198420471,0.6990277,1
3d3c17e132afdf00,36,0,1,181,6,2,5,26.18,16.79,6.3,True,3,Critical Complexity,2.3847222060446365,19.405652173913044,6.765694042669755,0.69896406,1
137c391391b24e57,88,11,0,252,10,10,1,24.25,21.62,7.66,True,3,Critical Complexity,0.13601470508708863,11.643200000000002,7.986370750221905,0.6988423,1
85b4b776add27e99,38,0,1,503,9,10,23,36.43,17.05,18.85,True,1,Critical Complexity,8.631946478055145,23.22842105263158,7.594776087727318,0.6987863,1
5e83adf0889e652d,158,12,0,293,0,7,8,28.33,14.95,7.21,True,1,Critical Complexity,0.5594640292279941,9.792187499999999,6.0175852028182435,0.6987815,1
2ae815677ec968a5,217,12,0,444,2,12,13,29.48,21.13,6.84,True,1,Critical Complexity,0.08062257748294037,10.17475,6.799611626470539,0.69870174,1
d8fca18ed8f86c0f,166,2,0,601,9,20,0,31.58,18.73,6.85,True,1,Critical Complexity,1.8607794065932015,11.065890410958906,6.244367069413784,0.6986809,1
32c5adcd0f1b0167,132,15,1,159,3,5,4,20.31,12.15,9.29,True,3,Critical Complexity,0.24596747752485484,7.9893506493506505,6.138459838488263,0.69867086,1
313b9585fa60e0c0,110,4,0,492,4,9,21,34.48,22.57,6.28,True,1,Critical Complexity,0.13601470508704686,16.44952380952381,11.471630214282651,0.6986023,1
5fe42c9bb83f3ce0,92,55,18,120,11,15,0,29.81,9.17,6.61,True,0,Standard Complexity,0.09055385138129494,4.4890322580645154,4.285927225438519,0.6985984,1
c82fe1f524640404,138,30,0,249,8,35,18,21.79,11.62,6.99,True,3,Critical Complexity,0.11661903789685843,7.03,5.699137924012988,0.69830674,1
15ae9e5babdbdfb9,200,16,0,517,3,13,19,24.39,10.28,8.43,True,0,Standard Complexity,0.1902629759044585,8.994444444444445,7.626449750865021,0.69825953,1
ea4bdc13c92a7e04,104,21,0,108,5,4,1,23.61,12.76,10.94,True,3,Critical Complexity,0.060827625302515696,7.601896551724138,5.890202694509069,0.6979201,1
4d6cf8dbdc1941b4,101,9,0,75,9,9,4,20.62,20.33,7.88,True,3,Critical Complexity,0.15652475842474123,4.847058823529411,6.030980570653384,0.6973718,1
13d91663bd28804e,139,17,0,101,1,5,1,23.62,18.0,6.72,True,3,Critical Complexity,0.053851648071317176,6.9513235294117655,5.020377565017268,0.69736165,1
d260e05e935ae83f,156,1,0,205,1,8,4,28.12,15.42,6.29,True,1,Critical Complexity,0.4172529209002798,9.644090909090911,6.564473017062036,0.6973519,1
55f09b4ec308b6ff,73,38,0,76,0,4,0,17.44,6.32,10.62,True,2,Standard Complexity,0.1964688270437584,6.088636363636364,5.627475855490828,0.6969466,1
93eb9eb634544ac5,126,137,1,36,0,1,1,15.04,14.02,9.29,True,3,Critical Complexity,0.06000000000130967,2.7956321839080456,2.640359040871397,0.6968885,1
44d73e37cf110e27,147,16,0,310,14,13,6,16.68,9.74,9.31,True,2,Standard Complexity,0.20248456731323436,7.478518518518518,4.8952397162229655,0.696675,1
c0abe7589a4f9729,186,12,0,281,7,7,0,19.78,19.07,10.55,True,3,Critical Complexity,0.05656854249487235,4.302307692307692,5.361529853210173,0.6964924,1
5bb6854aa84f4bc2,129,17,1,255,1,6,4,28.02,16.39,6.92,True,1,Critical Complexity,0.17492855684512193,8.627912087912089,5.267339240412578,0.6964824,1
20ccca2e6e8b629e,182,9,1,110,1,4,3,37.86,30.47,6.37,True,1,Critical Complexity,0.43863424398920825,9.260399999999999,5.775768333304237,0.69636816,1
5c6446ee1e3f3a73,285,7,0,241,6,11,8,32.01,31.68,6.55,True,1,Critical Complexity,2.57126428046588,5.625925925925925,7.106042947019346,0.69627625,1
81ef05c5fa29f33,97,13,3,245,10,6,4,33.4,17.36,11.43,True,1,Critical Complexity,0.6306346010167488,11.597446808510636,8.058352734918108,0.69617283,1
73f1d375aee705c8,130,17,3,63,0,6,0,19.09,7.67,7.58,True,2,Standard Complexity,0.12083045973583582,7.820952380952381,5.728721765038383,0.6960219,1
13f89801fb2fe6ae,127,15,0,309,0,19,12,19.77,16.87,7.53,True,3,Critical Complexity,0.05000000000006821,7.8574545454545435,5.607407833533267,0.69589317,1
df5f6e0e0b0d741f,103,9,0,54,4,1,4,22.52,10.17,9.41,True,0,Standard Complexity,0.693541635376072,10.11439024390244,6.732987250182814,0.695751,1
a1144faa20a71edc,200,14,2,289,5,16,12,22.16,10.8,9.41,True,0,Standard Complexity,0.2247220505424302,9.3925,6.365698045551866,0.6955005,1
e735cf32bd6f48f6,196,3,0,293,2,14,7,30.62,25.3,12.59,True,1,Critical Complexity,0.29068883707405907,9.763000000000002,5.904621720878203,0.6954483,1
628ec96b39e32d61,118,30,0,297,0,7,7,21.95,13.95,6.94,True,3,Critical Complexity,0.014142135624039643,10.578035714285713,6.209194771708342,0.69542277,1
7e6ba09add0776c2,189,23,2,126,0,10,0,22.62,9.87,8.98,True,0,Standard Complexity,0.022360679775079245,7.744305555555554,6.47845785541695,0.6954041,1
a8fec248d213b311,212,26,0,241,5,7,0,27.95,18.59,7.87,True,1,Critical Complexity,0.02999999999974534,4.727931034482758,5.174010902851864,0.69535184,1
d0f825964d7ad75c,205,15,0,168,7,10,6,24.01,14.16,7.42,True,3,Critical Complexity,1.4008925726122792,6.504383561643836,5.984199511888448,0.69525266,1
cea8c4adfca19796,142,17,1,178,2,9,4,25.02,19.32,6.75,True,3,Critical Complexity,0.0905538513815429,6.67195652173913,6.319653822235223,0.69513416,1
d795efabf1da0069,149,4,0,440,4,19,5,32.06,25.63,6.38,True,1,Critical Complexity,0.11999999999989086,13.059999999999997,6.448035960037403,0.69460803,1
aab52d58a314e631,96,50,12,98,10,12,0,17.42,16.73,6.89,True,3,Critical Complexity,0.022360679774996627,4.8550574712643675,3.6462006280079495,0.6945153,1
fa19304b706a4f9d,200,23,1,318,10,10,5,20.26,19.67,7.67,True,3,Critical Complexity,0.3623534186387925,4.169545454545455,4.429184695416946,0.69416,1
de6cb2bb739886e,96,15,2,273,1,10,4,31.62,25.92,6.9,True,1,Critical Complexity,0.39962482405390465,9.638703703703705,6.469158181624189,0.6939257,1
bf04af18ddf256db,55,0,0,76,0,4,0,36.87,22.29,6.33,True,1,Critical Complexity,0.34365680554881656,19.889565217391304,9.270296406433722,0.69365007,1
bcab378170a59387,106,21,0,217,4,6,8,19.83,14.55,8.98,True,3,Critical Complexity,0.08602325267053222,7.250588235294117,6.388008499928261,0.6935608,1
58e9b54ffdfa2983,33,0,0,173,6,2,5,35.75,21.35,6.3,True,1,Critical Complexity,1.6804761230082905,22.865,5.533154464980472,0.6933255,1
a528b19dca11bf55,198,20,0,431,0,6,16,30.4,9.71,6.67,True,0,Standard Complexity,0.031622776600936015,11.173068181818183,7.284337081891802,0.6932712,1
e8cd6c0038c7ad69,204,5,0,476,4,10,22,29.08,14.29,18.85,True,1,Critical Complexity,3.367862823810641,12.96977777777778,9.20417115319375,0.69317955,1
1c8110c83265ec2b,173,7,3,68,0,4,0,33.98,21.31,8.44,True,1,Critical Complexity,0.050990195136149025,9.495,5.516203360084173,0.6931674,1
51d98bd1e2966958,39,1,0,133,7,5,5,29.49,16.76,6.23,True,1,Critical Complexity,3.3344414824674597,17.181428571428572,12.486118496235761,0.6928107,1
1aa35e416f1971a5,34,1,0,299,10,4,16,31.0,18.15,6.39,True,1,Critical Complexity,4.665672513154042,19.680588235294117,7.226452608371417,0.69280505,1
dce44c83cbccb41,133,2,0,178,7,7,0,32.77,17.81,6.31,True,1,Critical Complexity,0.22472205054330033,15.183250000000001,8.851110209318378,0.6926799,1
90c64fe515add6aa,136,12,0,105,2,4,0,24.29,12.61,9.66,True,3,Critical Complexity,0.4110960958219828,7.913384615384615,5.661064666629707,0.692409,1
a64d589758f25ee,160,13,3,94,0,6,0,30.88,20.35,6.39,True,1,Critical Complexity,0.16278820596092583,9.225833333333332,5.541393414315773,0.69237787,1
e2ca89214fc8f39c,82,22,1,286,3,9,3,23.92,11.72,6.31,True,0,Standard Complexity,0.1421267040353577,8.335909090909093,6.649818174154185,0.69226944,1
5a4732a8399b7d1c,54,0,0,80,9,6,0,36.88,14.29,6.3,True,1,Critical Complexity,0.4440720662221853,18.62730769230769,8.502140932952534,0.6922466,1
5dc616aa0feb19ee,80,34,1,54,7,4,0,28.42,12.03,7.82,True,0,Standard Complexity,0.10816653826224475,6.393999999999998,6.271060835297327,0.69212776,1
77728af49ae471f4,200,9,0,327,15,17,7,24.94,14.66,7.61,True,3,Critical Complexity,0.022360679774570822,11.716966292134831,7.66051460771687,0.69166434,1
625360b0bd9d30d7,152,14,0,323,2,12,5,22.64,17.18,8.06,True,3,Critical Complexity,0.32140317359983245,5.747222222222222,5.900868397067178,0.6914852,1
dd2f278c52f694ac,138,17,1,391,2,7,6,27.64,16.05,8.54,True,1,Critical Complexity,0.07211102550883583,10.476600000000001,5.814625047240794,0.6911145,1
e35f24863c006c2c,192,15,4,735,3,14,13,23.86,23.37,7.33,True,1,Critical Complexity,0.06708203932462763,9.450795454545455,7.041818466972684,0.69110036,1
eca942c8297d7c2d,125,9,0,578,3,13,21,22.46,21.82,8.24,True,3,Critical Complexity,0.538516480713518,9.70185185185185,6.604460354233699,0.69093657,1
e416dbe5edd11639,171,15,0,137,8,11,0,18.23,16.53,7.87,True,3,Critical Complexity,0.036055512754796286,9.064411764705884,4.9089469286290806,0.6906921,1
e9e9dbb6e123bb87,390,4,1,126,2,8,2,28.25,25.59,9.47,True,1,Critical Complexity,0.18439088914592433,7.970000000000001,5.106868365691885,0.6906654,1
4c3c18ae961fea38,123,16,3,99,0,7,0,19.73,4.48,8.06,True,2,Standard Complexity,0.2720294101745952,8.195294117647057,6.621182985628858,0.69049156,1
37d0108fa2ab7caf,164,21,7,81,0,6,0,15.67,14.61,6.58,True,3,Critical Complexity,0.14035668847650792,6.541666666666667,4.327105139569512,0.6904597,1
3d3399eb4e1b65d7,71,22,7,54,7,5,0,27.32,24.61,7.28,True,1,Critical Complexity,0.07071067811839751,5.087843137254902,5.317940893611276,0.6902886,1
c3edaf3f21361a5d,163,12,0,163,0,7,2,18.39,12.29,6.38,True,3,Critical Complexity,0.18867962264096047,7.772456140350877,5.119746183642158,0.6899155,1
53f53ad97dfea099,325,23,0,395,5,4,10,30.6,18.14,6.94,True,1,Critical Complexity,0.020000000000436557,6.350153846153846,8.298963140483309,0.68987256,1
f0fced54923236db,139,11,0,520,8,16,8,22.03,7.47,12.56,True,0,Standard Complexity,0.10440306508964212,9.467931034482758,6.85408178377615,0.68971175,1
f478a688be122db2,123,15,0,306,3,14,10,34.39,24.36,7.74,True,1,Critical Complexity,0.184390889145801,9.79731343283582,7.321842314056559,0.68930936,1
c3451a28e13165e8,155,19,0,429,0,13,9,37.41,27.67,6.52,True,1,Critical Complexity,0.014142135623898962,9.334141414141415,6.393036775455408,0.6892832,1
77cef445cd338b90,195,18,0,519,6,14,20,28.59,15.3,8.02,True,1,Critical Complexity,0.03162277660237405,10.91548076923077,7.3038835665333774,0.68914944,1
d5b0aee26829e677,143,44,0,187,5,6,0,17.14,16.67,6.99,True,3,Critical Complexity,0.041231056256139105,3.31030303030303,3.4273167213102202,0.6890458,1
914fb61cac300dd0,244,12,3,855,1,11,22,25.34,23.41,6.94,True,1,Critical Complexity,0.04123105625707659,6.004126984126985,6.157678297509627,0.6890146,1
1ddb2163eb95a576,232,8,0,596,6,23,16,25.65,17.56,7.21,True,3,Critical Complexity,0.4936598018885235,10.074545454545454,9.04360986215366,0.68878955,1
59e504a25cf0513b,125,19,3,251,2,7,3,23.78,9.98,9.39,True,0,Standard Complexity,0.40706264874097736,7.590377358490565,7.120402776996339,0.68860817,1
4ffe958d5e9bb3a6,136,11,0,253,8,22,8,33.58,27.61,7.59,True,1,Critical Complexity,0.092195444572956,9.761645569620255,5.155878157072919,0.6881922,1
b997cae29d53365e,77,26,8,82,0,4,0,24.01,14.79,9.16,True,3,Critical Complexity,0.01999999999998181,8.648446601941748,5.166745563977077,0.68788666,1
f09f0a5b89f1d8e1,160,8,2,192,9,10,6,19.59,18.86,8.95,True,3,Critical Complexity,0.0905538513813797,5.552903225806452,5.437760564642093,0.68784654,1
be32aeccaa4947a5,190,6,0,183,1,8,4,22.57,7.3,6.4,True,0,Standard Complexity,0.7782030583335494,9.87027027027027,7.637552489840059,0.68778396,1
90ab7a5d1b29ae24,108,10,0,262,7,7,8,26.01,2.02,6.32,True,0,Standard Complexity,0.8709764635171332,9.9655,9.276512801155398,0.6876052,1
71c1eec3bb94549c,137,20,0,131,0,9,1,18.67,8.75,7.65,True,2,Standard Complexity,0.07211102550921421,5.2957777777777775,5.205378196907455,0.68721193,1
49a43ec9ece0a21b,178,17,3,312,4,2,9,20.68,19.98,7.52,True,3,Critical Complexity,0.1421267040352137,5.995106382978723,6.112550699381761,0.68685037,1
2b48fa577533e407,129,16,0,186,1,5,3,24.06,14.9,6.41,True,3,Critical Complexity,0.782368199762854,6.9468000000000005,6.210027516847249,0.68670464,1
801be198c6448a9a,133,2,0,327,16,9,6,22.82,15.41,6.29,True,3,Critical Complexity,1.3462912017835733,11.81418604651163,5.8389534872142805,0.68655354,1
f1d73563fbd2f770,110,17,0,286,1,11,3,31.36,16.92,7.99,True,1,Critical Complexity,0.0499999999998181,9.888351648351648,6.058844640840194,0.6861655,1
bca096db06f6d8ec,113,19,0,410,0,15,14,28.58,7.81,7.02,True,0,Standard Complexity,0.10295630141008555,7.713888888888888,7.633243914242553,0.6860996,1
196ba2825632b503,84,20,0,71,0,5,0,19.58,11.74,9.67,True,3,Critical Complexity,0.11045361017148396,6.905593220338983,5.548600150591182,0.68605494,1
44a4dae861ff3c51,164,24,0,328,4,4,15,25.11,9.23,9.63,True,0,Standard Complexity,0.05830951894847796,9.14231884057971,7.935670185286497,0.6857996,1
856ef03f72bc5cf7,177,8,2,648,8,22,15,23.05,14.08,9.06,True,3,Critical Complexity,0.13341664064131242,10.790000000000003,6.6501340675871425,0.6857561,1
3d6230e9ef027e5d,191,11,2,396,3,10,9,29.22,16.51,6.67,True,1,Critical Complexity,0.5797413216252829,11.617764705882353,6.955271276727599,0.68575096,1
bfcc912901910be5,140,18,0,210,4,10,2,18.62,18.11,8.48,True,3,Critical Complexity,0.23194827009490795,5.065,5.057263635227105,0.6856016,1
9f7987e907218087,278,5,3,336,15,12,6,24.64,12.36,6.48,True,0,Standard Complexity,0.040000000000020464,9.31435483870968,7.466773630875296,0.685255,1
f033a2eecf371e0b,190,58,1,34,1,2,4,16.42,15.95,9.48,True,3,Critical Complexity,0.07211102551034931,2.8064864864864867,3.1795144251201495,0.68518883,1
c87e0348799760de,133,16,0,600,1,12,11,31.39,22.43,6.67,True,1,Critical Complexity,0.09486832980519878,12.287464788732393,7.521271191312491,0.68499815,1
284b8f0fef700893,133,11,0,137,7,13,0,27.92,25.46,11.83,True,1,Critical Complexity,0.06324555320331006,9.271111111111109,6.89057828747359,0.68492603,1
a57ccf1efe818660,115,13,0,102,3,8,0,22.68,9.97,6.35,True,0,Standard Complexity,0.05385164807150718,10.597241379310345,7.002401015096092,0.6845938,1
8fb6289c38bdcda7,57,2,0,359,7,8,4,34.41,11.94,6.35,True,1,Critical Complexity,3.343560975965607,20.13783783783784,6.916338327872293,0.6845833,1
7293ac0324eaef6c,111,15,1,606,11,14,15,19.35,12.84,6.94,True,3,Critical Complexity,0.21840329667943498,8.75125,5.110659051188995,0.68430954,1
5d7dcbc81ef5fd26,129,28,0,285,2,15,5,20.39,19.34,8.29,True,3,Critical Complexity,0.05000000000006821,3.822127659574468,4.565137054254622,0.6842935,1
a7a7739a87063791,167,19,3,202,1,7,3,19.23,7.66,12.65,True,2,Standard Complexity,0.04472135954995512,5.379180327868853,5.076689994016841,0.68422526,1
193af5c393fc9aa1,152,19,0,138,3,7,8,21.67,13.68,15.74,True,3,Critical Complexity,1.5219066988492784,6.250888888888889,6.198215091539471,0.6842098,1
bb4e0120aec4f909,138,14,0,62,0,6,0,16.65,5.21,6.99,True,2,Standard Complexity,0.19235384061670693,5.482580645161291,5.695753918061178,0.68419975,1
f2adaf288764ae15,164,148,0,220,3,4,0,11.95,11.1,10.56,True,2,Standard Complexity,0.030000000000654836,2.78748427672956,2.7810635422178698,0.684083,1
2b7c6f8af359da68,133,10,0,231,7,15,5,20.55,13.46,7.42,True,3,Critical Complexity,0.15811388300845491,9.073166666666664,5.887125357270918,0.6838584,1
ccabf612e4eecdf1,148,15,0,332,3,11,4,24.66,9.04,10.37,True,0,Standard Complexity,0.09055385138109093,9.393660714285714,4.7813422718520675,0.68331194,1
afc4bd0a3c97dfe5,150,1,2,352,2,17,4,22.68,10.45,6.31,True,0,Standard Complexity,0.3125699921616969,10.980967741935487,6.135513941108769,0.6831591,1
6959ab5710875033,186,65,1,258,1,8,9,15.78,11.42,12.36,True,2,Standard Complexity,0.0,4.551454545454545,4.591648116934929,0.68314457,1
18cc7f034bdab1a6,299,15,0,107,2,5,3,16.47,7.64,9.42,True,2,Standard Complexity,0.020000000000095497,6.726666666666667,4.846669723367522,0.68311894,1
57c4e18cf43e20e9,242,23,0,403,6,6,3,17.5,17.02,8.61,True,3,Critical Complexity,0.009999999999990905,4.547818181818181,4.0618704562437475,0.6829772,1
139433749215eef5,78,20,0,165,2,2,4,24.27,20.78,10.28,True,3,Critical Complexity,0.20000000000004547,7.673030303030302,7.062341222607151,0.6821331,1
5093b045f58414a9,143,11,1,239,2,15,12,21.4,16.05,9.49,True,3,Critical Complexity,0.35902646142022,10.447380952380954,5.327265250140214,0.68201566,1
b7a216d6cd52d5ae,175,23,3,210,3,10,12,19.71,14.88,6.53,True,3,Critical Complexity,0.21023796041609516,4.900754716981132,4.683387682556213,0.6816739,1
c7a2da96247d1cd1,101,16,0,316,0,10,5,25.76,14.53,9.52,True,3,Critical Complexity,0.25495097567949654,10.626944444444444,7.620744648452248,0.6814807,1
f3f311659f241fab,208,6,0,83,1,5,0,28.74,12.86,6.31,True,0,Standard Complexity,0.06708203932503437,8.880886075949364,6.614097561772246,0.6814056,1
7cef8db004e89d0a,81,71,6,112,0,17,0,24.24,23.94,9.15,True,1,Critical Complexity,0.050000000000363795,4.075670103092783,4.253504778588748,0.68127203,1
d22713560fcbf4ac,177,80,0,211,1,6,0,16.89,16.03,7.32,True,3,Critical Complexity,0.09219544457356023,3.0130303030303027,3.0615169061689818,0.6812672,1
38d329fd9480a91d,157,9,0,133,5,11,0,17.27,7.88,6.33,True,2,Standard Complexity,0.1886796226411533,8.97875,5.449402674507415,0.6810112,1
e5c87076cd940600,121,17,2,592,3,16,10,21.75,14.45,6.64,True,3,Critical Complexity,0.07071067811867887,10.583764705882352,6.363378861333966,0.68098474,1
5d9a753c578956e3,142,13,0,251,11,16,6,21.11,9.86,6.32,True,0,Standard Complexity,0.8640023148117354,10.306438356164385,5.51030600295483,0.68073463,1
54e575b2dff3a215,149,8,1,111,2,8,2,25.44,9.53,6.51,True,0,Standard Complexity,0.18248287590900492,10.784344262295082,5.55226006083314,0.6806791,1
6007d534e891914c,74,102,3,120,3,8,0,23.49,19.55,10.68,True,3,Critical Complexity,0.029999999999972715,3.4353658536585368,3.5426438826333126,0.6806774,1
3b56e4be0a134d0f,232,6,2,708,8,23,13,33.51,19.29,6.39,True,1,Critical Complexity,0.3138470965294145,10.507640449438203,6.934609022698373,0.680641,1
aa6ce0171ac737e2,154,9,0,355,7,13,1,25.35,12.57,12.57,True,0,Standard Complexity,0.7211102550927789,10.138714285714286,5.5967508230678105,0.680397,1
2fa6497be246b073,167,1,0,67,2,4,1,20.84,14.41,6.33,True,3,Critical Complexity,0.12041594578789841,9.198055555555555,5.572215457789181,0.68023765,1
eee913bf767dfa6d,192,14,4,201,1,6,3,21.4,13.89,7.34,True,3,Critical Complexity,0.1204159457879645,8.29205128205128,6.317538744815259,0.68017113,1
653f73e6bfaed162,208,12,0,546,2,7,20,23.15,11.27,9.0,True,0,Standard Complexity,0.1676305461427515,9.235555555555555,6.884072617460476,0.68015236,1
839a63d0c68be96c,173,19,1,97,0,4,1,19.01,10.45,7.77,True,3,Critical Complexity,0.022360679774996627,4.57425925925926,4.914068843580776,0.68001294,1
acf54aba9276d9d6,106,22,0,256,2,9,5,27.6,9.69,8.52,True,0,Standard Complexity,0.30083217913021043,6.0062000000000015,6.0374527377032114,0.6800115,1
43a3dffd84ebc520,125,7,0,392,10,11,11,21.08,18.61,9.35,True,3,Critical Complexity,0.2729468812791284,9.759811320754716,6.072197230795716,0.6799499,1
24029095f7669db8,163,11,2,93,2,9,2,27.41,23.44,9.45,True,1,Critical Complexity,0.022360679774265767,5.595576923076923,5.666693654579545,0.6798845,1
4f98a4e39fe18d7b,218,30,0,153,3,6,2,14.95,10.18,9.41,True,2,Standard Complexity,0.21377558326434842,4.8738983050847455,4.481407926824705,0.6797426,1
6f21bf273c8ae03,179,7,0,430,1,9,21,24.54,18.79,6.41,True,3,Critical Complexity,0.14866068747410519,9.725802469135802,5.877600262851366,0.679742,1
f6769a535cf1dfe7,130,8,0,301,0,14,19,25.4,10.11,6.83,True,0,Standard Complexity,0.0894427190995035,14.027619047619044,6.9106636518386235,0.67955714,1
54f6e80fe167e2,182,13,0,399,9,21,8,18.62,9.93,7.02,True,2,Standard Complexity,1.5508062419270452,10.518103448275863,6.759245381492633,0.6793908,1
ff25c917d9b53288,211,13,0,163,6,5,6,16.7,11.86,6.86,True,3,Critical Complexity,0.2729468812791003,6.473243243243243,5.130166244634718,0.6790967,1
597e16ddfccb9796,85,21,1,348,0,10,8,21.8,20.33,15.73,True,3,Critical Complexity,0.09219544457237644,7.587758620689656,6.811388041007817,0.67904294,1
3d5f6a4b1ee3df9d,128,27,0,83,8,2,0,20.27,19.61,6.77,True,3,Critical Complexity,0.05385164807150701,4.546428571428572,4.769990801343118,0.6788058,1
3db3a56b2586f178,181,23,1,511,5,17,13,30.02,16.83,6.68,True,1,Critical Complexity,0.010000000000218279,10.829504950495052,7.214227057152672,0.6786299,1
c1d4d20dce14d59e,103,15,0,303,0,6,0,22.81,13.05,6.94,True,3,Critical Complexity,0.1897366596100021,9.7366,7.316143959764597,0.6783123,1
f0472d6a1777cbc9,76,91,0,41,2,7,0,18.87,18.23,9.22,True,3,Critical Complexity,0.076157731057913,3.368260869565217,3.601028901486126,0.67825764,1
8cd3336c423894cc,134,13,0,232,5,16,2,32.84,22.37,8.34,True,1,Critical Complexity,0.2599999999996936,10.99234375,8.142590332279768,0.6778645,1
f0441cc9ee1680e0,125,14,0,57,6,10,0,21.87,19.78,6.31,True,3,Critical Complexity,2.134595980509004,6.282592592592594,5.208135795430918,0.6776429,1
56a56d8109986f88,125,14,1,356,1,9,13,31.48,18.15,6.52,True,1,Critical Complexity,0.1360147050873394,11.738795180722894,6.857937692322962,0.6772177,1
99e0da03f786257c,136,13,0,130,3,10,1,22.89,17.16,7.35,True,3,Critical Complexity,0.04242640687131504,9.776842105263157,6.694514947221943,0.6771838,1
993c6a4b5751097f,125,4,1,432,1,19,11,30.99,15.06,6.41,True,1,Critical Complexity,0.36138621999130416,14.75561797752809,5.567136507017471,0.67706174,1
5849c419ec2088a1,90,45,0,545,3,15,20,16.99,15.54,10.92,True,3,Critical Complexity,0.060827625302926874,6.167820512820512,5.088048249911294,0.67703015,1
fd52df9e2dd5a0c4,138,18,0,244,4,9,5,22.07,8.47,8.9,True,0,Standard Complexity,0.3501428279996927,7.092394366197185,4.9601611357255955,0.6770132,1
df340ed4ab9fcafc,205,2,0,567,11,7,10,22.2,11.29,6.32,True,0,Standard Complexity,0.5263078946774717,11.430909090909093,6.5959642682551864,0.67695206,1
2c1457fe0ab1745a,112,17,1,248,0,5,9,23.09,16.88,9.48,True,3,Critical Complexity,0.0500000000001819,10.98561797752809,6.522206829093552,0.6765683,1
37a5b02c85d3c115,216,13,0,216,4,5,6,18.35,13.87,6.72,True,3,Critical Complexity,0.0500000000005457,6.483333333333333,5.57463885939694,0.67641914,1
b26bc5cb43a5325e,145,2,0,285,0,5,18,17.51,12.7,6.3,True,3,Critical Complexity,0.768960337078597,9.885925925925926,6.574844461903013,0.67639405,1
133e374f7e1ffa73,125,6,0,249,0,15,5,29.52,26.85,8.08,True,1,Critical Complexity,0.4428317965096524,11.103636363636365,5.845599545776872,0.67637044,1
bb34801b031d39c8,143,7,0,194,7,11,5,21.65,20.25,6.34,True,3,Critical Complexity,0.2549509756796415,9.573164556962025,5.151301800394129,0.6761243,1
709cd2c7ce694f5d,145,8,0,539,5,10,18,24.21,20.46,12.68,True,3,Critical Complexity,1.13745329574461,12.458666666666668,6.868689459342946,0.67602783,1
da1c0a79fe40a002,180,16,0,465,4,12,10,25.68,17.92,8.43,True,3,Critical Complexity,0.05830951894816601,10.447027027027028,7.315112777340858,0.6756759,1
b0ab712aa30a1390,215,16,1,490,3,12,17,21.89,10.67,6.46,True,0,Standard Complexity,1.066255128944329,10.169718309859155,7.652681380732956,0.6755617,1
b6349ff810b22508,133,11,1,81,0,5,1,28.57,9.98,9.49,True,0,Standard Complexity,0.036055512752904424,8.73603448275862,7.017985745913526,0.67554146,1
4bf093700b92ec96,97,7,0,179,9,10,9,31.24,15.38,6.81,True,1,Critical Complexity,1.6100000000001273,12.386363636363637,9.142806931957018,0.6755185,1
b57b32dd6fe047a7,98,18,0,536,7,13,15,33.18,14.01,7.79,True,1,Critical Complexity,0.13000000000052891,9.07575,9.121908486577794,0.6754353,1
235e352ae85ceaa0,115,8,1,481,1,9,14,27.4,15.83,6.3,True,1,Critical Complexity,0.9915644204999282,11.337941176470588,9.22571495058681,0.67538345,1
53d540ccda62fb1d,85,25,3,74,0,7,0,19.92,7.64,6.49,True,0,Standard Complexity,0.13152946437983332,5.9030000000000005,5.298295291883985,0.6753542,1
94b735c915f2272c,149,8,0,474,3,14,12,21.73,19.54,8.26,True,3,Critical Complexity,0.19313207915861025,9.823709677419357,5.805217962586085,0.6752625,1
72cb6721520098b0,81,42,0,284,6,5,8,26.36,12.22,6.69,True,0,Standard Complexity,0.1000000000003638,7.04,7.8589092800759435,0.67524946,1
4678fff97efa1f0c,144,9,0,248,0,12,7,25.22,10.01,6.62,True,0,Standard Complexity,0.10816653826476723,11.367246376811595,6.292082184353665,0.6750928,1
ebb7102ef59774,166,8,3,515,2,16,16,27.31,11.71,6.41,True,0,Standard Complexity,0.4044749683230581,10.800851063829787,5.977229960365806,0.6748804,1
a1e3f715fe657f19,115,25,0,131,6,10,5,26.08,13.19,6.68,True,0,Standard Complexity,0.01999999999998181,8.877640449438202,6.139858912567047,0.67486465,1
7cc82f6fbbc710a1,150,8,0,379,0,11,12,24.05,16.88,6.55,True,3,Critical Complexity,0.09219544457237644,12.83575,5.386555897556434,0.67484367,1
1484484a6054e71a,142,11,1,116,1,6,1,21.72,4.44,11.34,True,0,Standard Complexity,0.07810249675903917,9.613283582089553,6.677669713319027,0.6747069,1
a13b2ca0739dcf8,134,5,1,579,6,18,16,35.54,34.61,6.32,True,1,Critical Complexity,0.7495331880582174,12.214615384615385,9.09630830898288,0.6746459,1
3d1b0b3bf4991d6d,157,9,5,98,1,8,0,34.27,19.7,9.39,True,1,Critical Complexity,0.044721359550361856,7.981566265060241,5.523881663391343,0.6744943,1
c87ef73a37aa2c3e,185,12,0,280,2,8,12,24.4,15.03,7.31,True,3,Critical Complexity,0.19646882704348642,6.703953488372092,6.907856376530051,0.6743866,1
dead09ded2aaf8c4,210,2,0,93,4,16,5,30.98,28.89,6.49,True,1,Critical Complexity,1.0601886624558308,7.964042553191492,6.262668066993346,0.6738967,1
b9c9542c8601e5e3,219,3,0,129,0,4,0,19.12,18.59,6.33,True,3,Critical Complexity,0.14212670403553368,8.494687500000001,5.023720909579248,0.6737368,1
b44b9315d2db00b,170,17,2,152,4,1,14,16.47,15.26,6.78,True,3,Critical Complexity,0.07999999999992724,4.4278571428571425,5.089407550755497,0.67370594,1
585aef1d2f43baca,137,8,0,165,0,8,7,27.87,16.46,9.43,True,1,Critical Complexity,0.6606814663662003,9.816530612244897,6.693035841804161,0.6734014,1
5b21447cbd30df9,145,13,0,124,0,6,1,36.51,23.62,8.01,True,1,Critical Complexity,0.08485281374234872,8.788518518518519,6.335194874785535,0.67298454,1
9e2cb26ea7e71839,146,12,0,301,1,9,4,31.75,14.99,6.42,True,1,Critical Complexity,0.2807133769521087,11.392604166666665,6.045595718646425,0.6729798,1
a1e220495b78a6f3,159,7,1,593,5,14,7,25.97,22.78,6.38,True,1,Critical Complexity,0.4060788100845305,10.47338028169014,6.684808285443369,0.6728862,1
5f8f1503e513275d,145,7,0,483,1,9,16,29.32,17.94,7.63,True,1,Critical Complexity,0.07280109889239542,12.538888888888888,6.8798926922438355,0.6727874,1
1b07d7865475f381,129,14,0,192,1,5,2,26.57,15.29,6.59,True,3,Critical Complexity,0.13928388277168186,10.458906249999998,6.1957689991808875,0.672672,1
3396229143d61fad,95,17,1,230,2,14,7,30.05,25.29,7.66,True,1,Critical Complexity,0.3769615364993258,8.2306,6.36825389255171,0.67265385,1
3ed64b622bd212fc,110,2,1,142,2,3,8,32.71,7.16,6.69,True,0,Standard Complexity,1.2054044964244086,11.210526315789474,10.665781227677414,0.67262566,1
4c231346044b22b0,121,38,22,183,3,12,4,17.71,7.0,6.97,True,2,Standard Complexity,0.08062257748291217,5.4682178217821775,4.913631351807394,0.6725812,1
af248142a568bb90,172,2,2,446,3,15,12,24.0,11.1,18.9,True,0,Standard Complexity,0.29681644159303816,11.217049180327868,6.6714887232510955,0.672537,1
81e869b3844db5fc,111,1,1,738,8,16,20,33.98,13.48,6.3,True,1,Critical Complexity,2.3988538930087007,11.49633333333333,10.200261919295123,0.6724035,1
73540579ca0c2126,135,0,0,213,0,1,4,37.14,19.33,6.33,True,1,Critical Complexity,0.27658633371885566,15.891384615384617,7.851798887843978,0.67188984,1
64c93162d5fe2cc3,193,3,0,86,1,5,1,29.55,21.56,6.96,True,1,Critical Complexity,0.3124099870362295,8.256307692307692,5.81052799645894,0.6717636,1
745436f966da7b51,168,8,0,123,5,10,4,30.39,13.18,6.96,True,1,Critical Complexity,0.2692582403566999,10.599342105263158,5.533912990662859,0.67146116,1
e272bb4634cf6c40,137,18,0,59,5,0,1,18.49,17.9,6.75,True,3,Critical Complexity,0.6407027391856309,5.666666666666668,4.841086195840305,0.6713261,1
1d90b45ac11832d0,259,89,1,150,6,7,5,18.49,10.86,11.28,True,3,Critical Complexity,0.06324555320374148,2.6211666666666664,2.709022020131168,0.6711508,1
8b355a15fc2a2b10,83,20,0,549,27,5,14,23.98,14.54,7.86,True,3,Critical Complexity,0.036055512754039544,8.325857142857146,5.973073746371447,0.6710647,1
5837080b869877a3,207,13,0,499,1,15,8,34.69,26.09,7.52,True,1,Critical Complexity,0.08944271910072371,10.753214285714284,7.440625479454681,0.6708263,1
7382f102ce0eeffb,92,54,2,219,8,18,4,19.93,11.18,6.69,True,3,Critical Complexity,0.06324555320345387,4.629439252336449,4.00855040146386,0.6708156,1
4b26bae0b434cfaa,151,16,1,100,2,4,0,19.61,12.08,6.52,True,3,Critical Complexity,0.05830951894844871,7.90932584269663,4.936507157525293,0.67068213,1
2257441e6ad430d6,150,5,0,637,2,11,16,33.01,18.61,7.03,True,1,Critical Complexity,0.23345235059829453,14.248307692307693,6.95005712632433,0.6704508,1
93dc44d4cbd36da8,102,3,0,254,5,4,10,31.69,16.49,6.77,True,1,Critical Complexity,0.3769615364991147,14.058648648648647,9.345750924137219,0.67012995,1
a09880bbf81d8410,101,6,0,481,7,13,15,37.49,14.53,6.76,True,1,Critical Complexity,1.1243220179296085,14.049999999999999,10.117618615643353,0.6700697,1
eb9e680d2d0f910a,81,45,4,291,11,22,11,33.77,15.61,9.19,True,1,Critical Complexity,0.1208304597361369,4.4979104477611935,5.3630959919477545,0.66996044,1
eccc941e49b38620,71,20,0,352,4,5,7,19.2,13.29,6.37,True,3,Critical Complexity,0.1920937271233789,10.043478260869566,5.8277807509730035,0.66984046,1
eda108970a150d91,238,14,2,250,4,8,5,21.93,16.17,6.48,True,3,Critical Complexity,0.6260990336998801,6.804246575342466,4.561676547663366,0.66967356,1
4d62814772c37f12,188,8,0,569,9,11,10,20.69,9.16,10.86,True,0,Standard Complexity,0.2707397274140527,10.424193548387095,6.161637965196586,0.66959304,1
844df72e3b6210ab,103,35,4,198,2,4,4,28.47,18.73,6.81,True,1,Critical Complexity,0.036055512754607104,5.417580645161289,5.025703829856257,0.6693469,1
8de1c60b7a263a96,93,16,1,526,3,17,14,17.17,16.69,8.54,True,3,Critical Complexity,0.29999999999982097,9.468208955223881,5.376911926634606,0.669156,1
eebe539412331c01,156,11,2,380,2,12,14,23.84,7.79,6.4,True,0,Standard Complexity,0.0984885780176637,10.434766355140185,6.359073192006672,0.66902745,1
2a122432c5177cd3,125,11,1,114,0,4,1,17.61,17.26,6.65,True,3,Critical Complexity,0.36796738985946864,7.777647058823531,5.359699595852875,0.6688958,1
8d08e6e250f5c042,118,4,2,79,8,0,1,19.22,17.03,6.69,True,3,Critical Complexity,0.022360679773757344,9.521818181818182,7.512595667538075,0.6687149,1
7f29a5ce38804907,212,14,2,178,7,8,5,17.73,16.77,6.8,True,3,Critical Complexity,0.044721359550361856,4.908870967741937,5.448343668059694,0.66868204,1
a0f6c50f3e518a9f,151,24,0,106,1,6,0,15.72,6.45,6.57,True,2,Standard Complexity,0.12649110640672798,6.147333333333333,4.569278377259246,0.66862273,1
866f651786869158,137,0,0,235,2,7,5,24.15,13.85,6.31,True,3,Critical Complexity,0.10198039027185213,9.633152173913043,5.121647775215008,0.66856575,1
6db9ef8ad43dd0c7,236,19,1,195,1,6,5,17.25,17.0,6.99,True,3,Critical Complexity,0.3104834939251378,4.540238095238095,4.4621308640684845,0.66815674,1
27997d88023ff2a2,101,15,0,110,1,7,0,22.02,9.02,10.63,True,0,Standard Complexity,0.2927456233660557,8.206744186046512,6.300749944632923,0.6680055,1
f7c2009918ceeac,129,11,1,57,5,1,1,34.77,33.5,9.1,True,1,Critical Complexity,0.13152946437938384,5.430322580645162,7.265711999775636,0.66781366,1
9c7d4a8453342ef6,173,10,2,155,2,10,0,28.63,17.34,7.53,True,1,Critical Complexity,0.738241153011707,10.406428571428572,5.705317829061958,0.66778797,1
ce89e01ca7215dff,136,9,2,302,1,12,5,29.37,27.95,6.31,True,1,Critical Complexity,0.2915475947422104,7.185555555555557,6.510833213637289,0.6677466,1
8b26c88320e20c78,140,5,2,201,3,14,2,31.25,18.47,6.41,True,1,Critical Complexity,0.08062257748271476,13.078181818181816,6.624340712556462,0.66753876,1
2e451504e7013638,128,17,0,112,7,9,0,20.13,19.33,6.74,True,3,Critical Complexity,0.854283325366878,6.074523809523809,5.238343614241211,0.6675017,1
11673e7b90dec01b,156,8,0,315,5,7,7,29.05,26.31,6.33,True,1,Critical Complexity,0.2385372088379339,12.317037037037037,6.560938880878883,0.6674966,1
39358812adc3c5ca,158,12,0,106,6,10,0,19.11,14.16,7.97,True,3,Critical Complexity,0.23769728648013155,5.452916666666667,4.802566570045877,0.6671762,1
a50c79496921fab2,200,11,2,428,3,9,19,28.83,15.6,6.59,True,1,Critical Complexity,0.03605551275481205,11.752680412371134,5.829008600868399,0.6669555,1
7fcaf5f3a227b4fa,160,6,0,603,1,12,13,31.12,27.92,6.37,True,1,Critical Complexity,0.4614108798018401,12.186164383561643,6.204390983797472,0.6669437,1
f89d73574f67c28a,146,7,0,385,1,11,17,19.23,11.92,6.31,True,3,Critical Complexity,0.1280624847485405,10.537777777777778,5.191151612284926,0.66687375,1
1e4f4ea569713de,175,9,0,164,7,12,1,26.91,14.98,12.62,True,3,Critical Complexity,0.4909175083453302,7.837272727272728,4.909209510351837,0.666682,1
7371f43dd38360d6,212,11,0,203,1,13,10,19.5,15.59,7.41,True,3,Critical Complexity,0.09219544457262306,8.288518518518519,5.223995469887981,0.66660637,1
6e1b75100a9a3d78,259,36,0,124,0,9,8,21.69,18.84,7.58,True,3,Critical Complexity,0.6081118318201993,3.195571428571429,3.2240248296253577,0.6665101,1
9f007093fa28365b,93,15,0,313,2,11,5,28.6,17.2,6.51,True,1,Critical Complexity,0.06999999999970896,12.896329113924049,6.945955963444802,0.6664665,1
91aacbba1b9d6273,125,25,0,121,1,6,1,22.03,11.83,8.96,True,3,Critical Complexity,0.01999999999998181,7.478630136986302,5.574587229652933,0.66643643,1
4215c2942e6bf3c6,170,13,0,660,2,13,16,29.2,20.19,6.42,True,1,Critical Complexity,0.5470831746639184,12.143013698630138,7.386486121220998,0.66621864,1
e2600d529974b4a6,137,6,0,509,0,10,13,35.02,24.47,6.61,True,1,Critical Complexity,0.36400549446287656,12.681066666666668,6.463242029267424,0.66599905,1
195bc5c822c1c0d5,139,4,0,612,9,19,11,29.79,16.7,12.56,True,1,Critical Complexity,0.8376156636548753,9.832,6.29597808128332,0.6658858,1
9e3c70ebd2a4caaf,155,9,0,468,6,10,14,21.97,9.73,6.8,True,0,Standard Complexity,0.4103656905745982,11.143793103448276,6.847751664140978,0.66588473,1
3f253829fad426c0,133,12,0,504,0,17,17,32.47,10.13,6.77,True,0,Standard Complexity,0.058309518948380476,9.346575342465755,5.827205025456635,0.6657518,1
dd4c971c7adec09c,78,7,0,214,0,8,9,36.03,31.69,6.29,True,1,Critical Complexity,0.19924858845183277,12.107999999999999,10.120226479679197,0.66558397,1
7c1c8447b4bb1719,167,8,0,410,2,13,17,25.33,14.98,6.32,True,3,Critical Complexity,0.26570660511170074,14.004696969696969,8.13952779877067,0.6655631,1
28a4a7ef48d9d00b,185,14,0,131,2,1,2,18.31,6.36,11.49,True,2,Standard Complexity,0.08246211251227821,4.926956521739132,5.458629733122319,0.6649792,1
e2c99ce3c602aae7,200,6,0,109,2,5,3,20.89,19.03,6.51,True,3,Critical Complexity,0.16999999999984539,6.30245283018868,5.037994099804187,0.66485816,1
9a166405c36345a5,135,12,0,326,0,7,10,24.58,20.07,7.34,True,3,Critical Complexity,0.15264337522568605,10.890000000000002,5.947673956278713,0.6648081,1
eb86f558cb5ee771,133,3,0,404,2,20,5,24.57,12.57,6.33,True,0,Standard Complexity,0.13601470508741462,10.18537037037037,7.452220825579188,0.66475224,1
bae6492b62a5f967,127,17,1,532,5,8,15,23.52,19.96,8.35,True,3,Critical Complexity,0.15620499351711764,11.37,7.135257528639032,0.6647289,1
9c3c73191a724426,142,14,0,147,4,10,2,35.46,33.34,6.75,True,1,Critical Complexity,0.12041594578826662,11.29787234042553,7.107715746471521,0.6646317,1
c55ccf66326b678b,134,12,0,431,0,17,10,31.22,28.76,11.92,True,1,Critical Complexity,0.3733630940509043,9.357058823529412,7.2581672169688245,0.66428125,1
f6071dc1cf505103,148,2,0,269,3,7,22,35.22,20.05,6.32,True,1,Critical Complexity,2.615033460588512,18.064807692307696,8.852788454750074,0.6642186,1
ba24c7fdcf7726c9,156,15,0,116,2,8,1,26.37,11.25,6.79,True,0,Standard Complexity,0.014142135624039643,9.8213,5.999914275220939,0.66420764,1
ccfd9233e30c43e2,99,15,0,549,5,14,13,23.3,17.58,12.56,True,3,Critical Complexity,0.14035668847561694,12.220632911392405,6.691894273411063,0.6641699,1
d1cd2e4ffea027a3,143,1,0,226,7,9,6,34.61,25.85,6.34,True,1,Critical Complexity,0.8918520056604732,15.734788732394364,6.602119561310964,0.6636259,1
8f92906d2f176e93,227,9,0,303,0,13,9,21.06,12.89,7.37,True,3,Critical Complexity,0.02236067977385903,10.308205128205126,5.063610940109263,0.6636064,1
2892b0d0da51ae4c,125,17,2,158,5,5,2,30.6,18.86,11.15,True,1,Critical Complexity,0.8202438661765694,9.282388059701493,7.2388893948108635,0.6635747,1
9bb452693fd0a72b,141,7,0,495,2,17,14,24.31,13.72,6.34,True,3,Critical Complexity,0.12041594578798338,11.79072463768116,6.853105573142687,0.66343117,1
f4f1c1a51cbfffd3,178,3,0,476,4,14,8,23.84,14.25,6.37,True,3,Critical Complexity,0.26476404589727665,10.962988505747127,6.57937723967374,0.66324276,1
7f48b83ec1f30110,367,18,5,126,2,6,2,21.91,21.64,9.23,True,3,Critical Complexity,0.058309518948399974,7.131428571428573,5.715801977404217,0.6629615,1
76a37328d7c4783f,138,17,2,534,3,11,9,21.92,11.76,9.51,True,3,Critical Complexity,0.02236067977497756,10.692959183673468,6.043364417948825,0.6628572,1
273e8a1998777b3e,172,21,0,383,1,10,14,20.11,19.73,12.56,True,3,Critical Complexity,0.07071067811836937,5.731136363636364,4.754388984692838,0.6627574,1
49405f904eb0138f,144,9,0,187,0,9,3,21.02,15.84,6.75,True,3,Critical Complexity,0.04242640687117436,8.908166666666665,6.197072559326345,0.6626157,1
7f8733945bb75494,221,8,0,683,2,13,17,21.76,11.04,7.87,True,0,Standard Complexity,0.17000000000007276,9.226274509803922,6.329039657283551,0.66251975,1
9427c707a55389a9,229,13,0,137,2,8,3,23.59,17.25,9.46,True,3,Critical Complexity,0.07810249675899551,7.90257142857143,4.614905876060525,0.6625067,1
12da654c05b97326,147,8,0,228,3,13,6,27.92,14.21,7.9,True,3,Critical Complexity,0.0500000000001819,11.9703125,6.077035744835669,0.6624957,1
dada8dfe8af77ee,117,12,0,356,0,9,12,23.43,6.82,9.48,True,0,Standard Complexity,0.13416407864884852,9.5144262295082,6.889998102402879,0.6622113,1
80c1a08df1b128a6,74,20,0,402,0,9,12,22.39,10.7,7.48,True,0,Standard Complexity,0.08944271909991024,8.991636363636365,6.6792029365612615,0.66217965,1
5457095fdb9b2761,308,7,0,254,14,6,6,23.32,12.57,6.33,True,3,Critical Complexity,0.07211102551085381,9.144947368421052,5.6304063373388695,0.6621301,1
c7e15b17d3f2a65,107,26,0,418,3,10,3,32.35,30.34,8.96,True,1,Critical Complexity,0.022360679775485982,8.409333333333333,6.3263884378582596,0.66211313,1
c61940720a6332c0,95,17,7,282,4,11,3,18.82,14.32,10.47,True,3,Critical Complexity,0.2220360331117762,7.056744186046512,5.200727910112616,0.6620672,1
7f01ea936e138fad,175,8,0,183,3,7,2,20.14,17.55,6.58,True,3,Critical Complexity,0.12369316876753497,9.359999999999998,5.279869144383996,0.662043,1
7b9d72e0f0c5ec75,127,14,0,270,11,20,7,18.43,7.92,6.55,True,2,Standard Complexity,0.6603029607688277,10.355882352941176,5.252696012327752,0.66203123,1
1112d6cd56dce3bf,174,13,0,604,4,16,17,26.77,17.65,6.59,True,1,Critical Complexity,0.18357559750673302,8.73641791044776,6.735390536271606,0.6619883,1
77e87a7981c7bd59,179,13,0,120,1,6,1,31.23,17.71,9.47,True,1,Critical Complexity,0.041231056256194255,8.1577,5.806312229806455,0.66181,1
b476c9f2fcaf28bc,135,14,3,90,0,6,0,18.99,7.8,7.08,True,2,Standard Complexity,0.049999999999954525,7.910136986301369,5.9695004479163165,0.66177815,1
c53672c6c0d60598,126,0,0,290,0,12,8,32.07,8.07,6.34,True,0,Standard Complexity,0.24166091947144583,12.649647058823533,5.660188823925518,0.6615915,1
817d38155351ad82,139,7,0,192,0,5,5,28.84,16.25,6.84,True,1,Critical Complexity,0.264764045897457,12.754615384615384,5.609276586729342,0.66148865,1
b0600f239db15894,206,6,0,524,9,9,8,21.94,9.27,6.29,True,0,Standard Complexity,2.514478077056716,8.535892857142857,6.7235170369132895,0.6613989,1
138869a8ec9b4c9,186,8,0,107,6,10,0,20.63,19.26,6.8,True,3,Critical Complexity,0.17464249196573697,4.8075,5.52047873075032,0.661353,1
a5937ac6109ce786,98,15,0,120,0,4,0,22.8,6.5,6.89,True,0,Standard Complexity,0.050990195134900454,9.078676470588235,6.815953367438294,0.6613371,1
d468c62a4f99fa53,127,14,1,239,3,8,2,19.39,8.14,6.76,True,2,Standard Complexity,0.12041594578802822,8.645918367346939,6.345508428630908,0.66125375,1
5c6993113e9ba2dd,187,12,1,331,2,14,7,26.82,8.81,8.43,True,0,Standard Complexity,0.0806225774833352,7.410689655172414,5.183657518731555,0.6610725,1
1530c47e5e6750d1,144,3,0,341,0,11,8,22.13,16.63,6.88,True,3,Critical Complexity,0.7184010022262906,9.41044117647059,5.423998534243991,0.66106176,1
bd340270721688cf,69,8,0,390,7,11,7,38.0,11.33,6.58,True,1,Critical Complexity,0.25806975801162557,14.470476190476191,9.295428203559442,0.66096324,1
a688071593f19f36,206,6,0,233,3,10,3,19.42,17.87,7.71,True,3,Critical Complexity,0.06000000000040018,7.762666666666668,6.263165830650042,0.6609486,1
b28939eb79b77eff,141,11,0,96,2,3,4,20.67,19.54,6.43,True,3,Critical Complexity,0.20808652046691017,4.43,5.017270174108626,0.66065896,1
8442a50a5bbd891,94,38,0,119,5,10,1,35.95,28.1,7.35,True,1,Critical Complexity,0.042426406871636596,4.9310937500000005,5.371852019202589,0.66064274,1
a5ded304b7ceffe7,160,13,2,198,2,6,3,22.27,8.17,7.25,True,0,Standard Complexity,0.4800000000000182,9.129999999999999,5.111013551518869,0.66055113,1
66c466d3f9f3c852,158,10,0,570,0,11,11,23.64,6.51,7.18,True,0,Standard Complexity,0.06000000000040018,8.777142857142858,6.923365127875139,0.66051686,1
634f0d0aaa465be1,124,7,1,101,0,5,0,37.71,30.8,6.42,True,1,Critical Complexity,0.041231056256194255,8.049199999999999,7.639243637952648,0.66041553,1
b4a950bee1a64fe4,108,25,6,56,8,5,0,20.26,4.45,6.51,True,2,Standard Complexity,0.04123105625531191,5.63488888888889,4.93845032923497,0.660139,1
c25b30136c64e808,126,4,0,531,0,13,9,28.15,21.8,6.4,True,1,Critical Complexity,0.19104973174499837,11.854634146341462,8.731080478930757,0.6601052,1
75f0da84aeed2929,168,5,5,344,5,14,7,31.45,17.17,6.42,True,1,Critical Complexity,0.4792702786527096,11.666249999999998,6.332868858815453,0.6598467,1
13ed02242475506,100,2,0,675,10,15,0,23.67,16.72,6.29,True,3,Critical Complexity,0.1486606874731072,11.301136363636365,7.115936409314304,0.6598311,1
274e2b4fec9625fe,126,10,5,97,2,4,0,21.83,16.67,7.63,True,3,Critical Complexity,0.298328677803489,7.813661971830984,5.121952543470893,0.65967065,1
86fca1a7d0d1bdc4,167,5,0,496,5,11,5,26.4,8.67,6.34,True,0,Standard Complexity,0.24083189157551357,11.072835820895522,7.081480536228672,0.65967053,1
19634426ff8e28c2,119,19,0,344,0,8,13,20.15,18.82,7.65,True,3,Critical Complexity,0.06324555320331006,8.925714285714285,5.690975232152264,0.6596543,1
1e7b674dbacffde8,99,19,1,146,7,4,3,22.6,8.33,9.23,True,0,Standard Complexity,0.08246211251233336,6.0793478260869565,6.697635664002087,0.6594027,1
df9dc2e6936398c2,139,9,1,130,4,10,0,25.53,17.44,6.8,True,3,Critical Complexity,0.13152946437976415,10.663695652173912,5.234470762956076,0.6592468,1
3eabb1c3c35d2853,97,13,0,57,7,10,0,25.86,4.97,7.11,True,0,Standard Complexity,0.08062257748632463,4.4152,5.368555202286738,0.65916204,1
f74ac82a8dd5e0a0,193,12,2,437,3,8,20,23.82,18.03,6.58,True,3,Critical Complexity,0.1315294643789344,7.369841269841269,6.216855861301722,0.65911716,1
fcd8a588186d21d1,130,18,4,148,3,10,3,23.55,12.06,10.67,True,0,Standard Complexity,0.07071067811836536,7.405303030303031,5.968651240895666,0.6588151,1
8c3696ba0107c112,114,18,0,460,6,11,13,24.48,22.28,9.71,True,1,Critical Complexity,0.13928388277182063,9.559753086419754,6.395615584481745,0.65863603,1
9e81968b494b4c32,127,40,1,60,10,5,1,16.07,6.79,11.97,True,2,Standard Complexity,0.014142135624039643,3.9248484848484853,3.874803315604408,0.6585895,1
cf2a470b6bcf0832,126,11,0,356,0,10,10,33.43,31.37,9.4,True,1,Critical Complexity,0.17262676501650615,10.881647058823532,5.394937680948212,0.65852624,1
bad7b4549f35c9b,110,11,0,197,6,13,3,23.46,12.52,7.88,True,3,Critical Complexity,0.09848857801801576,9.627333333333334,4.950028462319968,0.65819114,1
50b86da75f9f4621,106,12,0,318,0,15,20,23.4,20.34,6.29,True,3,Critical Complexity,0.13416407864986535,11.163823529411767,6.133915367329746,0.65814716,1
19dbca886ea9199b,146,19,0,258,4,8,2,18.88,9.38,6.69,True,2,Standard Complexity,0.02236067977497756,6.9700000000000015,6.078868315731144,0.65811366,1
5baec29e77c4019,152,1,0,74,2,4,0,21.22,9.78,6.31,True,0,Standard Complexity,0.08246211251238851,9.292549019607844,5.408204675881316,0.6579231,1
957add777dd66461,126,12,0,345,5,10,5,33.26,22.37,6.51,True,1,Critical Complexity,0.3041381265153446,11.411666666666664,5.944046741628691,0.65760016,1
4a3cf7ad1a324296,145,10,1,549,2,17,12,22.7,11.93,9.5,True,3,Critical Complexity,0.8605230967266702,11.396301369863014,6.531361121616001,0.65754396,1
d9292fdb5ef26bdb,64,24,0,98,10,4,1,23.2,20.15,6.44,True,3,Critical Complexity,0.09486832980467749,4.206216216216217,5.158317005732482,0.6574488,1
2c01a8106f773036,179,7,0,116,1,6,1,21.19,10.46,7.34,True,0,Standard Complexity,0.34985711369070205,10.972957746478874,5.22447662837802,0.65734166,1
f20c26b3d5a81804,90,50,3,168,1,6,6,20.99,11.56,8.46,True,3,Critical Complexity,0.0360555127543785,5.664945054945055,5.724877727688255,0.6573088,1
2afa38d0cac630a6,82,13,0,60,0,6,0,27.24,15.25,7.77,True,3,Critical Complexity,0.5015974481594112,10.732586206896553,6.70178811968784,0.65718544,1
b9395da0844a0da6,150,15,1,471,2,17,11,26.28,7.86,7.99,True,0,Standard Complexity,0.09848857801824085,11.23041095890411,8.07289638206117,0.6571656,1
ab061b3b4f1fccc4,92,4,0,95,8,16,0,23.74,23.57,4.87,True,1,Critical Complexity,0.33376638536539177,7.033333333333332,6.300784783571717,0.6567954,1
a14a7b36a0147b3a,74,13,0,207,1,6,8,27.66,13.9,6.89,True,0,Standard Complexity,0.15,11.4496875,9.94771157238406,0.65670514,1
5d6870f150b93f02,132,12,0,346,0,8,9,25.06,17.43,12.5,True,3,Critical Complexity,0.28425340807124333,10.139500000000002,6.003951872169973,0.6565278,1
64fd93d608faeebc,162,11,4,129,0,6,1,24.3,18.32,7.2,True,3,Critical Complexity,0.09219544457293134,7.509718309859154,6.385308615707918,0.6563837,1
1f07ce10d240269f,162,22,0,70,0,5,3,22.05,20.59,6.32,True,3,Critical Complexity,0.15231546211676644,3.4824390243902434,4.126273805090333,0.6562845,1
4293bab2745df862,153,5,0,134,3,5,3,24.22,22.49,6.33,True,1,Critical Complexity,0.4904079934096285,11.317454545454547,6.675596321523185,0.6558936,1
87b8fe9444e544fe,157,13,3,545,7,21,7,22.88,15.19,7.01,True,3,Critical Complexity,0.06708203932615289,10.355833333333333,6.6188207855531065,0.6557954,1
ccafd4a98cc62b31,120,19,1,507,4,13,18,24.74,12.0,18.27,True,0,Standard Complexity,0.040000000000873115,7.702222222222222,6.3213890048483234,0.6557843,1
25497d160bef1ec4,143,5,0,612,9,18,7,28.81,19.33,6.31,True,1,Critical Complexity,1.1851160280744462,11.835056179775282,5.895887373262158,0.6555831,1
3ba7a31a1a87556f,130,13,0,99,3,5,0,16.47,7.55,6.49,True,2,Standard Complexity,0.6815423684555602,7.468431372549021,5.621448900015578,0.6555156,1
87fb7e886fccdfcf,150,9,2,134,1,6,1,21.33,10.56,9.12,True,0,Standard Complexity,0.11180339887499965,7.771521739130435,5.491662442281226,0.6555001,1
feb0fe40ef32a419,142,12,3,402,3,11,7,22.77,17.46,6.82,True,3,Critical Complexity,0.13601470508657879,10.368356164383561,6.812482703499195,0.6554325,1
d9a58a0399c8e0b,100,1,0,550,10,11,0,21.41,13.68,6.29,True,3,Critical Complexity,2.1713820483737543,12.310285714285715,6.706598663454752,0.65538645,1
aaf30d00e5631f97,152,12,1,202,1,7,3,20.29,12.57,6.53,True,3,Critical Complexity,0.12529964086150233,7.415538461538462,5.538326331682977,0.6552567,1
8f5251d3753ab8d3,128,3,0,351,4,18,7,20.64,18.87,6.39,True,3,Critical Complexity,0.14560219778572583,9.945813953488372,5.617758483949924,0.6552048,1
9d66239a178fdaf2,111,6,0,330,6,21,5,21.22,12.86,6.37,True,3,Critical Complexity,0.8802272433869929,10.010508474576271,5.857956323140903,0.6550347,1
c462448d97842ec7,164,11,2,323,2,9,1,18.55,15.2,9.8,True,3,Critical Complexity,0.06403124237427026,8.794166666666667,5.494177915959968,0.6549313,1
d41b42cad4b1c1ef,155,1,0,425,13,17,11,24.71,19.76,12.57,True,3,Critical Complexity,0.7203471385387507,11.64310344827586,7.098130935845147,0.654852,1
792a9657249a5853,155,3,0,200,1,10,4,21.03,14.17,6.3,True,3,Critical Complexity,0.036055512754882994,9.525833333333333,5.7850450756910945,0.65458065,1
6a33cf540eb01748,164,5,0,262,8,5,1,23.1,7.98,7.0,True,0,Standard Complexity,0.24698178070465776,11.77060975609756,5.2260968851129945,0.6545624,1
55542f6c7660632a,130,15,2,368,1,10,12,23.83,10.61,7.99,True,0,Standard Complexity,0.11180339887502762,8.857176470588236,5.454439446427147,0.6545492,1
c8e837e8173d3052,34,0,0,339,6,17,8,35.99,11.69,6.29,True,1,Critical Complexity,4.330415684435293,20.65964285714286,6.718935652394686,0.6545429,1
e821230151ad0bc1,91,18,0,414,5,9,5,19.42,7.71,7.47,True,2,Standard Complexity,0.38209946349132967,9.092238805970148,6.391659869178757,0.6544069,1
4facedab7b895279,114,10,0,85,9,11,3,23.94,9.02,6.42,True,0,Standard Complexity,0.484664832642889,6.809090909090909,4.936968069474246,0.6543719,1
8c137db12d4d22fa,144,9,3,240,1,8,3,20.23,17.28,6.47,True,3,Critical Complexity,0.24186773244927234,9.127865168539326,6.122466359148013,0.65410906,1
62dbfd31de10d651,105,17,0,221,4,1,5,23.57,10.73,9.3,True,0,Standard Complexity,0.222036033112045,9.300166666666666,7.837901396774238,0.6540534,1
32adba0b8f70e7f,285,6,0,665,4,11,22,22.58,18.38,12.56,True,3,Critical Complexity,0.050990195135926064,8.152413793103449,7.70811536300962,0.653988,1
91f40d4e4d4ba352,153,10,2,208,2,13,5,30.22,20.83,7.55,True,1,Critical Complexity,0.022360679773757344,10.227979797979799,6.3398225096714915,0.6539622,1
148be747e39795be,135,19,0,387,6,11,15,20.6,2.6,7.18,True,2,Standard Complexity,1.3147243057014615,6.774736842105263,7.161767180052297,0.653812,1
7ea29dc00e1bd939,150,6,0,477,3,13,16,31.79,21.18,6.73,True,1,Critical Complexity,0.02828427124745125,9.706249999999999,6.988760806049,0.65365386,1
2c93191822e45418,122,17,0,466,4,11,21,23.74,17.04,7.31,True,3,Critical Complexity,0.1878829422805942,6.642499999999999,6.992170662117868,0.6536481,1
cf43fcfead23aa4b,157,13,0,66,6,5,1,18.94,18.59,8.15,True,3,Critical Complexity,2.2605530296800467,5.026976744186047,4.889623819117625,0.6536442,1
1b77a5b2784b5e2a,119,0,0,154,5,14,3,24.14,13.92,6.31,True,3,Critical Complexity,0.25238858928250196,10.10970588235294,6.042949457739071,0.6533305,1
5aee05964a27e12f,41,0,0,150,7,0,11,36.11,24.96,6.54,True,1,Critical Complexity,1.2106609764918026,21.741999999999997,6.154009424757164,0.65328246,1
7f0fabb7c807be8f,76,5,0,76,9,3,5,26.87,22.68,6.81,True,1,Critical Complexity,2.1711287386977585,6.429285714285713,6.9241486988713365,0.65310395,1
85cc86f27fa1eeb0,146,12,3,234,4,15,2,22.72,17.7,6.35,True,3,Critical Complexity,0.009999999999990905,9.042083333333334,6.754673677762351,0.65304744,1
8eccb2294d7311e0,190,11,0,121,1,6,1,24.65,11.17,6.33,True,0,Standard Complexity,0.041231056256139105,12.130097087378639,6.265626599918253,0.65299344,1
a0cc4a84c361e74f,125,5,0,651,7,15,12,32.12,8.68,6.31,True,0,Standard Complexity,0.22022715545542762,12.205000000000002,6.807542958295031,0.65268505,1
93dab0c8c02c276e,107,11,0,71,0,4,2,29.54,9.88,7.39,True,0,Standard Complexity,0.17492855684484898,9.068620689655173,6.163908144573891,0.65264106,1
e555c60ad549eba3,109,19,0,179,0,9,3,30.6,14.86,9.33,True,1,Critical Complexity,0.029999999999972715,8.351940298507463,6.387109742450601,0.6526156,1
abd357affc03686f,137,3,0,582,8,21,9,23.42,16.25,12.58,True,3,Critical Complexity,0.4837354648984319,10.916333333333334,8.483275893715168,0.6519887,1
2142ab07985ea1b6,208,14,3,447,5,14,14,24.85,9.65,9.38,True,0,Standard Complexity,0.11180339887474544,9.164313725490198,6.041884446617811,0.65191513,1
7aed13564bbd9809,126,15,0,259,7,17,11,18.16,8.68,6.38,True,2,Standard Complexity,0.14035668847616775,7.037818181818182,5.209187579620206,0.6519043,1
f24a824451958445,97,6,0,246,10,6,4,22.74,14.22,6.58,True,3,Critical Complexity,1.134636505670286,12.408235294117647,7.469567461525717,0.6517855,1
3f0193bcae22f516,171,9,0,312,2,13,11,23.39,10.04,7.3,True,0,Standard Complexity,0.8570880934885127,8.012058823529411,5.488312597967647,0.65173936,1
68212deeaf311366,189,2,0,410,9,3,8,20.83,5.66,6.3,True,0,Standard Complexity,0.6000833275472702,9.246744186046511,6.406901337504169,0.65171885,1
d93ade79314e32dc,122,9,0,82,8,8,0,24.69,8.64,7.03,True,0,Standard Complexity,0.12369316876747984,10.194500000000001,5.662370064734378,0.6514562,1
ab06ed541440bcf7,109,19,1,182,0,5,7,24.87,24.28,7.0,True,1,Critical Complexity,0.01999999999998181,9.88359375,7.044393463773935,0.6514159,1
c0fb378cde8d97a9,94,23,0,58,5,6,0,21.53,20.81,6.3,True,3,Critical Complexity,0.42638011210255355,5.132285714285715,4.937456306187449,0.65134597,1
56b363897b263dbe,91,6,0,78,0,4,0,26.03,17.18,7.59,True,3,Critical Complexity,1.6273291000899661,10.599743589743593,6.9834138617887325,0.65134275,1
6073d297169ed645,148,7,0,129,0,6,1,26.36,12.63,6.86,True,0,Standard Complexity,0.06324555320336399,9.698611111111111,5.588423129200907,0.65131795,1
579fddf45a4c25a2,57,2,0,165,8,4,8,27.81,9.63,12.6,True,0,Standard Complexity,0.49030602688480457,20.481956521739132,5.76685153327232,0.65118957,1
a14a632b07e99e0e,162,7,1,357,3,9,9,24.12,19.19,6.63,True,3,Critical Complexity,0.15652475842555472,10.273013698630137,6.36039257100901,0.6511393,1
7f8e95797cd81f32,211,3,0,132,2,15,7,20.59,19.29,8.09,True,3,Critical Complexity,0.13416407865047547,10.575822784810127,5.256591668428771,0.65112436,1
162a29590f8d297f,132,6,0,306,2,12,5,17.32,6.72,6.29,True,2,Standard Complexity,1.84699756361522,9.8415625,6.975556926410517,0.65101177,1
3e36232ec61ba9c1,109,13,0,313,2,8,5,21.25,13.7,6.37,True,3,Critical Complexity,0.4049691346265473,10.787840909090908,6.014532485583948,0.6509944,1
ea3e4dd7aa8fcca5,125,9,0,208,0,9,8,29.21,12.5,6.59,True,0,Standard Complexity,0.1676305461421818,12.3804,7.188743689964193,0.65097934,1
bdfad9b334703326,104,20,1,106,1,5,2,31.16,14.08,7.78,True,1,Critical Complexity,0.009999999999763531,10.755666666666666,7.360599469849963,0.65091777,1
d5cde6ba0ba46a3f,140,15,4,123,0,10,0,25.62,14.4,10.89,True,3,Critical Complexity,0.014142135623878865,9.986666666666668,6.517385510224854,0.6506717,1
25c67b1b131256f5,99,18,3,450,0,10,9,25.66,19.86,7.4,True,1,Critical Complexity,0.11401754251040835,10.160123456790124,6.4219001252998575,0.65058595,1
b4c0e18b853a84d8,131,11,0,543,1,16,16,22.3,13.99,6.33,True,3,Critical Complexity,0.0707106781183332,7.674666666666667,5.596988714180749,0.65033567,1
d87f782a58a595fe,92,0,0,32,0,0,0,35.18,20.88,12.64,True,1,Critical Complexity,0.5554277630790586,12.608804347826089,8.103665547734945,0.6501829,1
d949d18052c8bcd6,125,0,0,347,8,10,6,27.14,19.09,9.37,True,1,Critical Complexity,0.15132745950430332,14.340625,5.720002424332966,0.65004367,1
a32f3ea3a626bb02,100,1,0,76,0,4,0,33.18,26.2,6.33,True,1,Critical Complexity,0.19416487839017768,13.940000000000001,9.128696611136872,0.650033,1
73ed6048a1a0df7,130,0,0,300,6,5,6,20.93,14.58,6.3,True,3,Critical Complexity,0.16155494421452152,9.404347826086955,6.421872154284414,0.6497775,1
52024b4fd9ec23b1,150,4,0,641,2,11,15,34.32,22.09,12.6,True,1,Critical Complexity,0.0707106781195551,10.070000000000002,7.00807926610423,0.64948714,1
5beedace9805b360,207,9,0,651,1,14,26,19.39,16.83,9.5,True,3,Critical Complexity,0.1360147050863113,8.15029411764706,6.088242277631687,0.649312,1
86328de6cb2ca62c,136,10,2,405,3,12,11,32.99,20.43,8.23,True,1,Critical Complexity,0.23853720883795296,11.105063291139242,7.061558775353101,0.64928645,1
906153cd11576eac,190,27,7,107,1,7,0,16.35,10.42,7.87,True,2,Standard Complexity,0.05385164807134884,5.6027835051546395,4.332850955980165,0.6491756,1
573ab2589566d9e9,122,34,3,139,1,13,1,16.55,11.28,6.95,True,2,Standard Complexity,0.38327535793477596,4.9175,4.711370510088687,0.6491214,1
7de765141fc4ffd5,118,12,0,86,2,4,1,16.92,15.27,6.51,True,3,Critical Complexity,0.6928924880525967,7.974255319148934,5.588815862356066,0.6489925,1
d5d41bcfe324d2f2,135,4,2,416,3,13,14,26.4,5.86,6.94,True,0,Standard Complexity,0.1000000000010914,12.146585365853658,8.836105148419874,0.6489496,1
4f8902a3f9fc6ddf,214,16,0,230,5,10,3,25.41,10.76,9.58,True,0,Standard Complexity,0.031622776601441575,6.685135135135135,7.817516928519212,0.6488402,1
4f81d1e81a750c8d,141,10,1,166,7,15,0,28.03,9.39,6.39,True,0,Standard Complexity,0.6977822009768594,6.591153846153848,5.433813172323464,0.64882785,1
fbfcf31496320673,132,19,0,86,9,10,2,20.54,19.3,6.36,True,3,Critical Complexity,0.12649110640683583,4.409000000000001,4.515266769527577,0.6488156,1
68cd29e559b1df67,207,3,0,843,3,12,28,27.51,19.4,8.45,True,1,Critical Complexity,0.1456021977867897,13.524871794871798,6.182934068992824,0.64877844,1
7d9dd44d4bc099f,88,7,0,104,0,5,4,27.04,16.51,7.04,True,1,Critical Complexity,0.4527692569077145,10.818333333333333,7.399194588301861,0.648762,1
4895728c664f5463,122,11,0,398,0,9,11,28.7,18.63,6.63,True,1,Critical Complexity,0.3801315561750731,9.70811320754717,7.370296595912023,0.6486709,1
cd46d7613fdf6319,115,14,0,268,5,14,6,28.85,14.08,8.2,True,1,Critical Complexity,0.06403124237430353,11.85076923076923,6.228481198555764,0.64860016,1
8eb49472b0b012a2,154,7,1,233,0,9,6,27.93,14.05,6.33,True,0,Standard Complexity,0.036055512755206194,12.034411764705885,5.999917413407015,0.64857066,1
1abb0fe827831aed,178,6,1,232,8,11,7,20.36,8.15,6.9,True,0,Standard Complexity,0.039999999999054126,11.302093023255814,6.005764501473616,0.64856756,1
341ab4527583b813,138,5,1,544,3,15,7,21.6,15.78,6.33,True,3,Critical Complexity,0.2692582403565225,11.64774193548387,5.539343276364329,0.64851415,1
6c649699e257362f,142,20,3,80,0,6,0,16.13,7.77,10.91,True,2,Standard Complexity,0.05099019513594836,7.980227272727273,4.769602608106486,0.6484232,1
5c5b958d9a6bf67b,166,3,0,119,3,10,0,22.54,11.32,6.66,True,0,Standard Complexity,0.21260291625449962,12.181011235955058,5.099356435478259,0.64834666,1
8f8bb82c9bd670db,98,15,0,128,0,5,3,26.69,21.71,7.26,True,1,Critical Complexity,0.036055512754165665,10.007068965517242,7.864693037967258,0.6483361,1
c8927cddc0fe4330,132,6,0,161,2,6,1,23.51,14.89,6.75,True,3,Critical Complexity,0.29068883707516585,9.63725,5.602191753010602,0.64832246,1
4bac03f098535ae4,114,16,0,217,1,1,0,20.68,17.37,6.94,True,3,Critical Complexity,0.1749285568454144,5.74829268292683,5.8804371425521955,0.6483099,1
e37fe98452e58a12,94,20,0,354,0,8,8,23.14,22.95,7.7,True,3,Critical Complexity,0.03162277660237405,8.783787878787878,5.808739957546604,0.6482599,1
7aa5e4857389d5f6,183,13,0,357,0,5,14,21.05,16.0,11.54,True,3,Critical Complexity,0.06324555320359768,8.180657894736843,5.454175931659183,0.6479915,1
35ae212ad52eea52,147,1,0,292,0,8,6,27.21,10.72,9.5,True,0,Standard Complexity,0.3605551275469539,11.49328947368421,5.464653980512518,0.64787614,1
1365334ad5f41c62,131,1,1,66,2,4,1,25.27,12.1,6.32,True,0,Standard Complexity,0.47265209192388125,11.542777777777781,6.129639411987271,0.6478456,1
d267bc4bae61d48f,182,7,0,279,5,13,6,33.6,17.04,9.46,True,1,Critical Complexity,0.2109502310981004,11.370330578512396,6.044447617289429,0.64733154,1
1a65865e9d3aa58a,106,10,2,277,5,15,1,26.71,10.41,6.63,True,0,Standard Complexity,0.20248456731323436,11.172045454545456,8.453057967264503,0.647303,1
ace004df11dabd3,136,5,0,108,2,4,0,19.85,12.05,9.44,True,3,Critical Complexity,0.43737855457255986,9.506792452830188,5.530656849176168,0.64726096,1
8d83802eaffaf634,97,3,0,273,2,2,5,32.49,20.11,6.37,True,1,Critical Complexity,0.5292447448964636,12.997368421052633,9.409496234686621,0.6471032,1
cef86d806cbcbb4e,145,18,3,240,3,9,1,19.7,18.66,7.66,True,3,Critical Complexity,0.03162277660166402,6.315810810810811,5.21395502908191,0.646949,1
c7615ff4285ea9f2,147,6,1,238,2,9,5,28.49,17.83,6.34,True,1,Critical Complexity,0.036055512755426906,10.66344262295082,6.425573109668233,0.6468552,1
ecc3997b469ef540,117,6,0,348,13,9,4,23.63,13.21,6.32,True,3,Critical Complexity,0.4601086828131644,9.731063829787235,5.246115172218494,0.6466554,1
c99e6259e2cbcbc0,115,29,0,291,1,11,5,17.93,17.36,7.48,True,3,Critical Complexity,0.022360679775079245,5.670769230769231,5.138314092771707,0.64629334,1
ba13a32218c7429d,168,9,1,300,4,11,3,17.86,15.39,8.14,True,3,Critical Complexity,0.8302409288874875,5.1779166666666665,5.445570431680127,0.64623106,1
1a8c4aaddb39aad7,188,13,0,153,0,8,5,22.93,17.93,7.0,True,3,Critical Complexity,0.9492101980067071,6.846388888888889,7.321755691384478,0.6459796,1
2473de0a6cb2d5d,62,1,0,198,6,1,14,26.67,23.93,6.3,True,1,Critical Complexity,0.45967379738282643,18.564848484848483,6.942846818614115,0.6459766,1
b2e920c3a50af2bc,65,3,0,312,2,8,7,37.99,18.19,6.29,True,1,Critical Complexity,0.21931712199450693,16.3165625,10.436992385672884,0.64579964,1
6b7849ee226160e1,187,10,0,687,6,15,11,30.8,16.22,6.31,True,1,Critical Complexity,0.612943716828636,11.412400000000002,6.879021217198467,0.6456,1
ef1ea84509dc3018,122,9,0,86,1,6,0,21.6,15.68,6.48,True,3,Critical Complexity,0.27999999999974534,9.522571428571428,5.653869644693241,0.6455129,1
71b39da951ab36a2,135,11,0,141,1,9,3,20.88,7.16,6.31,True,0,Standard Complexity,0.0728010988928639,9.780188679245283,7.155269727275171,0.64550394,1
3eebdf184dc1aca7,120,11,2,378,2,13,9,24.57,14.84,6.34,True,3,Critical Complexity,0.03162277660151123,10.607096774193547,5.615352913706623,0.6454467,1
3b2634284b440bb5,100,12,0,140,0,4,0,31.45,24.76,6.36,True,1,Critical Complexity,0.08602325267042732,10.923823529411763,6.922129056492698,0.64536905,1
b2fb734cf1560363,93,4,1,65,8,11,3,27.96,25.51,6.73,True,1,Critical Complexity,0.9462557793751499,8.714705882352941,7.801313703584167,0.6448951,1
4a7a609aba9bfef,28,0,0,153,6,4,7,37.56,12.96,6.3,True,1,Critical Complexity,1.3636715146983698,22.963571428571424,5.533956356819566,0.6445619,1
70833f2fbe5a3783,151,8,0,262,2,8,5,22.9,20.84,9.42,True,3,Critical Complexity,0.17000000000044727,11.497,5.155461984412965,0.6445481,1
19a94a48c301f817,140,18,2,266,2,8,3,17.24,9.33,7.34,True,2,Standard Complexity,0.12529964086140252,5.951923076923077,5.083255709628176,0.64447314,1
15d9d3a9bf2f6a57,130,45,3,216,7,12,7,16.82,4.42,6.64,True,2,Standard Complexity,0.08544003745315083,3.8604597701149435,3.840940649888743,0.64436024,1
359afda2158ebdc,124,5,1,361,9,11,8,20.68,13.74,7.01,True,3,Critical Complexity,0.28160255680748913,8.261153846153844,5.700311952950184,0.64434874,1
f572b19b31218f61,143,29,0,132,0,4,5,23.8,17.11,8.36,True,3,Critical Complexity,0.04123105625617702,3.527954545454546,4.294611094439093,0.6442348,1
4e456787944c4415,45,0,0,276,3,4,16,37.46,13.82,6.29,True,1,Critical Complexity,7.542870806264708,21.196111111111108,9.698104705381521,0.6441927,1
207eb4ab391c7a0,124,0,0,355,1,11,17,29.3,15.52,6.33,True,1,Critical Complexity,0.036055512755426906,12.244687500000003,5.3036213950793805,0.6441859,1
5abc251f99a74507,163,9,1,125,6,6,1,19.77,5.31,9.4,True,2,Standard Complexity,1.281600561797672,8.534545454545453,5.714338208141411,0.6441628,1
fb4d43f42ff5c867,155,0,0,327,3,2,16,28.17,12.31,6.27,True,0,Standard Complexity,0.3067572330035254,9.507894736842104,7.801151115429169,0.64401776,1
3402c346dd883efd,148,9,0,333,0,8,11,20.92,20.03,9.42,True,3,Critical Complexity,0.8168843247374364,8.60109756097561,5.435792402149143,0.64369416,1
ee4df9e66eeaecfb,99,10,0,298,0,11,6,24.72,15.51,7.92,True,3,Critical Complexity,0.5503635162326881,10.780943396226418,6.954902238546521,0.6436658,1
1cc2af4687877a3,191,8,0,180,6,6,3,19.95,8.71,7.52,True,0,Standard Complexity,0.06324555320336399,9.161333333333335,6.090839150359789,0.6434115,1
4dcd3c62d2086dec,162,7,2,138,2,5,5,18.38,14.48,7.38,True,3,Critical Complexity,0.24186773244915954,9.145789473684209,5.6408792854991505,0.643174,1
25f52ddec7b08044,153,3,0,436,0,7,15,23.41,18.39,6.31,True,3,Critical Complexity,0.058309518948219626,10.117534246575342,5.60641701341233,0.6430994,1
df9bfad1fe1d4029,165,13,0,124,4,4,3,23.4,11.55,8.26,True,0,Standard Complexity,0.014142135623396534,11.520114942528734,6.92541836476455,0.64304566,1
b4a41b98ffcd79ae,65,9,0,55,2,2,1,34.36,12.61,10.12,True,1,Critical Complexity,0.35355339059332197,12.532432432432431,8.924142295195326,0.6428745,1
64a1399d08bb56fe,87,15,0,127,0,12,4,23.26,14.46,7.94,True,3,Critical Complexity,0.2523885892823128,6.891698113207548,5.6606372518951975,0.6427622,1
71255f4ffa35f969,123,26,2,494,2,13,16,23.13,9.21,7.44,True,0,Standard Complexity,0.028284271248079286,7.205697674418607,6.178581258971636,0.642677,1
a5e6cf09e5a1f9f6,191,8,0,297,4,11,10,22.41,11.23,6.8,True,0,Standard Complexity,0.08246211251238851,12.511978021978024,5.45522055028614,0.6426724,1
76e09f11d47af979,87,4,0,299,13,15,13,25.74,19.96,6.35,True,1,Critical Complexity,0.5954829972378576,16.352972972972978,6.705125455772466,0.6426429,1
45e6aa434c90c5f9,131,19,0,345,1,11,9,27.39,12.74,6.98,True,0,Standard Complexity,0.028284271248079286,10.358082191780822,7.082594652169722,0.6426054,1
cff7b376eae97c1e,213,5,0,377,3,10,21,23.96,10.97,6.31,True,0,Standard Complexity,0.2549509756796749,9.541132075471698,7.376013562683823,0.64260095,1
ab57419c8f9f54ca,128,5,0,237,3,15,11,35.41,20.45,6.73,True,1,Critical Complexity,0.0948683298051089,12.996419753086418,6.28417045384219,0.64250875,1
dc543148239a35c3,123,88,0,203,5,19,4,14.36,11.18,10.57,True,2,Standard Complexity,0.022360679774672505,3.725327102803738,3.3106013000314776,0.6421936,1
d9b0d814fad14458,122,4,0,472,2,14,18,24.24,14.66,12.56,True,3,Critical Complexity,0.1972308292330788,12.187741935483869,6.687571626232002,0.6421478,1
d11654a5b07fd787,146,5,0,416,2,15,1,20.96,12.45,18.85,True,3,Critical Complexity,0.4775981574504334,8.994677419354838,5.675812210669099,0.64204854,1
125acccb2cf6e6b5,88,14,0,370,1,13,9,23.98,4.7,6.62,True,0,Standard Complexity,0.041231056256194255,10.917580645161289,6.914987389600583,0.64193034,1
38120128f58115bc,126,7,2,134,1,9,4,30.69,15.82,9.54,True,1,Critical Complexity,0.05656854249487235,13.307045454545454,6.168271114614567,0.64162225,1
fdec64c63e737c2e,131,11,0,190,2,5,5,19.5,9.65,9.47,True,0,Standard Complexity,0.31953090617325375,7.204285714285714,5.68511482841331,0.6413368,1
d577de316380f5bb,86,6,0,60,0,5,0,21.48,15.15,9.42,True,3,Critical Complexity,0.14560219778616504,10.440204081632652,5.748747686092223,0.64116955,1
ec59b1d4d7d2bb41,131,8,0,128,1,5,3,32.56,24.85,6.54,True,1,Critical Complexity,0.17464249196598758,12.183174603174605,5.306308113454264,0.64111227,1
e3b5571a20728394,171,2,0,180,2,9,2,19.7,18.29,12.56,True,3,Critical Complexity,0.2262741699794894,7.85046511627907,6.11685622000591,0.64105386,1
a98c5c144a61b83,137,8,0,445,6,10,8,23.9,13.66,6.49,True,3,Critical Complexity,0.38600518131140316,9.831904761904761,5.398378168308753,0.6408411,1
210313305096c918,86,12,1,22,4,4,0,19.66,18.93,10.06,True,3,Critical Complexity,0.060827625302926874,6.749999999999999,5.319097159725002,0.6405453,1
e7cf2543518229d6,177,12,0,645,2,12,20,22.83,5.97,7.1,True,0,Standard Complexity,0.06708203932564447,9.762121212121212,7.1373196554515825,0.64053494,1
5373f8942c426217,96,61,8,97,0,6,0,17.18,11.16,8.35,True,2,Standard Complexity,0.03162277660158313,4.8694392523364485,4.262737006708929,0.6404889,1
9e0eceb2f01bf82f,160,10,1,489,1,16,10,25.08,12.28,6.87,True,0,Standard Complexity,0.18027756377340126,10.011999999999999,7.870142519213186,0.64046717,1
87b6bc1111b77957,84,15,0,77,2,7,0,32.63,23.77,6.92,True,1,Critical Complexity,0.05999999999949068,8.022727272727273,6.461221867149351,0.6403875,1
6c939a059c3b6ec2,97,3,1,237,10,13,5,24.15,14.8,6.32,True,3,Critical Complexity,1.100545319375832,12.510377358490567,7.095298991735927,0.6403707,1
32be3aceffd2e1e7,93,11,0,80,0,10,0,26.81,21.72,8.0,True,1,Critical Complexity,0.18384776310852685,8.33590163934426,5.013274633181613,0.6403604,1
5d156abadfb242b,87,10,0,81,0,4,0,25.84,6.35,6.78,True,0,Standard Complexity,0.42544094772369556,8.575483870967743,7.524143435852898,0.6402689,1
2eaa6c5c49b62f1f,104,19,1,329,0,9,8,33.17,26.89,7.2,True,1,Critical Complexity,0.022360679775282614,10.578804347826086,6.188382320471879,0.6400905,1
7c0b51b1bec0edaa,149,2,1,325,3,9,9,27.98,17.75,6.35,True,1,Critical Complexity,0.31144823004841016,12.15676056338028,6.174248833743257,0.6399637,1
c618a2ce0191662c,70,1,4,16,0,0,0,22.22,15.88,6.3,True,3,Critical Complexity,1.0071742649611206,14.82982142857143,5.369251241717384,0.63976145,1
d3ed74db2eab0fd2,128,13,0,450,2,17,11,21.72,3.3,6.61,True,0,Standard Complexity,0.7106335201776588,9.825714285714284,7.391645863502158,0.6396022,1
795ec42d59ee075e,145,4,0,249,4,5,5,22.04,20.82,9.44,True,3,Critical Complexity,0.698355210476715,7.650370370370369,6.69634863548867,0.6395988,1
4ae9f81cf76edf51,99,92,2,224,5,14,6,17.07,14.31,7.69,True,3,Critical Complexity,0.01414213562355731,3.454305555555555,3.417950094878544,0.6394552,1
7578337f0627347a,77,101,32,87,0,5,1,17.26,10.96,6.68,True,2,Standard Complexity,0.044721359549141644,4.282102272727273,3.4106420367984462,0.63939095,1
fed3f6faaf4325bb,68,4,0,100,2,4,0,36.82,17.25,8.47,True,1,Critical Complexity,0.09999999999990905,13.296734693877553,9.684455752148747,0.6392425,1
4b1e70f034de3ec,137,3,0,182,4,5,6,19.85,14.06,8.9,True,3,Critical Complexity,0.2213594362112976,10.090909090909092,6.554986241640724,0.639242,1
531ff603f2f2ee3c,160,2,0,775,0,19,33,19.04,5.98,9.34,True,2,Standard Complexity,0.24413111231445203,6.427391304347825,5.838181087641792,0.63924074,1
4c64885592ab4710,67,7,0,58,0,6,0,31.18,27.24,7.04,True,1,Critical Complexity,0.34365680554870404,9.86,6.978031072376995,0.63921475,1
df30cf88de4b388c,145,8,0,358,5,10,15,26.4,14.11,6.38,True,3,Critical Complexity,0.20615528128075067,8.287000000000003,6.561145011135087,0.63907886,1
ae55fe55b4227690,118,9,0,139,2,4,2,25.61,15.04,6.95,True,3,Critical Complexity,0.1131370849898251,9.771584158415843,5.353334989541015,0.638949,1
b6efcf15e1eb9735,25,222,0,270,14,22,8,22.01,11.91,11.26,True,3,Critical Complexity,0.036055512754922414,3.5567105263157894,3.500561754978122,0.6389004,1
d5dd4d931f163ad,132,7,0,516,8,23,14,33.47,16.53,12.6,True,1,Critical Complexity,0.10630145812710008,13.164615384615384,7.426789466192503,0.6388562,1
fdd0a215446d493d,122,15,0,207,5,5,0,24.6,11.14,6.49,True,0,Standard Complexity,0.0499999999998181,9.301978021978021,6.105216868425394,0.6386107,1
de1b5470b5969532,58,211,2,103,0,10,0,17.22,11.59,11.44,True,3,Critical Complexity,0.01999999999998181,4.136340425531915,3.521619702767317,0.63848764,1
e05bce53b7f55791,131,40,1,89,10,4,0,21.29,20.75,11.7,True,3,Critical Complexity,0.17000000000066126,3.5323076923076924,3.3204210897140367,0.6384695,1
d68b109d86d8322,102,9,1,368,2,19,4,24.12,12.39,6.33,True,3,Critical Complexity,0.11401754250984998,9.181372549019608,5.7808005482678855,0.63803846,1
99d925fbca2b362a,172,6,0,272,3,7,3,20.72,9.32,6.87,True,0,Standard Complexity,0.6120457499239841,6.901515151515151,6.143232354788637,0.63786924,1
e6d01e99654a2fe8,131,12,0,394,3,7,8,24.92,11.12,6.73,True,0,Standard Complexity,0.03162277660151123,12.653333333333334,6.0983317804995245,0.6374513,1
786bf644e5a5315d,173,5,1,524,1,8,21,24.43,11.04,6.33,True,0,Standard Complexity,0.3679673898584676,10.97933962264151,5.790166887298644,0.6373829,1
ae07d33447e39abb,173,11,0,393,4,19,13,23.94,14.2,6.47,True,3,Critical Complexity,0.4669047011971552,9.156,7.249240511943303,0.63724715,1
903e9d6b56eeee25,104,36,0,133,2,4,1,25.24,19.67,9.8,True,3,Critical Complexity,0.02236067977497756,6.152708333333334,5.048108036508716,0.6372364,1
e8bb42f1d7393b8e,141,10,0,632,1,15,17,19.85,12.23,6.5,True,3,Critical Complexity,0.6063827174318059,8.103207547169811,5.931863677864928,0.6370614,1
9b91b0f56f4c5a1a,189,12,5,214,7,12,6,33.51,22.59,8.13,True,1,Critical Complexity,0.049999999999954525,8.807692307692308,5.144183838750702,0.63704836,1
b99148efee09ab7d,138,65,0,23,0,6,3,18.29,18.16,10.87,True,3,Critical Complexity,0.04242640687083271,2.908539325842696,3.029800138237993,0.6367819,1
e0353fa5a4aba736,138,34,4,134,7,3,8,15.6,14.74,9.08,True,3,Critical Complexity,0.03162277660158313,4.159861111111111,4.0888776961463655,0.6367497,1
115e253d7883fa97,111,2,0,59,3,1,2,24.72,13.33,6.33,True,3,Critical Complexity,0.2828427124745949,13.104999999999999,5.036945314716875,0.63663226,1
a46bee4363ef56d8,160,10,0,187,0,4,8,31.26,9.94,8.29,True,0,Standard Complexity,0.13928388277146964,7.757391304347827,8.416456043082611,0.63658726,1
64124068c16236b9,115,15,0,62,12,4,0,21.29,18.13,6.35,True,3,Critical Complexity,0.731095069057336,4.909411764705882,4.629900863616889,0.63637656,1
197433a84d86f4b6,133,8,0,210,7,5,10,30.93,15.31,6.3,True,1,Critical Complexity,0.356089876295433,9.357096774193549,7.26988494098434,0.63633746,1
6f6011b75025e07b,114,9,1,374,0,10,12,19.11,16.86,6.76,True,3,Critical Complexity,0.15132745950391266,9.475925925925926,5.86488373113212,0.6360365,1
b06f48aa4e5d4c5a,74,16,1,21,0,0,0,20.11,3.58,6.67,True,2,Standard Complexity,0.07071067811865375,6.921587301587301,5.962149182744346,0.63589036,1
d0f861c1491aec95,91,18,2,119,3,6,0,27.34,16.67,6.43,True,1,Critical Complexity,0.4220189569203011,7.847702702702703,5.805423500462514,0.6358497,1
fdf8c7e0ca889dd4,112,5,1,66,1,4,1,28.79,15.81,6.32,True,1,Critical Complexity,0.6503076195161093,9.798028169014085,5.035494470514966,0.63583124,1
6a4a04c7e8427433,308,16,0,595,8,21,19,25.83,10.14,7.07,True,0,Standard Complexity,0.014142135624039643,11.067093023255815,8.128828095159166,0.6354907,1
8ec9d5943b277c35,79,27,1,82,0,5,1,18.24,13.91,6.46,True,3,Critical Complexity,0.1486606874730919,5.267173913043479,5.765642866620029,0.6352072,1
ed5b489ffca5e29b,153,2,0,138,0,8,1,20.43,4.67,6.31,True,0,Standard Complexity,0.7532595834106323,10.729473684210527,6.256424184999032,0.6351961,1
b00c11b082e2ac2e,117,0,0,269,4,9,1,36.7,34.53,6.3,True,1,Critical Complexity,0.16155494421405708,15.323333333333338,6.74273600913523,0.6349265,1
5c131aba41666406,212,13,3,274,5,17,10,19.9,9.52,9.43,True,0,Standard Complexity,0.12206555615709562,8.280119047619046,5.192366304775745,0.63473415,1
ac4728e91e7185b3,99,5,0,77,5,0,6,22.12,17.14,6.34,True,3,Critical Complexity,0.24999999999992725,9.492380952380952,7.784876611409797,0.63469714,1
f5dfeec2f6fb95a4,135,2,0,125,0,11,1,31.85,24.26,6.42,True,1,Critical Complexity,0.3125699921621479,13.18762376237624,5.42449306816444,0.634618,1
72eb28ef78c490b4,111,30,0,58,0,10,0,23.5,13.38,7.87,True,3,Critical Complexity,0.33999999999994157,4.61578125,4.359174522159951,0.6346066,1
7015283f357bd1e5,183,8,0,438,4,14,8,28.81,18.11,7.17,True,1,Critical Complexity,0.01999999999998181,10.588659793814433,5.400359978239323,0.6341396,1
6582b29d00f85e81,88,1,0,546,6,13,16,25.46,15.14,6.3,True,3,Critical Complexity,0.274590604355382,14.935161290322581,6.665403151163013,0.63412917,1
333a0a931cfe578c,82,4,0,319,4,4,21,36.43,24.92,12.56,True,1,Critical Complexity,0.8102468759581197,14.477307692307694,9.81964849664351,0.6341175,1
a725cfc4092840db,47,0,0,181,6,4,10,31.0,26.3,12.57,True,1,Critical Complexity,1.1236102527126122,19.444499999999998,6.443222388680993,0.6340139,1
abd8e2de82087900,128,8,0,272,0,8,7,34.5,29.38,6.44,True,1,Critical Complexity,0.07999999999992724,9.74546875,6.007260952819799,0.63399714,1
6337a34a5c8984d8,92,0,0,72,3,0,2,35.85,6.14,6.3,True,0,Standard Complexity,0.7826237921245196,20.412934782608698,9.395267603616876,0.63349605,1
447cc37c58619049,124,9,0,296,2,9,13,22.2,14.37,10.07,True,3,Critical Complexity,0.11704699910719664,10.023235294117647,7.391654563081989,0.6334704,1
482bd42ceb0f568b,137,1,0,350,0,17,8,21.21,8.88,6.3,True,0,Standard Complexity,0.7564390259633115,13.394516129032256,5.221458725057758,0.6332736,1
2df961f0d84391c9,141,9,0,535,3,13,6,19.53,10.5,6.59,True,3,Critical Complexity,0.1627882059602554,10.63480392156863,4.909654300835255,0.6331919,1
df9a2c45bb836fe0,107,12,0,297,0,4,4,29.04,14.43,6.42,True,1,Critical Complexity,0.07810249675820947,11.788666666666664,8.415523645158524,0.6330131,1
bb56e819a63e9ac6,138,5,0,425,9,8,7,26.08,19.02,7.83,True,1,Critical Complexity,0.036055512754607104,9.174237288135593,6.097930519582889,0.6329798,1
b5d24b43ca344b74,98,14,0,88,0,10,0,16.48,12.39,6.39,True,3,Critical Complexity,0.16492422502455642,6.18264705882353,5.463424539513833,0.6329523,1
8f46936f6ae71a6f,146,6,1,224,0,8,6,23.68,19.23,9.44,True,3,Critical Complexity,0.06403124237387964,11.310106382978722,5.811585182126146,0.6327096,1
48244c30003279cd,85,19,0,462,2,6,8,23.27,16.96,9.92,True,3,Critical Complexity,0.08062257748265834,10.074588235294119,6.608008252548111,0.63252467,1
4f8ff6e20404cb8b,70,22,0,274,1,9,5,18.85,10.69,6.94,True,3,Critical Complexity,0.0499999999998181,8.903623188405799,5.96607291297555,0.63235235,1
cc80705d80dc5d22,64,0,0,48,0,0,0,37.8,12.42,9.38,True,1,Critical Complexity,2.2105429197373687,13.714,11.778940699400774,0.63230574,1
dd96a3832100b3f,136,1,0,344,0,12,8,21.29,8.33,6.35,True,0,Standard Complexity,0.5742821606152493,12.028513513513513,5.18084274748247,0.6322609,1
4e66dfcc2cf22a12,130,17,0,152,4,7,6,23.78,23.45,6.71,True,1,Critical Complexity,0.4201190307519373,4.943870967741935,5.202835875235831,0.6320742,1
88fdacbdf294f364,51,6,1,398,4,5,17,34.56,13.57,9.37,True,1,Critical Complexity,0.32557641192185166,13.54074074074074,10.009809235584095,0.6320339,1
6d8f4029ddcd2a58,82,24,0,152,7,9,6,32.06,17.84,7.76,True,1,Critical Complexity,0.0640312423744478,9.037377049180328,7.660535422292267,0.6320108,1
9add521de58ad58c,118,12,0,429,5,16,8,25.0,16.37,7.36,True,3,Critical Complexity,0.25495097567949654,11.195466666666666,7.411851283511353,0.63195693,1
21addaedafc59cc1,169,44,0,263,5,7,2,15.9,5.27,9.46,True,2,Standard Complexity,0.08485281374271048,3.8129545454545455,3.354603065223457,0.63186663,1
4d7d8da322e0cb17,201,11,0,741,1,12,14,31.01,19.09,9.11,True,1,Critical Complexity,0.6873136110979242,9.291340206185566,5.5896553254610994,0.6318515,1
df3218ec556e2724,112,11,0,122,1,5,5,34.01,26.97,6.78,True,1,Critical Complexity,0.15132745950385254,9.850886075949369,5.6507300278619566,0.631832,1
1beccb74fc6387f8,101,19,2,232,4,6,4,34.35,22.17,6.32,True,1,Critical Complexity,0.2507987240797148,6.025957446808511,6.240683152584754,0.6317327,1
cd732f89fd793f36,128,11,0,585,0,9,23,18.99,16.41,7.91,True,3,Critical Complexity,0.10198039027229805,8.492884615384616,6.068175602315126,0.6313292,1
2028c276b24d45d8,130,14,1,128,2,8,3,26.06,13.77,7.14,True,3,Critical Complexity,0.02236067977497756,10.023586956521738,6.027392467711876,0.63126624,1
bdf1200f2c126d8e,115,18,0,66,13,4,0,21.23,14.56,6.99,True,3,Critical Complexity,0.17029386365934945,5.373684210526315,4.578818751974673,0.6312133,1
93c31aa2d098f5e6,190,13,0,767,5,16,12,32.2,17.32,7.79,True,1,Critical Complexity,0.2385372088375812,10.519253731343284,7.467135420185012,0.6311413,1
f85a71e4e72d14e2,138,6,0,611,13,13,9,22.01,13.27,7.17,True,3,Critical Complexity,1.206026533704696,10.307027027027024,6.45128265682015,0.63104004,1
cf63259cf52b075a,93,0,0,45,0,3,0,24.48,18.64,6.29,True,3,Critical Complexity,0.17029386365913585,13.794,8.006770301854965,0.63080543,1
1d82585955be4737,185,2,0,682,8,21,13,24.85,18.16,6.6,True,3,Critical Complexity,0.8682165628460827,12.403137254901962,7.22095058925995,0.6304761,1
c5da4a14623bb5e1,170,9,0,323,2,4,10,21.26,8.72,6.43,True,0,Standard Complexity,0.7963039620647477,10.59375,7.759395816524635,0.63042665,1
307fa2143ac885e0,67,10,7,83,2,5,1,29.32,16.19,6.47,True,1,Critical Complexity,0.10198039027220886,8.44815789473684,7.72089095460906,0.63026464,1
87a2eaab597b33e6,129,6,1,674,5,15,8,22.22,19.22,6.38,True,3,Critical Complexity,1.8704277585621334,13.525892857142859,6.765899997356944,0.6302343,1
6a4a6d5ae6bcf0e7,147,3,0,592,9,22,11,35.84,28.75,12.57,True,1,Critical Complexity,3.4643325475479476,11.511555555555555,7.107666582424473,0.63021135,1
1873c38c60f680e4,116,12,0,364,0,8,11,24.76,11.4,6.99,True,0,Standard Complexity,0.050990195136149025,9.827,6.111549569696473,0.63018554,1
4c4569e3f6441330,129,5,0,306,3,18,2,24.61,14.88,6.32,True,3,Critical Complexity,0.9079647570247982,11.837499999999999,4.964913211169399,0.63008136,1
6a0ade2392230891,117,3,0,69,2,4,2,19.87,18.99,6.32,True,3,Critical Complexity,0.17804493814764627,12.301509433962265,5.743296468525955,0.63005805,1
41fec4ad7da85403,158,13,3,152,7,10,7,22.67,19.72,10.62,True,3,Critical Complexity,0.7306161783041077,10.187499999999998,5.485589510655329,0.6300296,1
8a90617808c0c6f7,156,4,0,574,12,6,12,22.03,5.09,6.29,True,0,Standard Complexity,0.07211102550870971,9.4025,7.625146146140413,0.6299952,1
489c057eb398a47f,134,7,1,333,2,3,12,25.28,6.42,6.3,True,0,Standard Complexity,0.48383881613618057,14.197551020408163,8.579798420783234,0.6299641,1
af4e0915825da83f,78,3,0,167,1,0,4,36.87,13.24,12.55,True,1,Critical Complexity,3.1401433088314996,15.253928571428574,10.210857085645133,0.62993956,1
2865a7bebe626622,91,8,2,113,8,8,7,20.76,11.24,7.39,True,3,Critical Complexity,0.3488552708501329,10.647428571428572,6.626434224423588,0.6297137,1
e283ac522c6fa360,156,9,0,532,1,8,13,30.16,19.43,6.78,True,1,Critical Complexity,0.13038404810391696,11.708524590163934,8.094129391728986,0.6295078,1
733d981ebfb2d13e,127,6,2,207,2,5,5,26.71,24.72,10.6,True,1,Critical Complexity,0.17029386365972332,13.759032258064515,5.371840769887352,0.6294806,1
5864f178b56d082f,144,11,1,170,5,3,0,23.86,18.14,7.74,True,3,Critical Complexity,0.15132745950407792,6.2482278481012665,4.911232220407501,0.6293967,1
5bcb27151c91473e,184,1,0,320,6,14,14,27.41,8.6,6.3,True,0,Standard Complexity,1.4727525250372002,14.961632653061224,7.808195157663405,0.62937194,1
bae3d9887f13c964,146,10,0,79,2,5,0,19.37,18.98,7.67,True,3,Critical Complexity,0.04472135954995512,7.670281690140846,4.74702515350136,0.6292966,1
79172eb38a63a950,144,4,2,367,6,20,9,24.66,19.26,9.45,True,3,Critical Complexity,0.8200609733425479,10.631842105263157,5.34038060700741,0.6292268,1
82cee598d88a28e0,71,11,0,152,0,4,0,37.65,34.25,6.39,True,1,Critical Complexity,0.1523154621172787,11.980652173913043,9.13204520218057,0.6287452,1
847fc5160eb4c404,90,10,0,244,3,10,9,31.64,22.35,6.48,True,1,Critical Complexity,0.07999999999992724,10.859523809523811,9.117742241518261,0.62855554,1
9a5091f96f8cb95e,92,12,0,567,0,11,15,23.17,20.3,7.84,True,3,Critical Complexity,0.05099019513610443,10.292419354838708,6.512568415957611,0.62827146,1
61732bdc2156a805,72,16,0,79,1,4,0,19.62,10.81,6.78,True,3,Critical Complexity,0.5119570294467867,7.586190476190477,6.436215966211732,0.6281169,1
e1e235d070a622f0,92,12,0,373,4,11,4,32.39,18.63,6.44,True,1,Critical Complexity,0.2640075756483746,10.801176470588235,7.434542497378619,0.6278429,1
93bb4fa08e628ee0,129,17,5,207,1,5,6,26.55,10.12,6.42,True,0,Standard Complexity,0.022360679775079245,11.685185185185187,6.433667446920015,0.6278381,1
f960100c8e6150b6,134,7,0,289,11,10,0,18.46,18.17,7.64,True,3,Critical Complexity,0.8811923740031782,5.290555555555555,4.952705738866632,0.6277567,1
1daffbc08647219f,131,2,0,405,1,9,18,20.67,6.8,6.38,True,0,Standard Complexity,0.18027756377319315,9.7414,5.766983270306929,0.6275193,1
58b98a8ecf1a4aaf,86,33,5,59,12,4,0,19.53,18.65,7.76,True,3,Critical Complexity,0.12806248474871806,4.514799999999999,4.115983595691314,0.62733686,1
e387ecce9f555cdb,94,20,0,259,5,6,5,21.7,15.07,6.34,True,3,Critical Complexity,0.022360679775485982,8.870533333333334,6.127648139013496,0.6273313,1
eae006e6e29945b8,122,11,1,410,1,9,18,21.04,14.51,7.87,True,3,Critical Complexity,0.3214031735997758,8.275555555555558,6.792557546660268,0.6273122,1
e78e2434c71110c6,96,0,0,93,0,4,0,28.81,25.33,9.36,True,1,Critical Complexity,0.10816653826363211,9.865357142857144,6.053093649497902,0.6272139,1
6256c90154057b2e,87,14,0,220,4,14,1,24.13,16.7,6.79,True,3,Critical Complexity,0.2901723625709916,6.776888888888887,5.434616953576284,0.62713706,1
a529572a8e62445b,92,11,0,218,1,5,1,31.21,10.59,7.01,True,0,Standard Complexity,0.6441273166073332,11.242833333333333,6.593658845604785,0.62682945,1
7e59d5a55cff67c7,155,10,0,711,4,8,26,27.03,18.8,6.51,True,1,Critical Complexity,0.755843899227992,11.846153846153845,8.732785444367506,0.62682027,1
2061036aec384d25,193,9,0,760,8,17,20,27.67,21.6,12.54,True,1,Critical Complexity,0.6560487786746012,11.490000000000002,8.940543721379495,0.6267963,1
740e30d3e2fee33b,140,2,0,236,3,11,5,20.79,11.71,6.3,True,3,Critical Complexity,0.16278820596100266,7.748333333333332,7.173540308352325,0.6266706,1
46adcf35f2a9ab83,91,7,4,99,4,12,0,31.55,9.82,8.43,True,0,Standard Complexity,0.060827625302515696,10.440952380952382,7.631688576032302,0.62659806,1
cb1e21362b74a6c2,132,7,2,569,7,17,11,29.14,27.87,8.53,True,1,Critical Complexity,0.028284271248079286,12.295897435897436,8.562971781634594,0.6264592,1
afc3a6f9f1b6f354,103,5,1,267,10,17,6,20.55,13.83,6.4,True,3,Critical Complexity,0.389486841882986,12.159999999999998,6.098854736006515,0.6263713,1
debc8ea9fea5f6d,154,10,3,561,7,13,16,31.57,15.13,6.88,True,1,Critical Complexity,0.042426406870511156,9.956491228070178,8.387536386561191,0.6263106,1
14533f26503b292d,90,10,1,108,0,3,1,28.19,18.81,6.31,True,1,Critical Complexity,0.028284271247596953,10.12923076923077,7.107236970651955,0.62626666,1
ed462a5221070aaf,142,12,0,518,2,17,11,22.9,9.99,7.32,True,0,Standard Complexity,0.16492422502455642,11.488571428571428,6.500806286513089,0.6261624,1
9ffdf5d9af9dc399,75,7,0,96,0,4,1,23.0,5.46,6.33,True,0,Standard Complexity,0.24186773244893392,9.833636363636364,6.915797821230189,0.62614477,1
f26b2ba09ebc48cd,135,5,0,327,6,19,9,21.74,21.35,7.87,True,3,Critical Complexity,0.4045985664826282,10.228421052631578,6.348691753472476,0.6261163,1
8f06e05501622de5,119,2,0,621,1,21,16,22.68,14.03,6.66,True,3,Critical Complexity,0.4373785545719594,10.1525,5.78187261126161,0.626033,1
efbdc66e74173d25,98,6,0,609,0,15,31,22.75,19.57,6.35,True,3,Critical Complexity,1.4912075643585059,9.389767441860466,6.61365201452061,0.6260101,1
373fa1980c19e5e1,190,12,0,107,2,4,0,19.64,10.46,9.47,True,3,Critical Complexity,0.050990195135937215,6.966547619047619,4.791632710616154,0.6257152,1
b3ae4abc543408e9,189,10,0,244,8,11,9,18.52,17.47,6.86,True,3,Critical Complexity,0.1984943324127834,10.122795698924731,4.568875150521928,0.62562466,1
2364a51095c69102,117,8,0,205,1,5,5,31.64,21.17,6.37,True,1,Critical Complexity,0.12999999999919964,11.114509803921568,6.574516254097642,0.6256183,1
70c4eb92bb3da85b,132,2,0,106,2,3,6,22.14,15.13,6.3,True,3,Critical Complexity,3.3254323027239026,10.065625,6.859043272160848,0.6255687,1
c46705e38e9cfa7e,160,5,3,255,2,7,3,30.16,29.14,7.88,True,1,Critical Complexity,0.44944410108488564,8.27820895522388,5.672141117061537,0.62556463,1
b1ce356c509b9758,87,5,0,254,8,13,5,23.59,6.42,6.31,True,0,Standard Complexity,0.26076809620809765,12.1525,6.509466526858074,0.62552845,1
42c1da2d5217a83a,39,2,0,418,5,8,19,36.63,22.68,6.3,True,1,Critical Complexity,0.8229823813428654,17.94,9.185652788063411,0.6254166,1
1dd2d44e089cbcd5,130,2,2,207,3,11,4,26.7,8.63,6.45,True,0,Standard Complexity,0.34234485537261405,11.20909090909091,6.4705107652459795,0.6254043,1
993b63378a0a6880,109,25,0,158,2,8,8,20.96,17.82,8.0,True,3,Critical Complexity,0.02999999999974534,6.262307692307695,5.4143344698567795,0.6253947,1
41cbc75bfda11dfb,129,7,0,232,1,9,9,28.89,13.05,12.59,True,0,Standard Complexity,0.11401754251020894,12.429868421052632,6.130228272005661,0.625321,1
eca1733f6472a831,103,18,1,149,6,11,0,17.91,7.36,6.97,True,2,Standard Complexity,0.08999999999991815,5.236315789473685,5.814211907971993,0.6251346,1
b9e233f0c0b6129b,122,37,5,221,3,9,14,16.82,15.7,9.85,True,3,Critical Complexity,0.24351591323778637,5.642878787878787,4.742961855963614,0.6251089,1
5cbce05da6dc2dfd,148,4,0,631,5,15,11,28.22,17.1,10.93,True,1,Critical Complexity,0.8130190649674595,11.853703703703703,6.2040677505125,0.62479585,1
86d8574a65fa5412,96,3,4,545,9,5,26,32.15,25.65,6.48,True,1,Critical Complexity,0.7621679604915317,15.078125,6.797819091520579,0.6246827,1
2014227d55efd77e,166,12,0,351,2,10,7,26.11,10.38,9.49,True,0,Standard Complexity,0.06708203932523774,8.70183673469388,7.309849568085401,0.6246463,1
738900454027af14,106,42,1,167,1,3,5,23.76,5.41,8.25,True,0,Standard Complexity,0.009999999999990905,2.8980645161290317,4.948682078939636,0.62458026,1
5fac38de6101c474,162,23,3,87,1,5,0,17.96,17.07,10.46,True,3,Critical Complexity,0.08602325267034804,7.010246913580247,4.437897671364541,0.6245658,1
a2e14c2e60f969b3,79,23,0,255,7,7,4,31.66,26.55,7.85,True,1,Critical Complexity,0.04123105625531191,7.1485714285714295,5.917800730985389,0.62446934,1
c6aefd6d77915235,145,12,1,271,3,5,14,22.61,12.15,9.87,True,3,Critical Complexity,0.050990195136684124,9.834222222222223,8.010729884595449,0.62437093,1
143ed23a0857f212,85,7,2,655,3,11,24,29.57,29.48,6.71,True,1,Critical Complexity,1.9276151068099043,12.891081081081081,9.190879081498306,0.62431616,1
6e575a8e989271e,161,10,2,374,2,10,10,23.73,13.37,6.51,True,3,Critical Complexity,0.06708203932483099,9.717142857142859,4.936711859081086,0.6241879,1
18a17ed83ecc5494,125,44,2,375,1,8,11,20.14,6.83,9.5,True,0,Standard Complexity,0.009999999999763531,6.641296296296297,6.102482660025525,0.6241708,1
b989c9d97b290dad,57,119,4,92,13,8,1,15.44,15.2,11.19,True,3,Critical Complexity,0.03999999999996362,3.0807801418439715,3.1979783221318923,0.62411135,1
353abb6ce65b8818,157,1,0,148,0,8,2,34.03,30.63,6.69,True,1,Critical Complexity,3.1795597179483694,12.325892857142858,7.539271416292188,0.6237899,1
903c4cf488df0b61,124,7,2,363,0,8,9,22.0,15.06,9.42,True,3,Critical Complexity,0.49244289008956516,10.662083333333333,5.205900081611462,0.6236612,1
68627fe0a505a5ae,80,2,0,165,7,0,4,36.3,15.59,6.3,True,1,Critical Complexity,0.5980802621714437,19.82719298245614,5.07199630388444,0.623648,1
e146c39feeff394f,112,10,1,371,2,9,15,22.7,15.48,7.8,True,3,Critical Complexity,0.45607017003973893,11.635322580645163,6.3538872322742606,0.62360764,1
9cef2ac674a6c9e4,128,4,0,371,5,9,9,37.47,24.9,9.43,True,1,Critical Complexity,0.4601086828131347,12.108732394366196,6.7909276533604706,0.6235804,1
d9c215731e757eee,93,15,2,218,0,6,6,22.22,6.43,6.99,True,0,Standard Complexity,0.10049875621122496,8.571212121212122,5.811746077570501,0.62328535,1
9eb3b7253d35ac5,90,9,0,234,0,4,4,24.76,8.48,6.47,True,0,Standard Complexity,0.30463092423453303,9.85142857142857,6.275445183004785,0.62306666,1
f7edfe1ba327190b,153,10,1,257,2,8,8,28.03,7.17,6.46,True,0,Standard Complexity,0.21213203435577133,9.214102564102562,7.303198357287775,0.6230555,1
7bb7b7498029808c,127,0,1,341,3,7,9,22.56,14.25,6.29,True,3,Critical Complexity,0.11045361017188537,10.713243243243243,5.8487393208738085,0.6230175,1
e392fbcb20d85367,116,2,1,292,3,14,9,31.14,14.44,12.59,True,1,Critical Complexity,0.3036445290137879,10.888636363636365,6.6506237771613845,0.6229727,1
1665e5a26a9e5024,139,4,0,172,2,8,3,22.53,8.19,6.39,True,0,Standard Complexity,0.3101612483849071,11.843454545454547,6.217762888599321,0.62297195,1
e55fe260693852f0,136,13,0,286,3,13,7,17.45,16.78,6.88,True,3,Critical Complexity,0.049999999999954525,5.328166666666665,5.068951072186653,0.6229453,1
cac87c62ea3858ca,63,2,0,342,2,14,11,31.9,21.2,6.77,True,1,Critical Complexity,0.09433981132018197,15.229285714285714,10.094171914161809,0.6228673,1
72e6cd1180b81e31,81,5,0,277,10,7,0,23.07,17.71,6.43,True,3,Critical Complexity,0.06999999999999851,10.505999999999998,7.675230550283164,0.62272835,1
d429c4798f2bb4bf,72,13,1,558,0,14,24,23.2,18.16,7.28,True,3,Critical Complexity,0.42449970553568545,10.279200000000001,6.769902463108314,0.6225653,1
a172d31f33f68a75,92,9,0,69,2,9,0,18.2,17.49,12.84,True,3,Critical Complexity,0.03162277660151123,6.720833333333331,5.31248444442167,0.6224139,1
9246ca4df11837cb,132,5,0,548,6,7,11,24.41,14.31,6.33,True,3,Critical Complexity,0.17464249196547985,12.707884615384614,6.303906400777483,0.6223133,1
a0261e350d40bbf7,81,11,0,83,6,11,0,25.37,15.71,6.55,True,3,Critical Complexity,0.08944271910031698,10.716296296296296,6.439412009129375,0.62219536,1
bc11306511fe22d2,155,9,4,318,3,12,2,21.48,12.32,7.29,True,3,Critical Complexity,1.326386067478032,8.96981818181818,6.16791978809685,0.6221816,1
4ce21a444d43241c,153,68,0,171,2,5,0,15.06,13.4,11.63,True,3,Critical Complexity,0.05385164807066273,3.065308641975309,3.0377599310293255,0.6221765,1
f6e1c913c7dfa412,126,3,0,731,10,20,0,26.82,12.27,12.67,True,0,Standard Complexity,5.303970211077735,11.6334375,7.576634975937124,0.62203413,1
5079a253ce25769d,187,9,0,204,1,10,5,20.43,16.51,6.41,True,3,Critical Complexity,0.19026297590444655,6.033142857142858,4.914761887229458,0.62202877,1
be1e3b1ecc248447,87,3,0,45,0,4,2,27.74,14.05,6.3,True,3,Critical Complexity,0.06082762530311377,11.506923076923076,6.810522271417036,0.6216826,1
cb2fed975973c38e,116,17,1,401,3,17,12,21.89,20.15,7.23,True,3,Critical Complexity,0.917877987534613,7.5358,6.128375670599837,0.6214533,1
f411d3092be40ba2,107,86,0,85,13,5,0,12.86,10.99,11.68,True,2,Standard Complexity,0.2408318915755891,3.424615384615384,3.3376969613667984,0.6213965,1
e2ebe8a4f8225caa,99,18,0,392,5,13,8,29.69,10.27,8.65,True,0,Standard Complexity,0.12000000000080036,6.497878787878788,6.979901778233881,0.62126803,1
5ba0c24139c38a26,120,7,0,195,2,3,4,21.76,8.4,9.4,True,0,Standard Complexity,0.7116881339457348,11.063582089552238,6.438757574946656,0.6212395,1
d9b73e426b556427,200,14,0,117,3,5,1,18.43,14.91,6.4,True,3,Critical Complexity,0.29068883707581117,5.0196875,4.590152151872936,0.6212358,1
d4b18f0db2b190af,100,17,0,434,2,11,4,27.8,18.25,9.47,True,1,Critical Complexity,0.036055512754607104,9.13670731707317,5.66347477043134,0.6210466,1
eb636c4d88b2beb1,79,15,0,63,8,13,1,26.05,16.26,6.42,True,3,Critical Complexity,0.8988882021697713,5.250000000000001,5.562001004352103,0.6210231,1
817a2d1b46748898,90,13,0,427,0,7,18,20.19,17.64,7.88,True,3,Critical Complexity,0.09433981132069715,10.59896551724138,6.311928960762113,0.621014,1
677530f35e73e802,189,8,0,444,4,9,17,23.24,8.46,7.09,True,0,Standard Complexity,1.0715409464877665,11.661777777777777,8.50950064833129,0.6209683,1
c9f607a938640d41,96,18,0,79,5,3,2,15.84,15.49,6.37,True,3,Critical Complexity,0.10198039027220886,5.8549999999999995,4.994007732802795,0.62081707,1
4dcdcb37abce5f44,117,4,0,391,0,18,18,26.8,20.24,9.45,True,1,Critical Complexity,2.3678260071212125,12.026999999999997,7.236571080283811,0.6207399,1
9c44586b2453b118,64,426,0,123,0,7,1,20.86,11.97,11.96,True,3,Critical Complexity,0.009999999999990905,2.7615560640732264,2.764330475743135,0.62070835,1
696a34530a2a432a,93,12,0,214,2,10,3,26.43,14.28,9.55,True,3,Critical Complexity,0.09848857801844862,10.943452380952381,6.030477058845032,0.6206519,1
d1a970b14daa7293,97,8,1,255,1,10,3,21.26,11.87,12.56,True,3,Critical Complexity,0.4294182110713931,10.356136363636365,6.987738356939341,0.6205963,1
7b125daf331c74d4,116,10,0,242,1,8,3,20.22,12.16,6.57,True,3,Critical Complexity,0.26019223662515306,8.513728813559322,5.326568488122658,0.62057936,1
8b38e080a769da04,98,7,0,136,2,4,2,21.5,17.28,6.34,True,3,Critical Complexity,0.13000000000010914,13.291935483870969,7.03179572318564,0.6203838,1
99e7376ba84f13da,95,10,0,134,1,5,3,30.51,17.69,6.39,True,1,Critical Complexity,0.438634243988848,10.74877192982456,7.787282946241654,0.62036115,1
7aa5bb7494c7a55d,163,7,2,284,2,11,9,18.14,8.77,6.4,True,2,Standard Complexity,0.15652475842507171,7.607833333333333,5.302575817992191,0.62018365,1
36ffd38bf26ef056,120,8,1,30,0,0,1,22.26,7.69,6.33,True,0,Standard Complexity,0.5813776741499407,6.209999999999999,6.218445143281397,0.6199384,1
46e31a69324d8496,96,9,0,260,0,9,6,23.2,15.9,6.91,True,3,Critical Complexity,0.0499999999998181,9.473695652173912,6.693728199719512,0.61969966,1
411620d7c03a746e,130,33,2,90,12,6,5,18.72,15.93,10.98,True,3,Critical Complexity,0.09486832980424607,4.163207547169812,3.9712289688409945,0.6196089,1
d17a7bcc562cdf26,115,9,0,321,1,10,7,27.2,17.39,6.49,True,1,Critical Complexity,0.23345235059887892,11.512535211267604,7.511402171817745,0.6195943,1
4325d5ac7b4b75ee,108,12,2,112,0,4,1,32.79,17.41,7.66,True,1,Critical Complexity,0.009999999999990905,9.914507042253522,6.6532308764254395,0.6193991,1
5b1f25d5ffd566fe,75,11,0,66,13,8,0,26.82,7.41,9.42,True,0,Standard Complexity,0.500899191454658,5.995652173913044,5.801171415503983,0.6193707,1
1fe62b6ad8672d35,86,3,0,530,10,14,19,36.16,12.72,6.52,True,1,Critical Complexity,0.4143669871017955,15.471395348837206,8.239090484179062,0.6192752,1
d81ab60110f396a8,118,0,0,68,0,0,3,31.54,7.93,9.43,True,0,Standard Complexity,1.2757742747056233,13.043362068965514,7.783090750307795,0.61926955,1
12570d2e5008ab58,172,6,0,536,5,13,23,26.78,22.64,6.53,True,1,Critical Complexity,1.2445882853372878,11.72193548387097,7.818601235909161,0.61919624,1
5fcc84761279d75,132,12,1,228,0,8,7,27.55,19.3,9.47,True,1,Critical Complexity,0.022360679775485982,8.331794871794875,5.376430696553755,0.619192,1
dba284cbfb6bc52c,213,14,1,767,5,16,12,27.96,13.53,7.31,True,0,Standard Complexity,0.7915806970867255,12.131785714285714,7.084326624033254,0.6191542,1
9dd5ae93ff6efdc1,133,71,0,79,10,12,0,17.62,8.59,11.46,True,2,Standard Complexity,0.04123105625575308,2.9705882352941178,3.1344106690436297,0.619096,1
f045609af6753f95,107,16,0,490,0,17,17,20.64,8.02,6.49,True,0,Standard Complexity,0.6859300255851066,6.493414634146342,6.250894027669298,0.61900854,1
7006aea1a8c22ec9,98,17,0,123,3,10,0,16.1,6.21,6.77,True,2,Standard Complexity,0.036055512754796286,8.659818181818181,6.074329140933729,0.6189666,1
78b9830424710e8f,163,13,4,116,1,6,1,30.04,15.88,9.46,True,1,Critical Complexity,0.03162277660165503,8.771318681318682,5.182272870781065,0.6188869,1
18573c8105ee78f4,123,7,0,187,0,10,5,23.92,16.74,9.38,True,3,Critical Complexity,0.23537204591840843,9.374418604651162,5.3132766145674815,0.6188553,1
3bb63044e4d085cf,106,29,3,134,1,6,1,16.94,14.76,9.16,True,3,Critical Complexity,0.05,6.61313432835821,4.904680435664055,0.6188084,1
230db5dd1d43c9e6,114,14,0,419,2,9,6,22.81,6.78,6.32,True,0,Standard Complexity,0.0860232526708238,9.4968,6.159493303835958,0.6187181,1
bec839984d0e7f6b,105,16,1,304,9,12,8,18.37,10.23,8.83,True,2,Standard Complexity,0.05385164807125384,7.2427586206896555,4.9312633175742375,0.6184417,1
b3786a503db76ce3,109,5,0,554,2,13,21,28.54,9.78,6.32,True,0,Standard Complexity,0.1878829422805942,11.84732142857143,7.173229869021801,0.61844116,1
33e9a6f6a114f1e0,140,4,0,231,2,8,7,29.69,15.33,6.34,True,1,Critical Complexity,0.162788205960849,14.13467391304348,6.332547301714366,0.61838067,1
9e24bed3ce605da2,112,7,2,346,4,13,12,26.53,12.42,6.58,True,0,Standard Complexity,0.041231056256139105,12.930769230769231,6.71841540559455,0.6183556,1
a9b88f4eeab840d2,92,3,0,58,0,6,2,28.92,24.94,9.51,True,1,Critical Complexity,0.5608029957124004,13.509310344827588,7.496019141694584,0.61834306,1
4567a8dc47295928,76,31,2,80,1,5,0,20.24,17.59,11.56,True,3,Critical Complexity,0.05099019513605984,5.507321428571428,5.917043630501224,0.61829185,1
18ac0920d2ee8003,102,8,0,251,10,16,7,18.27,6.54,6.51,True,2,Standard Complexity,0.4326661530556478,11.66175438596491,5.247581940320274,0.6181673,1
a555820dfcd4fa60,124,2,0,395,4,11,10,24.78,6.4,7.6,True,0,Standard Complexity,2.7622635645426716,14.197826086956525,9.015789510159019,0.6179829,1
ef8cdca333e86127,73,32,3,175,1,5,3,24.82,16.34,6.69,True,3,Critical Complexity,0.133416640641142,6.150483870967743,5.885608041989664,0.6177357,1
329e1b4a3318bb3b,135,9,3,397,2,11,3,21.91,9.05,9.97,True,0,Standard Complexity,0.05830951894832198,10.01875,4.920971348669191,0.61755276,1
7d4199715bff752e,94,8,0,73,4,4,0,26.53,10.22,6.43,True,0,Standard Complexity,0.1303840481028532,11.054565217391303,5.26258727347719,0.61750376,1
e078ef7a1f8ff845,103,10,1,322,5,17,5,19.57,15.55,7.05,True,3,Critical Complexity,0.09848857801807925,9.227534246575342,5.673170885198399,0.61747247,1
de9759764c5f71a8,120,5,0,347,9,10,8,31.25,16.21,9.42,True,1,Critical Complexity,0.09486832980539651,8.594222222222223,6.184247547470514,0.6173446,1
3bafd818beb8b949,121,0,0,307,5,6,11,31.94,24.09,6.31,True,1,Critical Complexity,0.8609297300018574,13.24,6.947470618865545,0.6172894,1
54c7eae2f62d3bca,90,11,0,400,4,16,5,32.71,18.73,9.4,True,1,Critical Complexity,0.08944271909992295,9.206923076923076,5.669731488168465,0.61726195,1
a28b7a3e41e35a0d,113,15,0,658,9,7,18,25.06,4.22,9.4,True,0,Standard Complexity,0.7484650960465385,8.995925925925926,7.374261172915215,0.6171011,1
35488ee06134c141,106,12,4,102,0,6,0,16.25,13.57,7.46,True,3,Critical Complexity,0.4522167621834647,8.517454545454545,5.111132312967563,0.6170341,1
980348556d438188,111,14,0,189,0,5,6,29.51,21.29,7.34,True,1,Critical Complexity,0.11313708498998587,7.006296296296296,5.977277125760059,0.61697763,1
8f7ea28c58eb86d1,70,19,1,388,1,8,11,22.19,6.26,8.47,True,0,Standard Complexity,0.4924428900898537,8.524615384615386,6.672653566708059,0.61691356,1
d440ac0ac46a6d7f,90,15,5,130,0,6,12,33.47,17.25,6.35,True,1,Critical Complexity,0.20024984394505282,7.8373809523809514,6.72524811350545,0.6166828,1
4cee7b2d607553b3,156,8,0,597,2,11,19,23.66,6.89,7.23,True,0,Standard Complexity,0.7463243262817116,11.053492063492063,6.2477966042971635,0.6165892,1
79f3cebbf80681dc,87,16,0,296,8,24,15,22.57,19.56,6.65,True,3,Critical Complexity,0.16124515496592304,4.596486486486485,5.0600887804497665,0.61644185,1
dcf259082afb0dfc,87,16,0,207,4,2,11,22.24,11.87,7.49,True,3,Critical Complexity,0.16401219466873693,8.335999999999999,5.814276567209372,0.6163678,1
77a2a92455b9cfd4,99,2,0,22,4,4,0,25.3,24.17,7.76,True,1,Critical Complexity,0.20615528128088853,11.062173913043479,7.168439255588249,0.61634505,1
2a3b4a2657010dbd,179,2,0,429,2,12,14,23.66,9.01,6.32,True,0,Standard Complexity,1.0916501271008578,13.842297297297296,6.497731942616655,0.6163006,1
2186617b2164ed5f,115,6,0,99,1,7,0,33.38,32.7,6.72,True,1,Critical Complexity,0.4802082881417887,8.891034482758622,6.021445493101897,0.6160461,1
96a500f8e50ba905,134,7,3,228,0,5,2,23.93,13.87,6.34,True,3,Critical Complexity,0.15620499351898084,11.568679245283018,4.952078670746999,0.61592335,1
f0adea89ea41d904,117,13,0,113,0,4,1,34.02,32.58,9.39,True,1,Critical Complexity,0.01999999999998181,8.038095238095238,7.613142845824561,0.6158773,1
f1f22e5fa33ee623,135,24,5,174,1,5,3,20.14,12.26,7.1,True,3,Critical Complexity,0.05656854249487235,6.358367346938776,4.585860187682851,0.6158279,1
485f4f9a804a0305,103,1,0,279,2,14,1,27.85,19.53,6.32,True,1,Critical Complexity,0.19646882704430813,9.740135135135136,5.603060817292548,0.615741,1
f4da5787436a0044,129,1,0,282,2,8,17,25.19,24.39,6.68,True,1,Critical Complexity,0.16124515496621916,14.641666666666666,5.971253125507985,0.6154744,1
ef7fb9c4fad08959,86,9,0,45,0,4,2,17.36,10.29,6.62,True,2,Standard Complexity,0.4535416188179851,6.620689655172413,5.053070033727521,0.61538714,1
b6acbd420af3636d,106,15,0,221,7,10,8,17.97,17.21,6.31,True,3,Critical Complexity,0.15132745950407792,6.226756756756757,5.903114640115525,0.61536646,1
f2ba3c29e54446d3,130,14,0,207,3,4,5,33.03,20.03,6.71,True,1,Critical Complexity,0.010000000000218279,9.79846153846154,6.175666698551472,0.61532474,1
ac020effefc470c3,135,12,6,280,0,8,8,22.44,10.33,7.94,True,0,Standard Complexity,0.12206555615724464,10.429304347826086,5.5626464958513395,0.61517245,1
786e4d0e9b42995a,92,13,0,190,0,4,2,22.66,17.33,7.84,True,3,Critical Complexity,0.38948684188293636,7.767419354838711,7.192902401198962,0.6151128,1
6e58de7e6370001c,129,10,0,344,6,8,9,19.25,11.53,12.6,True,3,Critical Complexity,0.05099019513704085,9.131607142857144,6.03705042005073,0.61484355,1
a402c0b5512c4b20,68,133,3,130,5,15,0,15.13,14.51,7.37,True,3,Critical Complexity,0.0,2.3498064516129036,2.7368815479849165,0.614689,1
f6227f3775267455,158,12,0,653,0,13,31,23.19,8.38,12.84,True,0,Standard Complexity,0.02828427124777783,10.643939393939394,7.1569334635993025,0.6145751,1
4b397dc973aa004d,100,15,0,386,2,11,3,28.09,8.61,6.44,True,0,Standard Complexity,0.022360679774672505,10.617717391304348,5.871299038406509,0.614239,1
1bba19da7560640e,126,98,0,84,12,6,2,20.93,15.41,9.29,True,3,Critical Complexity,0.0905538513815429,2.484907407407407,2.641269859917402,0.6140427,1
dc4eff3cf3f620da,98,0,0,292,5,22,9,26.4,14.99,6.31,True,3,Critical Complexity,0.37121422386538033,13.841707317073173,6.860484375432701,0.61402357,1
85a6d6865835db4f,159,8,0,759,4,13,28,28.25,20.89,6.35,True,1,Critical Complexity,0.6129437168288289,12.850555555555555,8.35348062667574,0.613845,1
56ae2f51d5a87cd1,120,7,0,729,8,19,25,22.53,12.97,6.46,True,3,Critical Complexity,0.2549509756793895,12.266716417910448,6.601952083107003,0.6137474,1
9edc6ac840be7164,126,5,0,654,5,15,13,30.7,13.29,8.02,True,1,Critical Complexity,0.8612781200054233,13.70625,7.362125521036706,0.6135079,1
9254fab59170965c,84,8,1,113,7,9,0,19.96,8.83,9.19,True,0,Standard Complexity,0.36400549446420083,9.625217391304348,6.827194260783866,0.6132849,1
7ed009847864813b,385,82,0,67,4,5,5,14.6,11.76,10.47,True,2,Standard Complexity,0.07280109889280144,3.0159615384615384,2.8162005635084526,0.6131553,1
41d6f7026fda3d7e,86,4,0,428,12,8,19,27.42,17.26,6.33,True,1,Critical Complexity,0.75,13.964634146341462,6.934407354198049,0.6131106,1
4a0d4eb412d7ae38,87,12,0,408,4,10,5,24.33,15.87,9.26,True,3,Critical Complexity,0.19924858845181684,8.710512820512822,6.371123939293257,0.61301035,1
3efa56f52da2cd2c,178,10,1,324,2,10,6,20.0,12.42,7.68,True,3,Critical Complexity,0.10770329614301435,8.836363636363638,4.889897946621653,0.6129637,1
92de55e9e50db0f8,139,36,0,101,6,0,6,16.39,15.62,6.95,True,3,Critical Complexity,0.16552945357262014,4.05,3.874321138691821,0.61288434,1
86d0403d11a60db1,81,22,1,389,4,10,6,23.07,8.85,9.13,True,0,Standard Complexity,0.04472135955015849,8.041216216216215,5.5961279936057675,0.6127711,1
7fcd242d554ac664,141,10,0,210,3,7,10,26.89,11.77,6.39,True,0,Standard Complexity,0.09055385138104072,11.45340909090909,5.496060342389818,0.6125118,1
b69e3b2e6b338fe9,121,34,1,80,3,10,1,17.14,16.89,12.59,True,3,Critical Complexity,0.718679344352347,3.9811538461538465,4.056776218134748,0.61243415,1
5466b60b659ec023,91,4,0,236,2,15,5,24.13,18.53,12.57,True,3,Critical Complexity,0.0640312423737376,9.634262295081967,6.529094647407697,0.6123436,1
3d2bf5060cc85f81,80,23,0,196,3,7,7,20.62,15.86,8.61,True,3,Critical Complexity,0.08062257748296857,7.193275862068966,5.330350764136232,0.61229765,1
c526f010d62a0d5,128,2,0,361,7,10,8,21.75,12.84,6.32,True,3,Critical Complexity,0.33136083051543996,13.144912280701757,5.346806924749663,0.6122561,1
e0afdd8dd867ffe6,120,8,0,475,7,13,9,19.48,12.75,7.49,True,3,Critical Complexity,0.3883297567790438,11.548550724637682,5.30026175874316,0.6122343,1
36401d41b260c8a8,103,7,0,235,3,14,8,21.26,17.34,7.93,True,3,Critical Complexity,0.5044799302253813,12.727647058823532,6.561137989599805,0.6121508,1
25e024384523b38a,164,7,0,816,3,12,28,21.89,14.98,6.61,True,3,Critical Complexity,0.12206555615746817,11.31264705882353,7.1588999766327595,0.6121195,1
743ea1c347ec413d,88,8,0,459,2,14,21,22.04,19.52,7.08,True,3,Critical Complexity,0.9569221493935143,9.410789473684211,6.7121203731046934,0.61207896,1
2327904cdfd100f4,160,8,0,637,5,14,9,23.37,8.0,6.52,True,0,Standard Complexity,0.9984988733091271,10.019540229885058,6.095717718304803,0.6119535,1
624a2c9f3cce29d7,85,45,2,258,2,9,7,21.13,9.37,7.44,True,0,Standard Complexity,0.04472135954975175,7.425090909090908,6.224205352047988,0.6119515,1
3298b5033d01224d,105,8,0,518,2,17,11,21.19,15.91,6.43,True,3,Critical Complexity,0.3383784863130953,11.497234042553192,7.00790001086241,0.61190337,1
45b52c06851d49b2,140,12,0,450,5,11,10,30.9,11.09,6.33,True,0,Standard Complexity,0.43046486500047443,9.046904761904761,8.813413340200006,0.61188304,1
f56500149011dd14,116,10,1,350,4,16,8,21.51,6.15,6.81,True,0,Standard Complexity,0.12727922061378436,9.994545454545454,6.492371976735276,0.61180276,1
3866940c7bdefccc,116,15,0,214,5,14,5,25.78,21.26,6.56,True,1,Critical Complexity,0.03000000000020009,5.169999999999999,5.377842792742112,0.6117361,1
c4005b3c11188820,71,11,0,211,8,18,1,29.55,18.26,10.12,True,1,Critical Complexity,0.7128113354878528,9.372285714285713,7.964939991062362,0.6116454,1
76f63ed7533bd350,112,1,0,423,3,21,5,20.93,7.89,6.56,True,0,Standard Complexity,0.18601075237689574,10.860769230769233,7.182902557592841,0.6115244,1
9d05d12004212998,129,6,0,140,4,13,0,20.35,19.36,6.35,True,3,Critical Complexity,0.3101612483854276,8.878852459016393,5.001115645487828,0.61144197,1
831f6092c4c4fbfe,100,8,1,221,6,11,5,35.89,26.05,6.34,True,1,Critical Complexity,0.07615773105868924,9.5735,5.947909107409091,0.6114241,1
690befe6653a86a1,116,10,1,431,6,16,6,32.36,15.67,6.58,True,1,Critical Complexity,0.04999999999972715,9.28344262295082,6.560482260673336,0.6111047,1
aa0d784c1b8de95d,84,2,0,251,14,8,9,28.5,23.55,6.45,True,1,Critical Complexity,0.8499999999998288,16.882241379310344,6.784588784607273,0.61107844,1
895ff469c0f72117,111,5,0,202,0,6,7,27.53,22.6,6.38,True,1,Critical Complexity,0.5909314681077368,9.778444444444444,5.480037289230615,0.6107097,1
dd13b2a3a5f41919,155,4,0,262,1,4,11,20.68,8.1,9.4,True,0,Standard Complexity,0.33105890714514413,12.995666666666665,6.257462842256614,0.6106386,1
c8cff232048185a8,90,8,1,196,1,10,4,36.8,18.15,11.75,True,1,Critical Complexity,0.041231056256139105,9.81483870967742,6.509551231233221,0.6106317,1
db30095c2309599a,76,11,0,74,0,8,0,21.8,16.94,11.64,True,3,Critical Complexity,0.036055512754607104,10.643529411764705,5.832758847967805,0.61045754,1
a73b64525967c8c2,194,7,0,433,4,9,12,22.34,8.95,9.45,True,0,Standard Complexity,0.26172504656613144,8.12797752808989,5.0154915472134105,0.61031854,1
8ed35997b490e092,115,2,0,276,0,8,8,32.5,19.22,6.33,True,1,Critical Complexity,0.1503329637833806,12.345178571428571,6.425085600061079,0.6103144,1
32f2df1b2c9d176a,104,9,0,432,10,8,8,21.67,17.53,6.45,True,3,Critical Complexity,0.8809086218218757,6.8453124999999995,6.133882836535415,0.60997474,1
4763171af60988c4,107,12,1,586,2,12,15,18.83,10.88,9.46,True,3,Critical Complexity,0.42296571965122576,8.894918032786883,5.39629491074878,0.6098894,1
a39affc5cd471811,100,9,0,90,0,6,0,28.29,24.22,9.31,True,1,Critical Complexity,0.03999999999996362,8.271964285714287,6.219158308819053,0.6097984,1
6c63ad0487035510,77,103,3,100,0,21,0,17.94,13.19,9.35,True,3,Critical Complexity,0.03162277660467491,3.291159420289855,2.8396269586761296,0.609752,1
2daf2a8e6095a1fc,108,6,0,616,3,15,8,26.69,17.62,6.34,True,1,Critical Complexity,0.25079872407972387,12.401428571428573,6.54387948188759,0.6097235,1
c84ecd9244d0dd,74,19,1,318,1,10,4,21.94,9.39,6.95,True,0,Standard Complexity,0.07280109889264527,11.049864864864865,7.485958295593164,0.6097199,1
77ab2293fadf6f33,115,6,0,409,0,7,16,22.63,13.4,7.02,True,3,Critical Complexity,0.7242237223399333,10.621904761904762,5.861692522559072,0.6096817,1
6cd51e5afb8cf636,93,8,0,81,3,4,0,19.36,16.83,6.84,True,3,Critical Complexity,1.7710166571779336,10.566578947368422,6.55024880054418,0.60966855,1
14acb740f9bafed2,119,13,0,233,2,8,4,18.96,14.16,6.61,True,3,Critical Complexity,0.08544003745333711,6.819333333333334,5.790466264089236,0.60958546,1
d17eb8a46c702e9c,129,1,0,438,8,11,9,25.48,11.24,6.34,True,0,Standard Complexity,0.47169905660290734,15.195714285714287,6.002200446842943,0.60952675,1
c6d0ad32d49eaafc,113,1,0,367,0,14,15,22.15,20.31,6.3,True,3,Critical Complexity,0.733484832835556,12.320645161290322,6.217746161247047,0.6094542,1
5c8cc03a774a0d35,76,19,5,174,1,5,3,25.06,13.5,6.63,True,3,Critical Complexity,0.2236067977499993,6.947499999999999,6.8227288869107,0.60944587,1
316d944ac699a4ba,78,20,2,242,3,9,1,15.99,11.34,8.62,True,2,Standard Complexity,0.14422205101858607,7.459387755102041,5.036746766763555,0.60939795,1
f8385f9044a098bd,153,10,1,224,7,10,4,20.42,11.85,6.31,True,3,Critical Complexity,0.1941648783890769,6.347555555555555,4.716125130540281,0.6091229,1
7c167fb1dfd398df,103,1,0,74,0,3,0,34.19,21.19,6.3,True,1,Critical Complexity,3.338083282364133,11.371739130434781,7.043463607070102,0.608943,1
e3ee3aaf9b430178,89,28,1,290,4,5,11,20.52,13.26,7.75,True,3,Critical Complexity,0.1772004514666863,4.498809523809524,5.245246465851565,0.60882187,1
cd3647c48c2234a9,173,3,0,326,2,10,6,21.58,7.72,6.32,True,0,Standard Complexity,0.29000000000041837,8.446176470588235,5.537192968360244,0.60861874,1
2e71a1d7658b717c,167,76,1,201,11,20,6,15.12,13.07,6.64,True,3,Critical Complexity,0.0,3.5589565217391304,3.2412062633513314,0.60860217,1
cf2c7b3511ee4613,138,2,0,356,11,12,13,25.93,11.49,6.3,True,0,Standard Complexity,3.959217094325734,15.810952380952383,7.264503001229698,0.6084156,1
aa23a583bf2a00b9,93,9,1,268,2,13,4,24.58,19.04,6.65,True,3,Critical Complexity,0.050990195136149025,8.62730158730159,5.9649803965534804,0.6084042,1
753c6ceb7e1f15c4,146,5,1,261,5,7,6,29.87,26.88,9.76,True,1,Critical Complexity,0.13892443989487907,7.889298245614035,5.947177086401116,0.6083304,1
63c0fb7dca5a649e,132,14,0,234,7,10,10,26.93,14.52,7.32,True,3,Critical Complexity,0.07615773105862952,6.0685,5.799608413505174,0.60825557,1
524cabff720467d5,94,15,0,394,0,5,18,21.1,15.35,12.55,True,3,Critical Complexity,0.2683281573003408,7.350434782608697,5.715567207777043,0.6082295,1
693fea28a8317340,135,8,1,204,3,8,8,34.8,26.81,7.23,True,1,Critical Complexity,0.7156116265125577,9.421216216216216,5.470696865710417,0.6081784,1
92a52222682a8f09,111,2,0,452,6,10,15,26.53,19.01,6.35,True,1,Critical Complexity,0.3471310991541403,10.887619047619049,6.9189917409994175,0.6081266,1
895dafb4c409d1d5,112,7,0,397,8,8,5,27.24,8.45,9.4,True,0,Standard Complexity,0.37536648758244884,10.605245901639346,5.8802577746991185,0.6080111,1
9c3df49d0b95ecf2,99,1,0,438,0,13,18,22.93,12.93,6.42,True,3,Critical Complexity,0.3847076812336917,10.377428571428572,6.514432260256407,0.6079814,1
a3d1193ecef6667,129,6,1,259,2,8,6,27.92,7.51,6.31,True,0,Standard Complexity,0.7003570517958966,11.260370370370367,6.279277489389342,0.60780054,1
2c736237600e73a9,63,18,0,73,5,2,1,27.21,9.06,6.32,True,0,Standard Complexity,0.09219544457237644,7.032428571428572,6.771269861009252,0.60776436,1
d18441bf31d9ea56,77,0,0,42,6,1,1,18.92,18.26,7.63,True,3,Critical Complexity,0.16492422502477702,9.847777777777779,5.9112073926995805,0.6076802,1
9ce57899230e354c,126,9,0,306,3,12,7,17.46,17.1,7.75,True,3,Critical Complexity,0.0905538513815429,7.521904761904761,4.973619568279958,0.60767514,1
cf631fae05d8a76,131,0,0,146,0,8,0,37.01,18.41,12.63,True,1,Critical Complexity,0.34885527085033496,13.846120689655173,4.863807358429892,0.6075835,1
cae8966f221c3fcf,104,10,0,330,4,5,7,20.2,13.4,6.45,True,3,Critical Complexity,0.3901281840620411,10.531333333333333,5.5428035826245505,0.6075821,1
e3dcb385d9e5e440,64,30,1,471,0,12,15,25.0,9.78,9.45,True,0,Standard Complexity,0.04242640687179738,8.119305555555556,7.542425252159519,0.6073684,1
3e744703b6961453,106,77,0,52,0,4,3,25.86,21.51,9.96,True,1,Critical Complexity,0.009999999999763531,2.907291666666667,3.4463620551141396,0.6071944,1
c89fec7c94a30eb3,98,3,0,280,2,12,5,31.32,16.97,6.32,True,1,Critical Complexity,0.2817800560721578,13.917575757575756,6.830395094967179,0.6071156,1
7c2bbfea0eec7467,54,14,0,109,4,3,4,33.47,25.09,6.6,True,1,Critical Complexity,0.08602325267164318,10.092702702702704,10.006733043751673,0.6070748,1
30fdeb8595d65cd7,101,7,0,69,1,6,0,19.22,13.7,8.38,True,3,Critical Complexity,0.9265527507919136,8.653684210526315,6.2414144909343605,0.6070511,1
f12d50b44cb0c877,89,10,0,376,4,5,7,37.0,36.14,6.54,True,1,Critical Complexity,0.1931320791581739,9.612131147540984,5.930698439711829,0.60685194,1
f56f8c5a67e0e2b2,143,13,0,286,13,24,8,23.38,10.06,6.69,True,0,Standard Complexity,0.17888543819997302,10.639791666666667,5.132341485449296,0.60682076,1
f45378e93a51f0dd,113,14,1,436,3,12,9,21.73,12.75,6.94,True,3,Critical Complexity,0.26832815729998494,8.617906976744187,5.271472614576537,0.60666806,1
981d229b54b9bdde,157,3,1,402,2,6,7,29.57,20.21,6.62,True,1,Critical Complexity,0.06324555320288483,12.43140350877193,5.024988239000461,0.6064499,1
8071e9c045b46b60,110,8,0,187,6,7,6,23.1,12.96,7.21,True,3,Critical Complexity,0.04472135955015849,10.499268292682927,6.97325391738403,0.6064274,1
40789407c8fc2d48,87,13,1,345,0,12,10,23.53,22.64,6.91,True,3,Critical Complexity,0.03162277660151123,10.730327868852457,5.882614832670178,0.60630405,1
dc902f27e8d4b940,104,35,3,151,12,17,0,16.48,15.73,6.81,True,3,Critical Complexity,0.04242640687469137,4.629242424242424,3.94816578456916,0.6062329,1
94b91531c18a3832,88,4,0,48,2,1,1,27.22,13.18,6.3,True,0,Standard Complexity,0.09848857801799844,11.512068965517242,7.125519886325219,0.6062047,1
9f37064063037596,178,3,0,356,10,12,15,24.28,14.85,6.55,True,3,Critical Complexity,3.2304798405202115,6.775333333333334,6.6198694515492935,0.60599023,1
a9bde6c70c0e3a34,123,14,0,175,3,11,2,19.82,5.24,7.35,True,2,Standard Complexity,0.1118033988748878,7.448823529411763,5.645548531698235,0.6056689,1
6c5a0fb23ce03c9a,51,6,0,200,8,1,7,37.1,29.27,6.31,True,1,Critical Complexity,0.03000000000020009,9.915882352941177,10.447412321788267,0.60547704,1
91bcb65c6f011795,105,16,0,264,5,6,12,23.58,12.34,7.07,True,3,Critical Complexity,0.060827625302964254,11.239852941176471,7.570743318204522,0.6054698,1
8d9966306d27330f,164,12,1,295,8,9,6,21.96,16.26,6.99,True,3,Critical Complexity,0.6103277807866981,7.412916666666667,4.6312604588275965,0.6054101,1
3dd27e756acfc229,133,15,0,91,10,6,0,16.71,13.35,6.31,True,3,Critical Complexity,0.36069377593742213,5.600000000000001,4.342702384460626,0.60520756,1
f1266d75f1fc96c2,64,20,0,199,4,2,11,23.3,8.71,10.57,True,0,Standard Complexity,0.19849433241233663,9.019833333333333,6.32607078990497,0.60505456,1
81003adc9190af03,112,0,0,82,2,7,0,27.52,9.69,6.31,True,0,Standard Complexity,1.3274034804837826,12.77722222222222,6.856749963483312,0.6049512,1
fd91a25051c5caaa,111,12,0,234,1,5,3,31.25,30.86,11.46,True,1,Critical Complexity,0.420119030752078,8.142898550724638,4.9222950642818,0.60494536,1
2907965c0f4ba6f4,115,2,0,428,2,12,12,35.32,16.12,6.29,True,1,Critical Complexity,0.8944271909999972,9.86815789473684,6.535511035977604,0.6048189,1
8f2263197ca317d7,197,79,0,214,2,5,0,18.19,17.94,13.13,True,3,Critical Complexity,0.060827625302964254,2.765199999999999,2.821735097417899,0.6047861,1
bb9c11590a64b624,26,0,0,186,10,0,7,24.09,3.77,6.3,True,0,Standard Complexity,0.6835934464279055,19.375416666666666,5.424317145323967,0.60475427,1
a0ac3ea297b597dc,140,11,0,203,7,13,4,19.14,14.06,7.13,True,3,Critical Complexity,0.08246211251233336,7.907857142857143,4.621422444244116,0.6047535,1
adb18214065ee113,84,8,0,284,9,5,4,28.07,20.07,6.52,True,1,Critical Complexity,0.06708203932488184,12.877837837837836,6.086065224728484,0.6046523,1
bc7d2d3979ac1d80,87,1,0,72,0,3,0,22.04,17.31,6.29,True,3,Critical Complexity,0.3423448553721624,10.765263157894735,5.118040196897999,0.6046344,1
4778faf5c88694ca,167,4,1,480,5,8,11,31.76,17.07,6.42,True,1,Critical Complexity,1.180381294328042,13.015384615384614,6.410259515017563,0.6043009,1
283e1ffe72139bb4,139,5,0,136,5,1,2,27.06,16.08,6.61,True,3,Critical Complexity,0.5923681287847528,10.3576,6.092382531216065,0.60424066,1
2839a14769c9f663,99,2,0,203,0,10,2,21.22,12.0,6.31,True,3,Critical Complexity,0.3721558813187075,10.064285714285713,5.530304883895963,0.6042265,1
7f8f6930367f9f48,108,9,2,502,6,10,18,27.98,13.57,12.56,True,0,Standard Complexity,0.07615773105848025,12.470322580645163,6.902582959214975,0.603909,1
e4dec24426e429a2,86,0,0,227,3,15,1,36.58,14.59,6.3,True,1,Critical Complexity,0.8127115109312351,13.721764705882354,8.025263224778962,0.6038061,1
b3d4d8b3dc3d64da,117,7,1,549,5,15,14,26.35,15.6,6.93,True,3,Critical Complexity,0.9677293009916333,14.913968253968257,7.204260542709859,0.6034373,1
dd28e09ef81e52dc,157,9,0,637,6,14,11,24.11,8.92,7.09,True,0,Standard Complexity,0.8005623023850419,8.0478,7.562533779098114,0.6033278,1
8f13fbc5580a63a1,131,11,0,601,3,18,8,22.71,5.49,6.81,True,0,Standard Complexity,0.13453624047110485,9.271960784313725,7.343895162332104,0.60318357,1
e66ba78e57c671d8,67,8,1,67,2,0,1,21.85,5.26,6.31,True,0,Standard Complexity,0.3008321791298325,9.524375000000001,5.708467360804913,0.6031493,1
87634fddce5c79c3,109,11,2,335,4,5,7,23.57,11.51,9.45,True,0,Standard Complexity,0.06082762530318853,9.92546875,5.840337086185475,0.603138,1
5fee013ddc64aad4,55,109,2,133,6,13,4,21.7,16.56,10.74,True,3,Critical Complexity,0.03999999999996362,4.2796992481203,4.027403674909696,0.60311615,1
e7c5fc021f7866ef,213,10,0,27,2,7,0,19.05,18.97,6.32,True,3,Critical Complexity,0.7930952023559854,3.413684210526316,4.28368534217948,0.6030699,1
74e149336e28d9d5,116,8,0,202,2,7,4,25.06,22.1,7.87,True,1,Critical Complexity,0.10295630141008555,10.394242424242425,6.74491998753137,0.60286945,1
ee0eab3090c58dd1,173,5,0,452,4,21,6,22.44,9.28,6.33,True,0,Standard Complexity,0.07211102550883583,10.230281690140846,6.715802044711357,0.602858,1
d24bc29f3f4a2ed5,103,19,0,463,5,7,11,24.32,8.77,7.26,True,0,Standard Complexity,0.09055385138121648,10.217735849056604,8.211299081720842,0.60282665,1
c6040125e22073a6,97,6,0,205,2,8,4,20.44,11.09,6.31,True,3,Critical Complexity,0.2927456233660479,10.796060606060605,6.895867862139216,0.6027615,1
fd0656295c79cd04,115,5,0,85,0,5,0,22.55,14.03,7.89,True,3,Critical Complexity,0.16000000000008185,10.423703703703703,5.493608844323623,0.6023444,1
b355c562fc6539ad,101,13,0,22,4,4,0,15.59,7.56,6.74,True,2,Standard Complexity,0.07615773105856982,6.246176470588235,5.115140165238349,0.6023237,1
af1b7fd6aca9b407,107,12,6,83,0,6,0,17.0,7.58,7.77,True,2,Standard Complexity,0.9013878188660793,8.73490909090909,5.032650800785271,0.6021857,1
f6d4b9c4bdfeec3e,117,8,0,563,5,18,18,18.86,8.64,12.6,True,2,Standard Complexity,0.11180339887564027,8.973249999999998,6.340946060131722,0.60217685,1
f3f5450a5c1bdb00,77,20,10,82,0,6,1,17.01,6.85,6.67,True,2,Standard Complexity,0.03162277660172694,6.662394366197184,5.010946458290647,0.60212636,1
33605b652b898710,60,61,0,72,2,5,2,17.97,17.32,7.69,True,3,Critical Complexity,0.04472135954995512,5.588461538461538,5.17716391517254,0.602018,1
92acdd2e45e0c871,70,16,0,106,7,0,4,21.86,8.8,8.36,True,0,Standard Complexity,0.0,8.30727272727273,6.906350622841258,0.6018725,1
685689c4035e842,141,13,0,488,5,7,15,21.51,18.57,7.98,True,3,Critical Complexity,0.08544003745355001,9.46,4.903333207442655,0.60184735,1
99f927500400fdfa,123,3,0,351,4,12,11,26.62,11.32,6.3,True,0,Standard Complexity,0.4237924020081066,16.715,7.411530543686641,0.60178167,1
54feac34738b9cf6,132,17,0,223,5,11,6,19.96,13.48,9.4,True,3,Critical Complexity,0.07810249675907557,8.805977011494253,4.6688344209284445,0.6016232,1
c8a630c33b9bc3d4,213,47,0,276,0,10,9,20.37,16.02,7.75,True,3,Critical Complexity,0.04472135955015849,3.343521126760564,3.1399426291482446,0.6015847,1
51f5bf76cf82bb15,111,2,0,187,5,6,10,36.26,12.54,6.31,True,1,Critical Complexity,3.0319960422137697,16.922413793103452,9.179709880162209,0.601551,1
c01b0607e13ab54c,61,1,0,43,0,0,2,37.69,8.07,6.26,True,0,Standard Complexity,0.62433965115165,15.060666666666664,10.391313498409247,0.60142875,1
346f01ee4e36126e,131,2,0,254,4,11,6,30.16,13.82,6.42,True,1,Critical Complexity,1.1503912377975012,14.76779220779221,6.5124138448575675,0.60141546,1
6fc97e2b1f04c93b,172,3,1,218,8,8,8,25.79,12.09,6.33,True,0,Standard Complexity,0.4925444142407683,8.118470588235294,6.025801095071944,0.6013421,1
424f93bb7711e708,88,4,0,114,0,4,0,31.3,19.99,6.35,True,1,Critical Complexity,0.1838477631085454,9.603333333333335,5.975682917021812,0.6013343,1
bf25b7f379af1077,100,6,0,314,5,12,7,25.53,15.56,6.33,True,3,Critical Complexity,0.3785498646148319,12.686896551724136,6.721389482503254,0.60126203,1
2fd56783db4282ca,93,11,1,448,2,17,11,27.29,17.08,6.44,True,1,Critical Complexity,0.1999999999992724,13.098709677419354,7.448253201551521,0.60124,1
24dc620b28880a83,84,13,0,79,4,3,0,20.18,4.67,6.53,True,2,Standard Complexity,0.8139410298049818,8.474838709677423,8.040093030663723,0.60095316,1
78b756cdd4798a90,110,7,0,269,6,6,1,28.93,23.07,6.69,True,1,Critical Complexity,0.4957822102495766,12.103725490196078,7.158589783564236,0.6009241,1
94019cdb20115d4c,125,0,0,653,2,12,16,21.15,12.54,6.35,True,3,Critical Complexity,0.9062008607369249,12.543333333333333,6.180706131408311,0.60085976,1
53a3a06131d95f40,77,40,5,218,0,6,3,27.91,16.49,7.9,True,1,Critical Complexity,0.014142135624039643,6.229615384615384,5.438069378926654,0.6008176,1
c02cd4a426100c9f,108,1,1,470,8,16,1,27.44,13.63,12.56,True,0,Standard Complexity,0.8335466393669994,12.974406779661019,6.788614414226131,0.600801,1
4b8bb037ea524c03,111,5,0,354,2,19,4,27.16,17.63,6.38,True,1,Critical Complexity,1.487077671138742,7.951818181818183,5.4192364745360715,0.6007867,1
4e8413da1cb8ef73,131,5,0,734,5,19,26,22.12,13.58,6.39,True,3,Critical Complexity,3.5339071861039724,10.626279069767442,6.942497715287433,0.6006951,1
9b04d3300667f0e4,129,6,0,487,6,13,11,20.63,4.65,6.88,True,0,Standard Complexity,0.5028916384271152,10.354468085106383,6.971257039951012,0.60066885,1
4aa23ece18e8911c,185,7,0,499,6,18,10,36.14,16.37,6.37,True,1,Critical Complexity,0.15620499351758346,9.30031746031746,7.137779203835812,0.60019,1
2b87ec5b2a65e023,124,6,0,364,2,8,5,25.75,14.57,8.03,True,3,Critical Complexity,0.08246211251216792,9.325394736842105,5.22961970057134,0.600188,1
13bb3b1bb26d5d1,83,5,0,291,3,8,18,32.3,10.82,6.31,True,0,Standard Complexity,0.08544003745301777,16.481333333333332,9.250833620094282,0.60005105,1
1ba2d1365ed3551d,118,3,0,366,1,11,12,36.37,28.12,7.08,True,1,Critical Complexity,0.11045361017066053,12.390263157894738,6.3600717832932245,0.6000375,1
f65c5fd4268f7769,102,8,2,344,2,9,3,20.97,5.49,9.49,True,0,Standard Complexity,0.08246211251227821,9.985277777777776,6.599058639142367,0.5999682,1
5d4aca351b2a263b,160,3,0,586,8,24,17,24.36,19.31,18.84,True,3,Critical Complexity,0.13453624047110485,9.971489361702128,7.176415563148026,0.59994626,1
8539286267d23310,109,2,0,215,2,12,7,27.06,18.51,6.45,True,1,Critical Complexity,0.3324154027713789,14.342241379310343,5.650490684552872,0.5999025,1
3a707c2ce095cf89,100,13,0,101,1,5,1,17.9,7.4,9.39,True,2,Standard Complexity,0.04472135955000596,9.285365853658538,5.712786299624334,0.5994778,1
d7d3c0512bf1e32a,67,7,0,76,8,5,3,29.57,18.07,6.86,True,1,Critical Complexity,0.45891175622355757,7.590000000000001,6.703637661354979,0.5993068,1
f3b54beab850316,135,0,1,174,2,4,11,27.72,21.39,6.31,True,1,Critical Complexity,1.030436800584784,12.353728813559322,7.371746084425154,0.5991467,1
f74070a5b4072f96,102,52,22,171,1,5,2,31.29,23.87,6.86,True,1,Critical Complexity,0.1788854381998586,4.949117647058824,4.6995844837062455,0.59899014,1
fcf4737a53fbf4da,95,9,1,468,4,14,8,30.98,23.53,6.58,True,1,Critical Complexity,0.08246211251227821,10.626415094339622,7.493586463893483,0.5989276,1
4408e2cd9bfdb276,142,3,0,411,0,9,15,22.67,16.99,6.42,True,3,Critical Complexity,1.290155029445016,11.616969696969697,5.536311804172623,0.5988848,1
b870a7c3fbdd3013,86,0,0,73,0,4,0,37.89,31.41,6.3,True,1,Critical Complexity,0.1769180601308327,12.448333333333332,7.3942051259377735,0.5988013,1
8b599e901dd1551a,142,3,0,361,3,7,16,20.18,4.47,6.29,True,2,Standard Complexity,1.5754364474640425,12.223076923076922,6.35259452501189,0.59876996,1
d6c126aaf685b09e,84,30,4,173,1,5,3,17.44,14.53,6.62,True,3,Critical Complexity,0.0854400374530976,6.181774193548387,5.517380609285635,0.5987133,1
789df26378b9c27a,169,1,0,122,2,8,1,35.79,22.87,6.27,True,1,Critical Complexity,0.03162277660143933,10.187435897435895,6.010030597621979,0.5986144,1
5b0b3f6523c63b21,104,17,2,240,2,8,1,25.98,12.33,8.34,True,0,Standard Complexity,0.053851648071401616,6.96609375,5.844397321684327,0.59833103,1
ba6b902c8e750e3d,112,39,4,50,2,7,0,17.78,9.76,6.83,True,2,Standard Complexity,0.029999999999972715,4.7328,4.536662079840934,0.5982476,1
236d1870e7244477,79,21,4,229,1,7,3,17.36,7.65,7.53,True,2,Standard Complexity,0.04242640687117436,6.955303030303029,5.535480111037144,0.59819555,1
af228a5068202888,93,13,3,117,1,7,0,30.53,19.3,7.94,True,1,Critical Complexity,0.2952964612045996,10.472407407407408,6.629044379816352,0.5981607,1
a0b4e17cefba1b0e,152,4,0,129,0,6,1,22.65,14.84,6.6,True,3,Critical Complexity,0.06403124237429245,9.267213114754098,5.352145618821848,0.59814817,1
fa2b04ffe393eeba,88,3,0,429,9,15,7,20.03,6.43,9.46,True,0,Standard Complexity,0.40112342240408067,10.519285714285715,5.383510711889967,0.5981308,1
ae79133f941013c4,91,16,3,113,0,4,1,16.24,4.23,6.5,True,2,Standard Complexity,0.646606526413055,7.007499999999999,5.139604846753224,0.5980995,1
26a31867b6cb54d3,140,8,0,364,4,10,11,25.21,12.69,6.56,True,0,Standard Complexity,0.7919595949291776,9.028048780487806,6.947953978361208,0.5977151,1
a0a46ade7a915af2,106,6,2,89,0,5,2,20.32,13.05,6.65,True,3,Critical Complexity,0.15264337522440502,10.182236842105263,5.528175819497264,0.5975846,1
3f11a1bc00c084b1,135,1,0,146,1,6,1,22.17,22.08,6.31,True,3,Critical Complexity,0.48764741360947894,12.03184210526316,4.950353445788204,0.59750247,1
9c17492ed01320f8,91,0,0,295,0,14,9,26.63,11.29,6.32,True,0,Standard Complexity,0.19104973174548037,13.03921875,5.994241326235409,0.59726334,1
ef3992cbf69d272e,87,7,0,611,1,13,30,25.3,8.53,13.98,True,0,Standard Complexity,0.41999999999825377,11.772619047619047,7.304095413345601,0.597045,1
1c61a96ae24ba3a5,195,2,0,217,8,8,6,27.88,19.49,7.06,True,1,Critical Complexity,2.7951744131627643,11.233260869565216,7.433612280758442,0.59701943,1
fc68dc33195f9430,237,10,5,150,2,4,1,16.67,6.26,6.69,True,2,Standard Complexity,2.653770901943025,4.532444444444444,4.872039114765241,0.5969981,1
589d801cd6fc615b,122,1,1,248,4,9,5,22.21,6.68,6.3,True,0,Standard Complexity,0.13000000000045894,9.6454,5.4929224316387355,0.59661216,1
22a504c8e79dc7ba,94,5,2,93,0,8,0,25.39,6.61,9.47,True,0,Standard Complexity,1.2264175471673795,11.474615384615387,6.705990374534775,0.5963465,1
5d49b33fae6aa56b,98,3,0,244,0,13,0,33.48,3.49,6.32,True,0,Standard Complexity,1.0677546534667905,9.721346153846154,6.162377484769404,0.5962945,1
424aba8335472068,110,2,0,426,3,13,10,25.38,16.72,6.3,True,3,Critical Complexity,0.33241540277181664,12.189428571428572,5.67252145641331,0.5962901,1
63d2b31411de6f3e,102,44,0,227,5,30,19,28.43,24.43,11.17,True,1,Critical Complexity,0.050990195135658514,6.617804878048779,5.858069278289947,0.59620976,1
bdac81676212e215,122,6,0,102,2,4,0,18.23,15.28,6.56,True,3,Critical Complexity,0.08062257748296152,9.498148148148148,5.184777603028595,0.59615874,1
83691a0472de509c,118,1,0,308,7,12,4,22.73,7.57,6.32,True,0,Standard Complexity,3.4175576074151266,13.198235294117648,6.749181854813409,0.596154,1
f31acba2c00355bf,104,19,0,344,4,5,4,26.31,8.1,7.02,True,0,Standard Complexity,0.06082762530326329,4.004827586206897,5.139213424780673,0.59613997,1
76b2d01805d19e67,93,2,0,104,0,5,2,21.88,16.25,6.44,True,3,Critical Complexity,0.736613874428409,8.057857142857143,6.710468557806236,0.5959729,1
aed5f96395a9e5e5,85,11,0,327,0,10,5,22.26,9.36,6.49,True,0,Standard Complexity,0.21931712199560585,10.681463414634147,7.066104788552732,0.59573454,1
d11808340fd0ef52,176,12,4,194,4,9,6,19.79,7.66,7.36,True,2,Standard Complexity,1.5519342769589293,7.717142857142858,5.759900792796447,0.595672,1
bf7b18d96825a12c,90,11,0,385,0,11,8,22.66,13.89,6.43,True,3,Critical Complexity,0.03162277660172694,8.439285714285715,5.7558928986929985,0.59566545,1
4c595694ef1b47e6,90,6,0,164,2,10,5,26.89,8.89,6.34,True,0,Standard Complexity,0.33376638536549397,12.948245614035088,6.308111492859048,0.59558487,1
d001224abb5b5dbc,119,11,0,150,4,9,5,26.0,14.62,10.32,True,3,Critical Complexity,0.1303840481039344,8.664933333333332,4.987260937851781,0.59547246,1
ea90bc19fcc573f1,96,23,0,149,3,6,1,20.03,4.26,7.02,True,2,Standard Complexity,0.1811077027630356,5.723939393939395,4.932805114674328,0.59543395,1
a4d86018a870099b,92,8,0,315,2,15,2,28.81,13.05,7.58,True,0,Standard Complexity,0.09999999999990905,8.110697674418605,6.126406965256885,0.5954252,1
5d5b6abb537fd86b,103,1,0,93,2,6,2,37.38,36.14,9.38,True,1,Critical Complexity,0.430464865000654,14.052159090909093,7.754821439955867,0.5953773,1
14bc5dae93c78d4a,184,6,5,126,6,6,1,23.63,10.06,6.52,True,0,Standard Complexity,0.6529931086926624,9.243461538461538,5.768105236362413,0.59520024,1
4d45b9ac3c43f0cc,97,2,0,371,3,14,13,37.45,26.81,6.31,True,1,Critical Complexity,0.28319604517015257,10.916065573770492,6.918534450772053,0.5951377,1
46526860c7d8467f,91,2,0,330,0,9,3,30.06,17.04,6.38,True,1,Critical Complexity,0.3757658845609827,11.791724137931034,7.73530556602402,0.5951178,1
a90d79345a70da9a,97,1,0,430,3,12,16,27.64,23.57,6.31,True,1,Critical Complexity,0.6067124524850819,10.67575,6.688371957173136,0.59500504,1
4b98ca1334ee3470,115,5,0,364,5,11,14,29.42,27.04,6.51,True,1,Critical Complexity,0.5590169943749475,14.70890625,6.559525067884942,0.5949952,1
11e75fdb609265cf,86,1,0,262,0,10,3,35.17,34.2,6.29,True,1,Critical Complexity,0.33241540277181664,13.987105263157895,8.058408131914058,0.59498453,1
48fee3cb006799a6,97,8,0,72,5,3,4,26.79,20.42,7.11,True,1,Critical Complexity,0.7077428911689039,6.651458333333333,5.274969585055812,0.5949533,1
9013c4a225d85972,83,11,0,145,0,4,4,22.9,21.75,9.33,True,3,Critical Complexity,0.15556349186097937,12.400714285714285,6.750642365504098,0.59491056,1
cf127080843ac116,141,17,6,276,7,8,14,22.23,14.53,8.24,True,3,Critical Complexity,0.014142135623718088,8.023505154639174,5.377300714263887,0.5948569,1
6b2e47661f7309da,74,7,2,103,0,3,4,28.65,13.19,9.46,True,0,Standard Complexity,0.37336309405184215,12.229591836734693,6.768865988640805,0.5948281,1
45216db4d7db9eb,81,13,0,67,1,4,0,21.15,9.94,8.97,True,0,Standard Complexity,0.036055512754607104,9.456874999999998,5.414591072682682,0.5947744,1
42b74b3dea3a0cb1,88,8,0,644,0,10,11,23.24,9.14,7.16,True,0,Standard Complexity,0.13892443989425712,10.209242424242424,6.9608799318821015,0.59457546,1
1b53ffd9a8e0ba44,72,3,0,125,10,3,0,19.93,14.73,6.41,True,3,Critical Complexity,0.05000000000009095,10.49655172413793,6.514662653484363,0.59453875,1
5d3d059ae81402b8,72,26,2,131,19,21,1,15.84,11.42,7.69,True,2,Standard Complexity,0.10630145812739954,5.26051282051282,4.2024559051167945,0.59405804,1
7d7ab66a97ca88d3,145,5,0,430,4,9,13,26.75,13.21,7.13,True,0,Standard Complexity,0.04242640687179738,7.946279069767442,6.565599575254737,0.5937773,1
8bba880c9347da6d,88,5,0,150,6,13,3,16.88,15.25,6.31,True,3,Critical Complexity,0.20248456731268974,8.599285714285715,6.32400355141957,0.593776,1
8a409e2dfa5ae744,88,8,0,433,4,14,8,33.04,32.63,7.26,True,1,Critical Complexity,0.6216912416943154,11.692181818181819,7.067249610552271,0.59376943,1
e943b7301c246f8e,202,5,0,460,0,9,14,30.49,12.55,6.47,True,0,Standard Complexity,0.7665507158696914,8.475178571428572,6.13837838959334,0.5937602,1
7f3896bcb0553a7f,113,9,0,407,3,14,11,19.97,18.52,18.83,True,3,Critical Complexity,0.07071067811836937,8.784027777777778,5.004025229675445,0.59370774,1
22b94f01e60663d4,97,2,0,505,2,13,17,29.66,16.19,12.69,True,1,Critical Complexity,0.641950153828502,12.396382978723407,6.932110736102144,0.59360576,1
a736d9a8521c7d97,115,7,2,204,2,2,0,20.35,4.1,7.0,True,2,Standard Complexity,0.6811754546370499,10.145999999999999,6.711658066379723,0.59348685,1
b484b93de2cb84ac,121,11,0,613,3,13,14,24.42,12.23,10.53,True,0,Standard Complexity,0.3405877273186455,9.758684210526313,8.343715621589773,0.59342706,1
61bb58d1da7b24be,113,7,0,223,8,7,5,22.45,9.8,12.6,True,0,Standard Complexity,0.6099999999999335,8.895714285714282,6.92303509784447,0.59333867,1
97bffd43d7ebbe7,81,23,0,342,2,9,7,25.7,13.63,7.27,True,3,Critical Complexity,0.022360679775079245,10.149529411764707,6.764633272244584,0.593095,1
1bb9e52db9cac7db,98,10,1,147,2,12,2,31.74,10.46,6.51,True,0,Standard Complexity,0.07071067811855829,9.305797101449276,5.9391043597930935,0.5929769,1
f34d7fc8e23bc97c,72,6,0,403,1,21,4,25.78,13.9,6.31,True,3,Critical Complexity,1.8327302038217346,15.513666666666667,7.822784450280831,0.5929387,1
421969b9b2d74e1b,72,17,0,241,0,6,0,30.78,12.64,11.18,True,0,Standard Complexity,0.1208304597361369,11.847457627118642,8.604461710819004,0.5928369,1
f38e975e0e9dc94b,191,20,0,404,3,11,16,18.5,16.53,6.61,True,3,Critical Complexity,0.13453624047015844,3.828285714285714,4.228801576748453,0.5927905,1
b5aca54f6eedce07,91,12,1,513,5,10,14,36.03,31.73,10.78,True,1,Critical Complexity,0.2385372088375669,9.383086419753086,5.340247749830401,0.5927828,1
5b99f4f4449c9c22,170,4,0,810,1,13,25,30.0,9.58,6.34,True,0,Standard Complexity,0.2507987240802678,9.773823529411763,7.826099627568182,0.5927311,1
d676c1fe0b9dba4c,108,5,0,498,4,14,10,22.97,4.44,6.31,True,0,Standard Complexity,0.20615528128097127,13.054489795918366,6.632427468691,0.5927,1
e5271ffe6669733e,83,20,0,472,1,8,8,21.18,14.26,9.32,True,3,Critical Complexity,0.05656854249487235,10.310256410256413,6.125974956284347,0.5926315,1
eb4807112a9bbe23,104,6,0,491,9,20,15,24.6,13.05,6.38,True,3,Critical Complexity,0.7209022125086451,9.796666666666667,8.697597209702357,0.5924488,1
fec69eeff5c3e6e3,140,13,3,135,3,8,2,33.22,16.29,9.47,True,1,Critical Complexity,0.014142135623718088,11.315185185185184,6.059571321086673,0.59244424,1
27e06db6313f4240,80,18,0,93,0,6,0,19.65,11.66,10.61,True,3,Critical Complexity,0.1838477631091514,6.96340909090909,5.634173305165951,0.5923865,1
cbed39d3a0299379,64,0,0,64,0,3,0,34.84,7.41,6.33,True,0,Standard Complexity,0.346698716467443,16.033125000000002,9.395277383312054,0.59221905,1
9e49df8f3a360cdf,111,1,0,248,1,8,5,24.36,17.72,6.3,True,3,Critical Complexity,0.10816653826375824,12.946470588235295,6.083044846298284,0.59216684,1
ae0f950e6ddd3bf,162,1,0,505,3,9,12,22.31,8.99,12.57,True,0,Standard Complexity,1.657739424637931,10.008139534883721,5.249389446585704,0.59214365,1
83ce2fa3a716b069,61,4,0,174,0,9,3,34.06,13.03,6.3,True,1,Critical Complexity,0.2247220505424302,14.305945945945947,9.579632803282536,0.59202796,1
87891f52014787f8,88,1,0,359,0,7,9,32.82,11.95,6.37,True,1,Critical Complexity,0.8363013810821547,10.515263157894735,6.717088865385418,0.59195787,1
7da350897812bec4,103,11,0,110,3,9,3,20.89,6.43,6.5,True,0,Standard Complexity,0.16999999999984539,10.26888888888889,6.2616682474898475,0.5917853,1
ca9b576360040498,136,5,0,386,1,9,10,23.47,15.44,7.09,True,3,Critical Complexity,0.22472205054253136,9.705384615384617,4.919204045556008,0.591725,1
2ee9c437cd182af1,88,4,2,105,6,8,4,25.93,8.0,6.84,True,0,Standard Complexity,0.8386298349093562,11.145777777777777,6.908730543912902,0.59153706,1
a901b88eeb574c36,65,8,0,278,10,4,10,28.65,14.3,12.58,True,1,Critical Complexity,0.07810249675879173,12.203400000000002,7.760088816502038,0.59149146,1
bdb236f35a9c955f,33,0,2,239,3,6,8,33.54,14.37,18.84,True,1,Critical Complexity,0.5941380311006549,14.9176,10.164458974288795,0.5913638,1
5a34e38acd071ff,91,3,1,91,0,10,0,21.84,5.92,6.3,True,0,Standard Complexity,2.0915305400590456,11.462727272727275,6.724295737699531,0.59114295,1
87149213a537f7f6,122,10,0,305,5,13,7,25.3,13.52,9.48,True,3,Critical Complexity,0.06403124237316944,7.258545454545456,5.445005524058245,0.5910743,1
fa3eb67dd9fc404d,123,7,0,213,0,4,5,21.77,9.69,6.64,True,0,Standard Complexity,0.13341664064126663,9.218648648648651,6.087184216644264,0.5910643,1
eec6006769b56512,87,1,0,325,0,10,6,35.36,11.87,6.3,True,1,Critical Complexity,0.644748012792816,11.571408450704228,6.44987548646596,0.5908191,1
28b2778b412883d0,71,9,1,64,0,7,0,27.02,17.48,7.91,True,1,Critical Complexity,0.18439088914584958,8.46951612903226,5.315961487827242,0.59079105,1
eb073968f66914c7,137,2,0,400,6,10,13,26.79,8.21,6.76,True,0,Standard Complexity,0.11180339887474544,10.877282608695653,4.965700200913232,0.5905238,1
f64f8c45099ba25b,182,13,1,446,3,6,23,31.53,7.24,6.5,True,0,Standard Complexity,0.11661903789742385,9.17375,8.582392252212278,0.59047544,1
b8b7c0417c833982,87,13,0,326,0,7,12,28.84,12.85,7.3,True,0,Standard Complexity,0.3687817782922186,7.421000000000001,6.59856757182951,0.5903849,1
f1291435da1b22,99,2,0,335,1,0,4,27.77,6.39,6.29,True,0,Standard Complexity,0.6020797289394071,12.185238095238097,7.596069233521606,0.5903702,1
d79f990959f33e04,82,9,1,72,0,4,0,22.13,19.6,9.46,True,3,Critical Complexity,0.049999999999954525,10.519166666666665,5.977631161719127,0.59034467,1
26ca04bc3ec4031e,99,8,0,198,2,14,4,33.14,18.6,6.42,True,1,Critical Complexity,0.1000000000003638,7.657586206896553,7.526241290757712,0.59016174,1
502ec917556c3f47,76,1,0,286,16,10,6,22.96,15.98,6.35,True,3,Critical Complexity,0.3827531841809862,12.790000000000001,5.26523751477144,0.5900342,1
9040ac4c48373229,64,30,0,380,3,9,8,21.22,16.26,11.88,True,3,Critical Complexity,0.041231056256194255,8.055714285714286,6.292040824450296,0.5897203,1
e8534743a4d1f4cd,149,5,0,412,6,4,17,25.48,8.92,12.55,True,0,Standard Complexity,0.5682429058067902,13.896666666666668,8.48444753652234,0.5896999,1
13d58e7460b55223,99,5,0,288,2,14,2,30.32,18.96,7.36,True,1,Critical Complexity,0.12083045973655089,12.7525,6.550695377322211,0.5896779,1
7a4a90c1bec60bd1,84,19,1,128,0,5,4,28.04,22.08,8.29,True,1,Critical Complexity,0.10440306508922834,9.228333333333333,6.323481152726629,0.58954304,1
d8b53684282371e8,104,14,0,328,1,8,13,35.08,15.71,6.91,True,1,Critical Complexity,0.10198039027176295,10.963692307692307,7.736861929794925,0.58950347,1
5ebc69b1e14113ce,101,1,0,295,5,13,5,25.53,6.81,6.3,True,0,Standard Complexity,0.5200961449578198,14.069482758620687,6.564355792752299,0.589476,1
e07e8fcef81bf0f6,71,9,0,158,8,2,4,22.84,15.32,7.82,True,3,Critical Complexity,0.3900000000001525,13.006363636363638,6.533082625762614,0.5894224,1
51eec9b1b3410e08,89,15,5,172,1,5,3,32.3,23.27,6.33,True,1,Critical Complexity,0.036055512754607104,7.569066666666668,5.846188313384675,0.58941877,1
cf198e5f9287c4d3,170,8,0,284,8,6,8,27.52,19.22,7.66,True,1,Critical Complexity,2.207351353999473,12.193,7.896587391308439,0.5894171,1
b89ee9391b43733f,101,4,0,145,0,9,3,34.21,7.55,12.55,True,0,Standard Complexity,0.5326349594233212,13.356521739130432,8.95215087523695,0.58932555,1
c6b0cd9a15d0b27a,82,12,0,253,0,7,7,37.39,13.59,6.46,True,1,Critical Complexity,0.09219544457296833,13.165492957746478,6.651010044808802,0.5892514,1
310f1baf5a0acfe4,60,3,1,373,2,9,25,28.01,3.34,6.33,True,0,Standard Complexity,1.739683879330122,14.723846153846154,10.536491562084118,0.58915085,1
798578cc68ce0d0e,91,2,0,135,0,10,0,32.01,18.43,6.42,True,1,Critical Complexity,0.7300000000000182,14.816075949367086,5.666507959045667,0.58900803,1
3be051efa61153f6,86,13,1,330,2,9,7,27.04,9.15,7.23,True,0,Standard Complexity,0.1899999999998272,10.903026315789475,5.889318837329877,0.5889086,1
308d8a3aab0b0cca,108,8,0,304,0,6,6,30.91,21.78,6.31,True,1,Critical Complexity,0.13453624047093585,9.528695652173914,5.549761168132772,0.58886826,1
d33360382eff4c52,332,14,6,125,2,6,3,23.11,10.5,6.67,True,0,Standard Complexity,0.03162277660165503,7.206938775510204,6.390115518767273,0.5887778,1
85956b699807c604,72,6,0,50,1,2,0,26.77,8.11,6.38,True,0,Standard Complexity,0.8005623023850192,8.66472222222222,7.463688947204143,0.5887421,1
b8c58e3a5853b2ae,141,13,0,197,5,9,9,28.42,11.4,6.43,True,0,Standard Complexity,0.5044799302259492,7.419,7.875779897889478,0.5886805,1
318b0e40efd419f5,84,74,0,107,0,14,0,18.64,12.68,11.0,True,3,Critical Complexity,0.16970562748461707,3.398695652173913,3.4854471416071733,0.5885695,1
8d4d334a37a24d19,72,9,0,357,2,14,5,21.99,10.74,7.45,True,0,Standard Complexity,0.03605551275485935,12.357692307692307,6.647487268302853,0.58844,1
b8c60454365d9e55,120,11,0,475,5,16,14,27.32,11.36,6.59,True,0,Standard Complexity,0.9457801012925191,10.177000000000001,6.643080900993367,0.5883737,1
2f12628775638617,97,10,0,460,0,13,10,21.83,20.46,7.81,True,3,Critical Complexity,0.03999999999996362,9.184032258064516,5.526892745323927,0.58809286,1
c91709bef162661,114,6,1,353,3,23,3,32.55,26.64,6.31,True,1,Critical Complexity,2.024104740372776,13.06326530612245,7.595709419315215,0.5880922,1
3a16bb1027a0de03,108,9,2,162,1,5,4,18.65,5.31,9.41,True,2,Standard Complexity,0.16552945357366408,9.559032258064518,5.159062089577979,0.5880669,1
b12e052b46ee2710,102,4,1,55,1,2,1,17.74,17.34,6.43,True,3,Critical Complexity,0.6657326790843809,8.191052631578946,6.189564132887279,0.58802944,1
ff30a298f583c0a8,127,2,0,179,2,14,9,26.89,19.99,9.42,True,1,Critical Complexity,0.164924225024584,9.318055555555556,5.92402022815421,0.5879862,1
5dcd44210a7ce5b7,164,5,4,505,2,8,19,23.53,20.86,7.32,True,3,Critical Complexity,0.0905538513815429,10.43390243902439,7.1183386928818875,0.58792907,1
c7f0f7c45bb01597,72,10,1,266,0,10,6,23.09,20.0,7.69,True,3,Critical Complexity,0.10295630141000273,11.266818181818183,6.867593786872343,0.58782035,1
ed08f0e02ee4570c,92,3,0,177,0,11,5,27.42,17.34,6.77,True,1,Critical Complexity,0.44553338819940225,10.992708333333333,5.368116809608116,0.5876346,1
c928d0f1c0c0672d,98,0,0,522,10,9,27,25.94,16.69,6.3,True,3,Critical Complexity,0.43829214001643085,16.086279069767443,8.459488417996273,0.5876043,1
a6f72671250ce75c,88,10,2,193,4,8,2,22.46,21.89,6.37,True,3,Critical Complexity,0.060827625302964254,9.930208333333333,5.7431609652928834,0.5874755,1
21d236364c22b575,121,3,0,554,7,19,20,31.69,21.18,7.05,True,1,Critical Complexity,0.7902531240049929,15.455357142857142,8.377176468639938,0.5874152,1
a1373a0436a1f8d3,121,11,0,168,5,5,1,22.0,8.24,7.04,True,0,Standard Complexity,0.30066592756719984,9.087209302325583,7.382388006405702,0.5869538,1
3816a9b8addbb22b,109,5,0,319,0,10,18,28.32,7.22,6.31,True,0,Standard Complexity,0.0799999999999983,11.581458333333332,8.087741235346897,0.58681285,1
5f821ea337fe450f,135,6,1,204,2,6,10,20.42,15.18,12.63,True,3,Critical Complexity,0.7343023900279044,7.676904761904764,6.853515082855637,0.5865312,1
b9e4d7aaddc1336d,73,1,0,64,3,1,0,32.07,12.04,9.42,True,0,Standard Complexity,0.13038404810400414,10.77950819672131,7.089683667994496,0.58648133,1
a2a9844a4fa9749c,103,8,1,493,2,17,10,29.97,27.58,9.41,True,1,Critical Complexity,0.11661903789713139,10.984545454545454,7.537732494392779,0.5863754,1
f6a4b853ed927f1b,128,2,0,246,3,11,6,24.45,4.67,6.32,True,0,Standard Complexity,0.19723082923330937,12.251609195402297,5.245886812062658,0.5863114,1
646d97d91a5dbad8,77,46,1,512,3,19,11,23.29,10.45,9.48,True,0,Standard Complexity,0.041231056256194255,6.445641025641026,6.080411505504016,0.5862481,1
aa0a027ab20fecd5,94,11,1,162,4,14,1,24.67,12.51,6.36,True,0,Standard Complexity,0.3324154027724049,8.792592592592593,4.9791380278805155,0.58608615,1
e583d16ab80a6c17,77,6,0,71,2,6,0,17.27,6.13,6.3,True,2,Standard Complexity,1.2961867149453097,9.64,5.379185413637061,0.5860305,1
1cfb8e5258a245ad,59,15,1,76,0,9,0,24.46,17.16,9.74,True,3,Critical Complexity,0.28301943396165763,8.244615384615384,6.87342367799332,0.58593005,1
1cbd8def911c7e18,89,15,0,249,2,5,11,23.24,22.77,9.38,True,3,Critical Complexity,0.092195444572956,7.41060606060606,5.664482612653532,0.5857272,1
97befaee712a3511,80,15,0,181,0,10,4,22.83,16.63,6.73,True,3,Critical Complexity,0.053851648071464954,8.248703703703702,6.424636333935144,0.58566445,1
86a63b1368b60d1f,151,22,2,159,3,8,8,19.78,19.1,8.08,True,3,Critical Complexity,0.08944271909991024,6.503387096774194,4.400637762997976,0.5856611,1
47de5b4de6c97ce2,96,14,0,171,0,9,10,19.84,7.82,6.68,True,0,Standard Complexity,0.21000000000003638,10.276375,5.741884543368579,0.58556855,1
50b3ea16481e03e6,129,4,2,277,8,9,8,22.24,9.82,6.28,True,0,Standard Complexity,1.7310401497361456,11.545609756097562,6.59949593373744,0.58545274,1
1e091091d1845ab7,74,10,3,79,2,5,0,34.29,13.09,6.42,True,1,Critical Complexity,0.34365680554889594,7.341481481481482,8.267892249519043,0.58536243,1
14b4dbba8f4c0a1e,91,10,1,54,1,2,0,25.9,14.81,6.68,True,3,Critical Complexity,0.009999999999308784,12.414931506849314,6.375593257013055,0.58529663,1
50b9f49dbdf4dffe,122,0,0,188,5,8,9,23.57,8.51,6.4,True,0,Standard Complexity,0.3736308338460463,14.766666666666666,5.172692699016065,0.5852782,1
5c435b94603f40e4,110,5,0,20,4,4,0,19.88,9.44,6.37,True,0,Standard Complexity,0.9489467845985425,7.352857142857142,5.834101018484128,0.585277,1
9fc835e00b2a244a,130,9,0,216,1,7,4,22.12,12.16,9.38,True,3,Critical Complexity,0.022360679775079245,11.47957983193277,5.304748529979149,0.5851653,1
86a3eecd68d088cf,78,3,0,243,0,13,4,27.09,26.04,6.31,True,1,Critical Complexity,0.30149626863459683,13.351627906976745,6.817238385914343,0.58510584,1
cdc24293bbb89d2a,90,6,0,638,5,14,8,22.68,5.37,7.2,True,0,Standard Complexity,0.6217716622681562,11.38864864864865,6.707498894304252,0.58505315,1
81afcf3648efb020,132,9,0,231,0,11,6,22.83,17.17,6.44,True,3,Critical Complexity,0.009999999999990905,7.8074,5.708408468215988,0.5850237,1
a1dc0f43b7968460,83,24,0,209,3,5,3,21.77,4.13,8.81,True,0,Standard Complexity,0.12165525060592851,6.49,6.346335425529708,0.5849785,1
16a9de0fbff98a46,117,15,0,450,7,8,6,29.88,12.45,12.54,True,0,Standard Complexity,0.4924428900888079,9.030540540540542,8.093473495436273,0.58490616,1
76b077d2827bdacd,92,11,1,310,0,7,4,23.54,10.23,6.44,True,0,Standard Complexity,0.019999999999527063,9.441159420289853,6.161532026745796,0.5848552,1
2243d00070e4b1b5,163,2,0,384,5,12,14,24.7,10.97,12.58,True,0,Standard Complexity,3.9603156439850955,12.687450980392155,7.048387339720649,0.5848014,1
8571b63000afa8d4,70,32,0,136,0,6,13,17.99,12.25,10.31,True,3,Critical Complexity,0.07615773105856982,5.500377358490568,5.004621246394648,0.58472687,1
50719b964e7c4502,122,12,0,197,0,6,3,20.77,9.62,7.89,True,0,Standard Complexity,0.07280109889273897,7.262727272727273,5.820746215166696,0.58468646,1
5bd151d6f9ceb07d,128,6,1,364,0,11,10,21.53,19.1,6.7,True,3,Critical Complexity,0.7627581530210892,8.403478260869566,5.054463897685459,0.5845295,1
fa1ef55d0b5e9c3,87,5,0,103,5,3,0,25.32,12.1,11.57,True,0,Standard Complexity,0.2549509756796303,13.775185185185183,8.018045559569744,0.58442485,1
f3e55f82408dfc3b,103,3,0,142,2,0,3,22.44,21.95,6.54,True,3,Critical Complexity,0.13038404810536436,11.663673469387756,7.526118519862042,0.5843639,1
32b75923c202612f,120,10,3,123,0,5,2,26.58,11.63,6.38,True,0,Standard Complexity,0.27802877548915345,9.145555555555555,5.7123060358241995,0.5843522,1
f32cbd46cfd4b2ef,100,2,2,193,1,14,4,35.61,28.46,6.31,True,1,Critical Complexity,0.25455844122724713,11.918032786885243,7.167455780092457,0.58433396,1
4b4da98429df1c0b,62,5,1,62,2,2,1,29.39,21.08,6.34,True,1,Critical Complexity,0.341760149813242,9.856666666666666,9.119214701260015,0.58425915,1
579488d939e0463b,77,3,2,71,8,2,0,25.48,8.92,6.36,True,0,Standard Complexity,0.554707129934252,12.3525,7.044419777384082,0.58416784,1
63d8d36b15288e8f,124,14,0,199,3,2,13,24.8,21.88,6.5,True,1,Critical Complexity,0.8631338250817826,3.770322580645161,5.21027241184366,0.58415174,1
f5255338e0a0b029,131,4,0,402,2,12,11,25.16,19.53,6.66,True,3,Critical Complexity,0.27459060435523297,8.759354838709678,7.547120765022341,0.5840568,1
57061cf65fe36e05,116,5,1,384,2,7,4,34.04,8.29,6.66,True,0,Standard Complexity,0.05656854249503313,10.953333333333331,5.769147507471356,0.5840303,1
f1a52b1c9edd0023,93,5,1,301,2,14,1,28.67,15.78,9.45,True,1,Critical Complexity,0.08602325267013658,8.903382352941177,6.362490866812841,0.58397686,1
dcdffafcd943a45,114,6,0,204,1,2,3,23.31,8.94,6.43,True,0,Standard Complexity,0.38209946349096074,13.646491228070174,5.125455389687578,0.5838548,1
7c3b683290cf37bd,77,0,0,40,2,0,3,37.01,15.22,6.29,True,1,Critical Complexity,0.34785054261878057,22.446493506493507,7.309419606044694,0.58378273,1
1adf1ee964dd15f6,89,5,0,198,0,8,4,20.14,4.7,6.59,True,2,Standard Complexity,0.3612478373637802,11.144146341463415,7.449624307308898,0.5837637,1
cce0704335f10953,95,13,0,230,0,8,4,19.49,8.84,6.61,True,2,Standard Complexity,0.6041522986796477,6.567857142857142,5.8881232500825975,0.5836279,1
656caf4c827a0e4d,123,11,1,308,3,4,7,19.29,15.84,8.36,True,3,Critical Complexity,0.3801315561746245,8.523947368421053,7.180960403248258,0.58356535,1
f4b4705fc1707161,122,8,0,270,3,8,4,21.95,16.5,7.87,True,3,Critical Complexity,0.8570297544421747,9.250499999999999,6.650071409391031,0.58344674,1
db5dac6fcc3a939f,89,0,0,372,6,10,2,25.43,18.38,6.34,True,3,Critical Complexity,0.21095023109716807,8.494615384615386,7.113778197040332,0.58338565,1
e53aa02d34b9d7c5,101,1,1,284,2,14,2,21.41,15.38,6.33,True,3,Critical Complexity,0.2121320343551282,11.548918918918918,5.286669509903128,0.58333623,1
7d12b28bd1422096,90,1,0,247,7,6,1,29.25,11.1,6.75,True,0,Standard Complexity,0.3676955262170908,12.60923076923077,7.037722600975689,0.583254,1
5368e6530467a313,113,9,0,863,2,19,36,25.58,17.0,6.7,True,3,Critical Complexity,0.7915806970865747,9.763714285714284,7.705684019221242,0.58323365,1
125970c832de8b9f,151,6,2,429,2,10,7,32.95,19.01,6.42,True,1,Critical Complexity,0.022360679775079245,11.118666666666668,7.937098154307474,0.58316445,1
48c2ff09760785ac,116,2,0,260,2,10,10,31.97,29.13,6.35,True,1,Critical Complexity,0.2941088233977228,12.931016949152541,7.0752815587300795,0.58300686,1
f61c042b7d082d66,112,2,1,247,4,1,0,21.59,7.22,6.3,True,0,Standard Complexity,2.890691958684085,9.9475,7.204637540038592,0.5829832,1
df58792d6af0bdb2,93,0,1,260,0,10,6,31.14,18.34,6.34,True,1,Critical Complexity,0.34539832078284,13.32258064516129,5.411275544424798,0.5828701,1
8cca39c79b8fb8fd,141,9,0,145,3,8,5,19.81,13.48,7.81,True,3,Critical Complexity,0.019999999999527063,8.707,5.067058134939557,0.58270246,1
93f782c02b8782c6,98,19,0,254,0,8,6,36.05,15.66,8.63,True,1,Critical Complexity,0.010000000000218279,8.357662337662338,7.308184861092816,0.58256745,1
9131a4882722eeee,93,23,0,59,0,4,2,19.12,18.7,7.82,True,3,Critical Complexity,0.07615773105836082,3.892424242424242,4.595935642073219,0.5823785,1
8822a54c1654f700,88,10,0,111,0,4,1,15.84,7.66,7.38,True,2,Standard Complexity,0.06708203932498352,9.197560975609756,5.126779420054244,0.58222383,1
1493ee638f42c9a8,80,16,3,97,2,8,3,21.05,18.58,8.18,True,3,Critical Complexity,0.05000000000006821,8.701230769230769,6.2155746086726635,0.58222246,1
8bec1e082c3fe791,100,1,1,120,2,4,0,37.27,21.72,6.41,True,1,Critical Complexity,0.4219004621946487,12.976129032258063,6.9336734096071035,0.5821438,1
db0ef0a1e89d378d,125,6,0,86,0,10,0,16.8,3.27,6.33,True,2,Standard Complexity,0.4414748010929366,7.22,4.873614546719919,0.5821299,1
25708f53fd5fd32d,115,5,0,131,7,12,1,23.45,14.96,8.76,True,3,Critical Complexity,3.450985366529467,10.52392857142857,7.686449272809219,0.58212006,1
ed769ac2301c1256,113,5,1,460,6,11,15,20.31,5.37,6.31,True,0,Standard Complexity,0.18384776310824857,11.052745098039217,6.605688302866919,0.5820841,1
107bef8b6cd9e6aa,81,6,0,76,6,2,2,16.23,4.21,6.74,True,2,Standard Complexity,0.5108815909780217,7.719444444444445,6.436310599699371,0.5819955,1
a97e9eaba9e25c0f,80,11,1,109,1,5,2,24.67,18.31,6.55,True,3,Critical Complexity,0.8819297024138779,12.330000000000002,6.649829777187817,0.581819,1
8a50fa3f7a56129e,134,5,0,341,12,8,10,35.99,35.79,9.39,True,1,Critical Complexity,0.049999999999954525,8.104444444444445,4.9910995473300295,0.58170193,1
cd73248c781b3703,165,31,0,481,35,7,21,15.51,10.7,9.48,True,2,Standard Complexity,0.022360679774672505,3.0232203389830508,3.5827110465367085,0.58163905,1
cc96054bde3cfb35,90,6,0,466,4,18,8,22.34,18.69,6.49,True,3,Critical Complexity,0.7731752712026521,11.33127659574468,7.047132393111965,0.5815831,1
2730734b0446f1fe,88,9,1,248,0,5,9,21.22,13.11,9.43,True,3,Critical Complexity,0.26076809620835706,10.394558823529412,5.902567595303592,0.5815032,1
448519f7a8c797d6,98,0,0,143,1,10,5,23.09,19.44,6.46,True,3,Critical Complexity,0.1280624847485405,12.107391304347825,5.957636471382068,0.58147097,1
18f9a87c45a2ec6d,99,5,0,307,0,12,7,27.54,13.25,6.55,True,0,Standard Complexity,0.11180339887498948,13.985294117647062,5.892337314779414,0.58133006,1
23b140e9fbddfa75,178,4,1,511,4,15,9,27.08,18.29,7.27,True,1,Critical Complexity,2.3740682382777107,11.892345679012346,7.116595848655354,0.5811188,1
3ed144d8ed572800,108,4,0,513,6,7,4,27.26,16.72,6.31,True,1,Critical Complexity,0.1503329637833655,10.735227272727274,7.550585013047413,0.5809246,1
420e9d805b54625f,122,8,1,48,5,11,4,22.89,18.64,6.82,True,3,Critical Complexity,0.4304648650009287,7.2751515151515145,4.940395715479481,0.5808653,1
c2be6d93a5841777,138,7,0,672,7,19,14,26.89,13.33,6.31,True,0,Standard Complexity,0.5375872022292707,12.60736842105263,8.28015181789705,0.5807901,1
39ad0df46761eac4,117,12,1,272,1,7,1,22.11,17.13,7.73,True,3,Critical Complexity,1.0375451797391686,7.604313725490196,5.173931737766407,0.58074933,1
b04393d632d6dd23,133,9,0,257,0,7,8,24.51,15.76,6.76,True,3,Critical Complexity,0.08062257748288397,7.832000000000001,4.865221680458148,0.58073986,1
5183db8fa82dd34d,84,19,2,37,2,1,0,16.8,7.26,6.57,True,2,Standard Complexity,0.05385164807150718,6.054444444444445,5.264472351129072,0.5807339,1
97d8c899304be82f,215,8,0,596,8,21,11,20.82,6.86,12.58,True,0,Standard Complexity,0.5403702434444,6.316545454545455,5.218724057984713,0.5807331,1
bece16111b01e217,100,16,0,142,1,0,10,22.26,12.87,9.39,True,3,Critical Complexity,0.049999999998544806,4.699677419354837,5.875209527558649,0.5806876,1
794ebf12a5eeeb97,76,11,3,110,0,13,0,20.19,8.24,6.75,True,0,Standard Complexity,0.5900847396771962,10.039298245614038,5.190467936735341,0.5804249,1
4a1ac83df0f94631,119,18,0,112,0,4,0,18.1,9.73,7.1,True,2,Standard Complexity,0.02236067977497756,7.7643589743589745,4.909136325351029,0.58024085,1
56749beedccde157,51,0,0,47,2,0,1,35.28,7.8,6.37,True,0,Standard Complexity,1.4052046114355217,22.015882352941176,8.456314307807729,0.5800661,1
2259a46d9f95d126,113,19,0,290,2,7,4,18.7,9.72,7.42,True,2,Standard Complexity,0.014142135624039643,8.222452830188681,5.179079070776957,0.5800255,1
ad903c0cef648df5,154,4,0,219,1,11,6,25.83,8.32,9.45,True,0,Standard Complexity,0.22203603311197845,7.352173913043479,5.1375488627924835,0.5800157,1
686975168fc856a3,128,4,0,341,3,12,17,29.75,14.63,6.71,True,1,Critical Complexity,1.8122361876974078,13.563793103448274,7.8975833989519035,0.57999355,1
4ce277c3e9efcbdc,87,7,0,283,2,8,4,21.99,9.36,8.55,True,0,Standard Complexity,0.16124515496602176,11.550140845070421,5.747092220788455,0.579816,1
57de78c5dd0daad5,125,11,0,450,2,17,11,29.87,12.46,9.32,True,0,Standard Complexity,0.04472135954995512,10.31,8.237459424954867,0.5797791,1
423256b330e77298,68,10,2,97,3,8,2,22.23,16.16,6.32,True,3,Critical Complexity,0.928008620649726,7.9714285714285715,6.773961129778876,0.5797785,1
e020b1ffa8ab1ec3,107,2,0,67,3,4,3,20.24,10.68,6.33,True,3,Critical Complexity,1.7173526137640638,7.849166666666666,5.595837676841203,0.5797316,1
4da9c89cf1cb6273,101,5,1,165,6,7,1,27.3,12.79,6.32,True,0,Standard Complexity,0.14560219778569658,11.543999999999999,8.472550914571125,0.57960236,1
232957d95f69981a,171,4,0,159,0,10,7,19.92,10.11,6.31,True,0,Standard Complexity,0.07280109889273897,7.406279069767442,5.423330317809672,0.5794935,1
e0d5e4d5e885a90,131,8,0,18,1,1,3,19.54,18.8,7.2,True,3,Critical Complexity,2.0041955992365765,5.5717647058823525,5.25163866336204,0.5794797,1
8e438186c26563b0,88,6,0,590,3,8,11,31.04,16.44,18.86,True,1,Critical Complexity,0.2785677655438535,11.9668,7.079736277574187,0.57934415,1
c9611ab1f62bfc5c,70,7,0,86,6,4,1,20.54,19.72,6.32,True,3,Critical Complexity,0.6264982043069092,8.004,6.752249551075552,0.57908463,1
b34c8afb510b7516,201,3,1,496,7,18,17,25.77,7.36,9.44,True,0,Standard Complexity,3.298620923962024,10.1425,6.996417305566926,0.5789964,1
137eeb4a1febbad8,96,5,1,228,0,9,6,30.13,22.1,6.65,True,1,Critical Complexity,0.04123105625531191,10.850000000000001,6.947128327589754,0.5785841,1
2553d364365ad592,89,2,0,92,4,3,0,26.79,16.85,6.56,True,1,Critical Complexity,2.804086303950047,15.554444444444446,6.93406424210075,0.57857543,1
e80d0ac994d8f2cc,129,7,0,130,2,7,1,19.85,7.54,6.67,True,0,Standard Complexity,0.12083045973602047,7.464615384615384,5.534081280691654,0.5784261,1
8e39fcd1e0f05495,80,14,0,112,6,10,3,22.87,8.78,6.8,True,0,Standard Complexity,0.16763054614224965,8.640000000000002,6.344511801549431,0.5778036,1
71db01850e118c31,98,4,3,252,8,15,6,31.39,19.55,6.3,True,1,Critical Complexity,0.07280109889279363,13.5626,6.549826504572469,0.5777014,1
c1d120c9c97a2ee2,85,10,0,96,2,4,4,26.14,7.48,6.42,True,0,Standard Complexity,0.45099889135115895,8.189032258064517,7.2554852908272816,0.5776954,1
b2837f63bc5fab82,154,4,0,351,1,10,9,25.65,8.01,7.37,True,0,Standard Complexity,2.214610575247912,13.250441176470588,6.172202494158202,0.5776743,1
9f4a2ecf0f9349a7,85,2,0,263,11,13,6,24.46,16.39,9.4,True,3,Critical Complexity,0.11180339887529454,11.57974358974359,6.3988578657082105,0.57742923,1
660351b999178873,127,4,1,227,0,8,5,19.95,7.55,6.36,True,0,Standard Complexity,1.0377379245259333,8.778333333333334,5.4862841604212305,0.57735336,1
9fb50d823ea9ce35,104,5,0,620,4,17,9,22.6,18.41,6.42,True,3,Critical Complexity,0.29529646120458425,10.665,7.527603923781679,0.57734627,1
2b806123d5f030c9,152,0,0,114,5,6,1,25.81,8.82,6.33,True,0,Standard Complexity,3.839427040588294,9.334736842105263,6.281968655915581,0.5772797,1
80828dd6a5283326,102,7,1,93,0,4,1,23.76,18.33,6.62,True,3,Critical Complexity,0.6020797289395128,9.310338983050848,5.2069907266542526,0.57718086,1
1bc730bc2f0febc1,35,1,0,133,0,5,3,37.39,14.76,6.98,True,1,Critical Complexity,0.4243819034796642,15.02318181818182,10.170316606479519,0.57684433,1
1bbdad0f06186572,130,2,0,318,1,4,14,24.05,2.37,7.43,True,0,Standard Complexity,0.4548626166210977,13.804666666666666,8.255743347647273,0.5767111,1
75649213b71142d6,175,14,1,333,13,8,10,24.23,15.45,6.85,True,3,Critical Complexity,0.060827625302926874,8.920842105263159,4.490873473392077,0.57667387,1
5519b4e90f65e1d0,106,0,0,463,9,13,7,27.17,16.7,6.31,True,1,Critical Complexity,1.8471599822430178,14.141521739130432,6.301807182964784,0.57658035,1
2b915878ad60be5a,91,28,1,189,2,6,3,24.68,11.76,9.39,True,0,Standard Complexity,0.030000000000654836,6.597411764705884,5.087120797358798,0.5765594,1
b669b453e32590c4,170,5,0,458,3,12,12,21.25,8.6,12.51,True,0,Standard Complexity,1.3106105447475342,11.993333333333334,5.253330486137456,0.57650685,1
eb94e46c980ba9ba,105,70,4,66,6,6,2,23.88,23.81,11.42,True,1,Critical Complexity,0.022360679775180928,5.5450961538461545,4.26866376930414,0.5764598,1
4b2eec081a27479a,93,2,0,675,0,13,13,21.48,11.9,6.3,True,3,Critical Complexity,1.4250614021858845,13.840000000000002,6.466002404637211,0.5762769,1
f5e0ac286533bee4,205,9,2,843,3,12,28,23.12,10.2,9.37,True,0,Standard Complexity,0.020000000000436557,11.978651685393258,6.620686544224789,0.5762618,1
e2aa6398ae67cd5a,116,3,0,289,3,3,16,27.03,19.51,6.3,True,1,Critical Complexity,0.5656854249487235,12.521351351351353,6.991207281645325,0.57621425,1
bf79b7ad4eee8994,136,0,0,384,4,6,9,18.55,13.37,6.29,True,3,Critical Complexity,3.2840219244087554,10.6044,6.153236598734035,0.5761432,1
5569b4c0cc82ec04,118,20,4,242,3,9,2,14.02,6.72,8.41,True,2,Standard Complexity,0.17088007490635487,5.908360655737704,4.659106077746881,0.5760814,1
364b804b959c210c,132,4,0,204,8,8,7,24.92,9.29,6.34,True,0,Standard Complexity,0.6105735008991692,12.497012987012988,5.180816027820043,0.57604164,1
8a9f369d475296d8,85,13,0,551,3,11,7,27.62,13.12,6.39,True,0,Standard Complexity,0.42485291572424316,11.108813559322034,6.964148404445312,0.5760259,1
34dd206065ac5bd6,101,15,6,432,1,11,13,27.38,10.83,9.94,True,0,Standard Complexity,0.020000000000003126,9.396805555555556,6.934336030537717,0.57587194,1
81f729325d37fe82,24,0,0,121,8,2,9,32.96,16.23,6.29,True,1,Critical Complexity,0.39812058474803386,21.008181818181814,5.628316102420006,0.57579255,1
f5fb9c26712cfcac,101,7,0,366,0,8,14,21.13,6.16,11.67,True,0,Standard Complexity,0.06403124237387964,9.985,5.70738609474449,0.5757043,1
b78e779f4978c045,152,20,0,254,15,20,2,16.78,16.11,6.75,True,3,Critical Complexity,0.3471310991546725,4.070344827586206,3.9127091617627565,0.57567656,1
61fa4d427008e920,77,6,0,103,1,5,3,22.29,13.82,6.42,True,3,Critical Complexity,0.6303173803727719,11.229591836734693,6.724690102618848,0.5755354,1
1fd8b8763a48e099,133,5,0,291,0,12,13,22.32,13.55,6.37,True,3,Critical Complexity,1.5140013210036467,11.012372881355931,6.1233626905990555,0.5754868,1
6a906212bc4930fd,81,20,2,136,4,11,3,18.55,17.55,7.8,True,3,Critical Complexity,0.0894427190995035,5.71,5.288346823083005,0.5753211,1
2aa2fa7514824068,130,6,1,26,1,0,0,19.2,7.1,6.32,True,2,Standard Complexity,0.21377558326434842,8.566575342465756,4.812404980503855,0.5752491,1
7a51e9d3f4c80b2,101,7,0,511,1,13,26,21.43,8.77,6.39,True,0,Standard Complexity,0.10816653826426274,7.889268292682926,6.434668445319445,0.57520694,1
743fa5ee1623af58,218,3,0,456,2,11,19,27.82,10.5,6.31,True,0,Standard Complexity,2.4361444948936666,13.861230769230769,8.290015404586653,0.57517016,1
b9f62a1eeebb77f6,104,7,0,72,5,3,4,26.79,20.62,7.14,True,1,Critical Complexity,1.4358621103713323,6.704905660377357,5.067850805178944,0.57510895,1
d5ab376631272172,126,17,2,266,2,8,2,16.82,10.25,6.34,True,2,Standard Complexity,0.41303752856125875,5.6337777777777776,4.625299168168663,0.5747202,1
7fda4945b54badab,103,32,18,226,1,4,4,14.89,6.57,9.45,True,2,Standard Complexity,0.1421267040354437,5.655308641975308,4.602733778752956,0.5746084,1
eef4ef973159ba37,45,0,0,359,10,10,15,24.81,5.06,12.58,True,0,Standard Complexity,6.49723787466584,19.386153846153846,6.21326934683596,0.5745772,1
790bfcb41e73c7ab,45,0,0,96,3,4,7,28.44,14.37,6.32,True,1,Critical Complexity,0.8200000000002413,20.10923076923077,7.418162701762647,0.5745771,1
1029bfd49fb5a379,103,8,0,130,3,6,1,36.73,26.3,6.81,True,1,Critical Complexity,0.07211102550885554,11.275,7.061814897826394,0.5744823,1
5b06a1821d4f55bc,91,11,0,265,2,10,11,20.43,7.22,6.79,True,0,Standard Complexity,0.06403124237431464,9.628918918918917,7.430925439359337,0.574406,1
fc18b2336e7dec84,94,10,0,516,3,11,11,20.37,11.18,6.52,True,3,Critical Complexity,0.5556977595779942,11.08765625,5.3399548635111085,0.5743984,1
404642f62534935,103,3,0,163,0,7,6,20.47,5.7,6.57,True,0,Standard Complexity,0.34481879299113183,9.71913043478261,5.5187805151401985,0.57438415,1
52593e7889f338a8,110,6,1,536,2,8,23,27.38,14.27,6.43,True,3,Critical Complexity,0.07615773105883852,11.478837209302327,7.059097777946943,0.574337,1
7ccc43dc8b8a2781,118,5,0,290,2,8,9,23.66,16.88,6.35,True,3,Critical Complexity,0.12649110640690775,9.965781250000001,5.857159829187559,0.57424986,1
b4cf1f3cbbfa24f5,137,5,0,500,2,17,12,25.75,12.28,9.41,True,0,Standard Complexity,1.650030302751681,10.382253521126762,6.7979711549146025,0.5741839,1
fd1facca1cd2c458,87,7,0,372,1,10,12,19.77,13.83,11.64,True,3,Critical Complexity,0.5544366510252672,11.623492063492067,5.311935395574988,0.57416135,1
6aebbf7194344d05,115,10,1,231,1,8,0,21.61,20.83,6.47,True,3,Critical Complexity,0.732461603089567,8.940985915492957,4.924915429295931,0.57391435,1
da959583cbc1edec,138,3,0,855,3,11,23,25.63,8.92,6.34,True,0,Standard Complexity,3.4054368295417365,14.538139534883724,6.991540488271141,0.57378954,1
8c6251ce784979c4,98,7,1,415,6,18,15,22.3,18.08,12.69,True,3,Critical Complexity,0.1523154621172292,8.671333333333333,5.914092623180292,0.57377285,1
a32196cb506bdb8a,58,16,0,373,18,13,8,25.22,9.97,9.54,True,0,Standard Complexity,0.07810249675908285,7.6709756097560975,5.834037971095629,0.5737018,1
cbbc13a923275e7e,99,0,0,276,6,13,3,22.15,6.22,6.29,True,0,Standard Complexity,2.7200735284179096,13.521282051282052,6.917308717615981,0.5735621,1
77ab8182e89512c6,181,77,1,131,7,2,3,17.02,16.11,7.35,True,3,Critical Complexity,0.19104973174593856,2.7948514851485142,2.9200870100495586,0.57339305,1
7b8f608f21c277bf,97,10,0,424,5,10,7,21.59,16.24,6.85,True,3,Critical Complexity,0.27000000000043656,7.55,6.430531100349188,0.5733271,1
18d10153d68e4314,91,2,1,213,6,9,4,23.23,4.69,6.33,True,0,Standard Complexity,0.31622776601683794,12.385277777777778,7.468761047824878,0.5732939,1
78b9033b0f87c590,113,3,0,240,7,6,13,23.47,15.83,6.32,True,3,Critical Complexity,0.7404052944156838,16.45394736842105,6.89308789542626,0.5730525,1
d085f0d71a36e7bf,109,11,0,359,2,12,11,18.33,10.96,6.84,True,3,Critical Complexity,0.7106335201785386,8.442125,4.963872151292275,0.57295734,1
b421c21c68f29b67,92,3,0,120,0,6,2,19.84,14.73,6.65,True,3,Critical Complexity,0.24758836806298243,8.679714285714287,6.606970987725999,0.5729551,1
35db5a23fe7ce678,100,8,0,215,2,12,7,24.52,7.09,6.41,True,0,Standard Complexity,0.07810249675864617,10.990983606557378,8.375916432349266,0.57280195,1
7d218b0a4ecc1665,113,0,0,229,4,5,7,21.33,4.82,6.3,True,0,Standard Complexity,0.24698178070465776,9.710882352941175,7.708830065980127,0.57276756,1
c4b615417ef5f91a,106,7,1,304,4,10,8,18.22,12.56,6.78,True,3,Critical Complexity,0.2716615541445785,8.860333333333333,6.706047262649503,0.57272667,1
3abcd35028c3bad7,51,8,0,236,6,1,7,31.15,17.88,9.11,True,1,Critical Complexity,0.14317821063263927,11.902571428571427,9.474908018507815,0.5726913,1
8d5cf95e20edc664,73,15,0,426,3,12,4,20.44,19.78,11.88,True,3,Critical Complexity,0.06000000000040018,9.19176470588235,5.264637002507019,0.57265687,1
bd01809498cd1aa5,128,8,0,107,3,8,0,22.89,5.56,7.2,True,0,Standard Complexity,0.01414213562355731,11.371228070175437,6.788797550086037,0.5724918,1
7053d5e574f0522a,66,17,0,234,10,15,8,21.72,20.55,6.79,True,3,Critical Complexity,0.01999999999998181,5.887179487179487,6.241011977736133,0.57243156,1
7d405a2af5c45b0f,115,3,0,346,4,10,18,23.07,11.98,6.32,True,3,Critical Complexity,1.1461239025513035,12.563714285714287,7.738757406979601,0.5723737,1
43d284e02cf93a8d,172,8,0,546,0,10,10,26.8,15.53,6.69,True,3,Critical Complexity,0.95005263012181,7.830000000000002,8.012751128367915,0.5722672,1
31e7cf1214fb08f1,133,2,0,400,3,11,20,26.66,13.67,12.59,True,3,Critical Complexity,3.455850112490429,14.364736842105264,7.958757089171156,0.57224905,1
c76476de8568fb1d,86,6,0,257,0,6,5,22.45,10.58,6.86,True,0,Standard Complexity,0.08062257748271476,13.172968749999999,6.2185960231408695,0.5722295,1
f45b4c72be86fe93,87,4,1,173,0,11,5,31.0,20.08,7.08,True,1,Critical Complexity,0.5147815070495974,10.86612244897959,5.470243742032996,0.57222766,1
76594401ef86ff09,100,1,0,618,0,14,27,21.47,18.7,7.71,True,3,Critical Complexity,1.7500285711953403,9.38103448275862,6.1434710759374385,0.57219344,1
6201aaf6079bd00d,120,3,0,376,0,9,11,21.4,11.39,6.31,True,3,Critical Complexity,0.050000000001091394,11.67602150537634,5.043611127341063,0.5721704,1
9501d71019d7178e,43,39,0,40,9,8,0,32.51,25.54,7.36,True,1,Critical Complexity,0.060827625302964254,4.5556363636363635,6.4876242362982905,0.57178277,1
19ecb544467e92e9,84,0,0,51,1,1,0,35.03,6.78,6.4,True,0,Standard Complexity,0.6420280367710769,12.538072289156625,9.293647974260326,0.57157165,1
c5d7a3e51ec72721,98,11,0,180,0,9,6,24.95,22.4,9.18,True,1,Critical Complexity,0.02828427124711462,11.071333333333332,6.792731278522817,0.5714497,1
e1e5cb19e42a6298,30,1,0,432,10,8,11,27.16,4.14,6.29,True,0,Standard Complexity,2.460995733438033,16.147826086956524,9.675223379747628,0.5713602,1
d7ed6fad2fc04e59,106,8,0,116,2,3,8,29.21,16.99,6.31,True,1,Critical Complexity,0.737631344236433,9.882352941176471,7.975744501049464,0.5713366,1
d094a9352a1800d8,88,0,0,147,1,4,5,27.14,9.93,6.3,True,0,Standard Complexity,0.3522782990760375,15.170882352941177,5.967268745437632,0.57126325,1
527bea4ad5b364ee,108,6,0,115,0,1,3,33.89,16.68,6.32,True,1,Critical Complexity,0.7045565981523332,8.63983870967742,5.774431264254372,0.5712079,1
abab07b02ff247ea,116,7,0,322,4,9,5,18.04,6.13,6.49,True,2,Standard Complexity,0.1999999999998181,10.415316455696201,4.989149450720828,0.57114303,1
dc0fd59fa7ed06f8,175,5,0,98,1,5,1,30.45,19.11,8.34,True,1,Critical Complexity,0.07810249675914108,10.859809523809524,4.737331573777509,0.570935,1
d41444538701af74,96,4,0,278,7,9,16,33.4,8.46,6.31,True,0,Standard Complexity,0.20615528128134625,14.570634920634921,6.948663654329714,0.5709348,1
9655e750484a9c45,129,8,0,407,2,11,10,20.4,8.73,6.51,True,0,Standard Complexity,0.6618912297351286,9.081458333333332,6.029592989851296,0.57083696,1
dc1dacbccc796065,107,5,3,592,3,15,9,22.11,19.46,6.41,True,3,Critical Complexity,0.21213203435596426,10.918571428571427,6.168094006536329,0.5707683,1
b64994394b25966a,92,0,0,144,1,10,3,28.2,9.93,6.3,True,0,Standard Complexity,0.10630145812710008,13.849999999999996,6.0172286734917195,0.57075566,1
ce878829a223821a,33,0,0,324,3,4,15,36.25,24.68,12.58,True,1,Critical Complexity,11.066724899445342,17.335454545454546,10.836600744812893,0.5706677,1
f7e4e2ad98bff52b,103,2,0,180,7,14,1,29.58,26.89,9.05,True,1,Critical Complexity,0.05385164807108495,8.422499999999998,5.4937764662489785,0.57064515,1
e9ae2d76fb44009e,104,1,0,282,0,10,7,26.53,15.6,6.64,True,3,Critical Complexity,0.10770329614301435,12.67157894736842,5.429143349270234,0.57059544,1
92683a06fdf08836,141,4,0,251,2,10,10,29.24,27.48,12.58,True,1,Critical Complexity,2.090095691589859,12.4315625,7.090226596068263,0.5705422,1
6e321c482d0298c9,95,10,2,217,2,5,2,19.07,6.05,9.36,True,2,Standard Complexity,0.2334523505981387,8.929508196721311,5.5032197509259975,0.57026696,1
f946d81c130e9135,109,11,1,333,2,10,4,26.97,26.64,7.99,True,1,Critical Complexity,0.010000000000218279,9.953424657534246,6.577168524978461,0.5701731,1
7079d86ef305ec1a,75,7,0,115,1,1,11,27.13,10.09,7.41,True,0,Standard Complexity,0.03605551275485935,10.287894736842105,9.400672192621665,0.5697702,1
d3edcad534c23d86,89,0,0,166,1,11,0,35.37,32.92,6.35,True,1,Critical Complexity,0.7057619995436195,10.97025641025641,5.732536686086771,0.56973773,1
330e83e578056348,83,91,0,76,7,12,0,13.79,11.26,10.24,True,2,Standard Complexity,0.05830951894949181,3.8037614678899083,3.4547074091089067,0.56970125,1
8538726b40e6ca9e,95,20,1,86,4,15,0,29.59,23.2,9.41,True,1,Critical Complexity,0.8170679286325947,3.800869565217391,4.531258979523076,0.5695619,1
594c4145c19a418b,74,1,1,92,6,9,0,25.27,8.71,6.3,True,0,Standard Complexity,0.4101219330885009,14.89322033898305,6.466407181179258,0.56952935,1
bd07940cebca180c,76,18,1,196,3,4,4,21.08,13.92,9.41,True,3,Critical Complexity,0.060827625303076394,7.76396551724138,5.441971289528484,0.569499,1
7f356170a79b2b1f,141,9,1,149,6,5,5,17.64,10.44,6.71,True,2,Standard Complexity,0.014142135624039643,7.849682539682537,5.1824894331407725,0.56936544,1
b394cc4f0c68caa4,152,5,1,50,0,2,0,17.41,5.93,6.32,True,2,Standard Complexity,0.27892651362009074,8.873488372093025,4.718055316631528,0.5691367,1
8e5be085a7d344fb,86,11,6,249,15,19,10,26.26,22.28,7.95,True,1,Critical Complexity,0.05385164807129606,5.852666666666667,5.346597838293475,0.5691092,1
10cb39b2e8063860,67,8,1,420,0,13,10,26.9,15.54,7.41,True,3,Critical Complexity,0.1000000000001819,9.916136363636364,8.228395186489363,0.56888294,1
21cb7ffaeada8334,96,7,0,313,0,5,12,22.78,21.2,7.1,True,3,Critical Complexity,0.07615773105879,12.209333333333337,5.377775211202326,0.56884426,1
b7839d0c93784d35,110,6,0,227,1,10,9,32.52,31.6,6.86,True,1,Critical Complexity,0.2282542442105869,11.3290625,8.109357002629356,0.56878734,1
f0038751a535240d,80,28,2,251,0,8,11,27.12,13.67,10.74,True,0,Standard Complexity,0.060000000000002274,6.500943396226414,5.593708144703008,0.56870115,1
6291a655aeeb8cda,98,14,0,182,1,5,10,25.99,8.86,7.76,True,0,Standard Complexity,0.07810249675855882,11.089402985074628,7.526432998002701,0.56868523,1
ed72ee8861f534df,114,1,0,562,9,14,11,28.86,27.83,6.36,True,1,Critical Complexity,3.4881657070743533,10.855483870967745,6.9040412843632,0.5686574,1
4a91ec8700409b4a,98,8,0,154,9,9,4,22.89,21.55,7.9,True,3,Critical Complexity,1.982952344359245,6.010333333333333,5.867479574362024,0.56856745,1
bf106b3099a2dfaa,79,6,1,159,4,6,5,22.4,11.01,8.43,True,0,Standard Complexity,0.1897366596099302,10.126666666666667,6.979659108426518,0.5683023,1
ecb334d49aeee4e6,175,6,0,157,5,6,9,13.75,10.77,9.43,True,2,Standard Complexity,0.5824946351684661,6.723125,4.9661160864779434,0.5681985,1
1a2b6c952dd6de8,80,30,0,293,7,9,6,17.15,14.32,10.73,True,3,Critical Complexity,0.21260291625466005,6.67566037735849,4.902180304080324,0.5681629,1
de1561d5e280fe7f,100,0,0,115,0,4,1,19.85,17.29,7.85,True,3,Critical Complexity,0.1838477631085763,10.853437499999998,5.554038288362239,0.5681582,1
47eb05992deb8977,125,4,0,170,3,6,4,19.55,5.47,6.58,True,2,Standard Complexity,1.3618002790424255,8.730869565217393,6.963251310205148,0.5681364,1
90ac681bbcd6bab5,124,3,0,212,3,1,16,24.29,23.48,6.26,True,1,Critical Complexity,3.5063371201296416,13.849545454545455,7.438795404238222,0.5680794,1
be323f1b1722f2ee,99,5,0,389,3,12,12,24.17,8.99,6.49,True,0,Standard Complexity,0.6741661516270882,11.312105263157894,6.609414533840932,0.5680011,1
bda637c19537ec7b,106,17,1,72,5,6,2,19.43,18.97,7.09,True,3,Critical Complexity,0.4304648650006065,6.143488372093024,4.601765022209656,0.5678679,1
87f10078749f674c,108,7,1,118,3,6,1,24.64,3.04,6.37,True,0,Standard Complexity,0.25942243542142257,7.815714285714286,7.705776788771353,0.56785965,1
2469a04c526ab1ba,74,4,0,78,5,3,4,24.52,18.9,6.31,True,3,Critical Complexity,0.34999999999997444,10.652972972972972,5.379107664802761,0.56784296,1
c988d967a7ee2991,125,4,0,453,3,12,7,23.75,4.47,6.79,True,0,Standard Complexity,1.1868024266910064,10.943484848484848,5.788841013542646,0.56777763,1
98edc53641fb0eb0,52,0,0,34,0,0,0,35.84,25.73,6.29,True,1,Critical Complexity,0.3601388621074018,18.63980769230769,10.124361231585583,0.56747204,1
b1f69b799f0ebd03,55,231,6,233,9,17,8,19.39,16.93,11.0,True,3,Critical Complexity,0.009999999999763531,3.550185873605948,3.246700750717181,0.56732184,1
9681eb5e4576c27f,104,2,1,187,0,11,4,21.44,5.3,6.29,True,0,Standard Complexity,0.12369316876869305,11.484878048780487,5.609394177084401,0.5672172,1
93ff6b4c3a1a5ceb,52,0,0,37,0,0,1,35.13,14.29,6.32,True,1,Critical Complexity,0.07211102550921421,19.168269230769234,8.9063719025188,0.5672161,1
86b76890efec55fe,105,25,3,110,8,11,1,18.47,17.9,6.79,True,3,Critical Complexity,0.12206555615746817,5.67962962962963,4.601857500555442,0.56646055,1
cef8e590251eb235,91,14,2,318,0,7,10,19.78,18.92,7.78,True,3,Critical Complexity,0.13892443989518594,7.573478260869565,5.754819990155438,0.56641185,1
caba202870073c98,89,6,0,571,11,20,9,35.95,14.99,12.56,True,1,Critical Complexity,1.362350909274235,13.851296296296299,7.577689241816521,0.5663567,1
37865a6a4d51250c,127,2,0,503,6,11,11,21.34,16.99,6.3,True,3,Critical Complexity,1.8439360075661975,12.73060606060606,7.498473355490007,0.5663422,1
17176e498a7981e1,72,5,0,243,14,3,0,21.13,13.49,6.29,True,3,Critical Complexity,0.8781799360040254,11.74483870967742,5.771992930811702,0.56632715,1
60dd409c198853b9,120,1,0,663,5,19,15,29.73,16.75,6.32,True,1,Critical Complexity,0.6800735254366385,10.15553846153846,4.9984705447748965,0.5662947,1
6649d34aa42ecaea,168,3,0,792,4,19,31,32.37,31.53,6.78,True,1,Critical Complexity,3.434239362653871,11.082325581395349,8.1779197437892,0.5661991,1
118f1b3f5ca963e,94,14,0,183,1,8,3,28.02,15.07,6.81,True,1,Critical Complexity,0.02236067977497756,8.928,5.790861996859074,0.56618017,1
5d26d5e9d8fe3fa2,114,2,0,242,1,4,4,23.04,15.52,6.59,True,3,Critical Complexity,0.6806614430097178,13.102115384615384,6.129206039854924,0.5661768,1
1071a42be1d7c1fc,67,11,0,312,0,14,19,21.45,8.98,6.6,True,0,Standard Complexity,0.3176476034858059,9.2065625,7.953031894101378,0.5660369,1
cf605dc60dab05a2,112,1,1,256,3,12,6,30.37,9.28,6.51,True,0,Standard Complexity,0.4237924020084607,15.72844827586207,5.5991334926052865,0.5659606,1
2063fa9f21ad54d4,119,2,1,231,7,10,4,19.98,16.83,6.48,True,3,Critical Complexity,0.6300793600813142,9.155249999999999,5.031453064225086,0.5657212,1
aeee52eb16f10157,101,0,0,292,6,8,4,23.78,16.6,6.35,True,3,Critical Complexity,1.5697452022542029,14.022835820895521,5.290608069888056,0.5656861,1
d19c3c2513103d22,87,1,0,462,1,16,14,29.08,17.12,6.33,True,1,Critical Complexity,0.8095060222129149,9.81212121212121,5.717104987653547,0.5656147,1
52505ec65476ccf7,79,2,0,76,0,4,0,28.8,12.13,6.42,True,0,Standard Complexity,0.14317821063303032,10.00450980392157,5.584517222002728,0.5655641,1
20c60a915b3dc6bb,107,3,0,272,2,3,14,22.15,14.46,6.45,True,3,Critical Complexity,0.31999999999993634,10.0896875,7.2949642238563275,0.5655633,1
b6966850b0df24d,214,20,5,136,2,6,1,19.09,16.1,9.31,True,3,Critical Complexity,0.2716615541440763,8.455694444444443,4.226061282351613,0.56550854,1
8a56b3e359acb119,106,7,0,183,2,11,4,20.31,8.05,12.66,True,0,Standard Complexity,0.04472135955015849,13.634459459459459,5.733254615975093,0.5654747,1
9e5015371b3edd30,94,16,3,276,0,9,8,24.61,19.02,6.94,True,3,Critical Complexity,0.010000000000218279,8.996164383561643,6.19441012485417,0.5654725,1
11568eeeede2ffd5,98,3,3,79,0,5,0,29.61,16.68,6.32,True,1,Critical Complexity,0.6041522986797644,11.396031746031746,5.45869585555347,0.5653804,1
f0124a983afa4dde,125,8,0,124,3,8,1,23.69,8.34,6.77,True,0,Standard Complexity,0.07810249675914108,6.457777777777778,5.724139872849947,0.56532997,1
d50964fa63a4d5eb,111,2,0,245,3,10,8,25.72,7.63,6.33,True,0,Standard Complexity,0.0316227766005046,11.182089552238805,5.993159418276466,0.5652791,1
252b445e63f36771,77,60,2,107,0,9,0,26.5,25.91,8.36,True,1,Critical Complexity,0.0905538513815178,4.997888888888889,4.591793765801587,0.5652686,1
544284358fd40bae,78,1,0,76,1,5,0,34.3,12.69,6.36,True,1,Critical Complexity,0.11180339887555892,11.406774193548392,6.915319779929838,0.56523186,1
d527eaa448b37ba1,88,8,2,142,0,11,1,21.0,12.46,6.36,True,3,Critical Complexity,0.060827625302926874,8.170588235294119,6.134376588094953,0.56520104,1
c27a873f21a4e06,147,0,0,405,3,10,14,21.84,16.06,6.3,True,3,Critical Complexity,6.652578447489228,9.733478260869566,6.479961492569194,0.565199,1
3f6426cbcc4b46a4,75,10,0,329,1,8,2,20.84,2.32,12.56,True,0,Standard Complexity,0.3478505426194996,11.786190476190477,7.447179700230709,0.56509256,1
25ca63d871eed077,110,2,3,128,0,1,0,21.53,9.25,6.7,True,0,Standard Complexity,0.34928498393155855,10.642682926829268,5.606783793693198,0.56492984,1
98e791a007ca74b3,115,3,0,485,6,11,14,28.12,24.8,6.3,True,1,Critical Complexity,0.08544003745333711,12.809811320754717,7.375120207671715,0.564666,1
b93c8c8b06fe8bb9,76,2,0,211,4,5,10,27.8,20.5,6.3,True,1,Critical Complexity,2.4600203251184105,15.588636363636367,9.272583387921102,0.56464016,1
4de0ad07c3e26f1f,107,0,0,288,2,15,5,28.03,19.13,6.32,True,1,Critical Complexity,1.2033702672078943,10.173023255813952,6.010185747577974,0.5644336,1
9e1a4aeb69227ca2,107,80,5,88,8,12,0,17.89,17.39,6.79,True,3,Critical Complexity,0.0538516480707894,3.29875,3.1540296836257435,0.5644329,1
9cf69a2551d7e49d,101,4,2,311,0,14,19,23.46,12.92,6.56,True,3,Critical Complexity,1.6268988905275494,10.360666666666665,7.061252454219592,0.56437284,1
ab1a74564cfdd673,105,5,0,428,6,11,15,27.58,17.82,6.61,True,1,Critical Complexity,2.151278689523893,12.581818181818182,6.962082261901793,0.56418824,1
d33bc48665c9a89f,76,15,4,116,2,6,0,32.89,12.71,6.37,True,1,Critical Complexity,1.2541929676092272,8.127719298245614,6.992463114842622,0.5640156,1
c88a10d0a004e86e,174,8,0,85,0,7,0,17.1,3.79,6.32,True,2,Standard Complexity,0.27073972741314467,6.779047619047619,4.643385366777034,0.56380993,1
77c41887cbde621e,114,3,0,131,2,5,5,23.5,5.8,6.38,True,0,Standard Complexity,0.25455844122720694,11.792,6.454021519779569,0.56375575,1
656bce342cee821f,177,4,0,426,2,11,14,20.6,16.69,7.91,True,3,Critical Complexity,3.0971277015972256,11.658985507246378,6.011475534445702,0.56374425,1
62e1f2ff3af4c3a2,63,66,0,178,2,17,0,14.04,11.04,9.51,True,2,Standard Complexity,0.04000000000041837,5.000246913580247,3.973688144519884,0.5636856,1
34e3e751eda066dd,98,4,0,300,4,15,8,22.6,8.61,6.31,True,0,Standard Complexity,0.14560219778591518,14.048035714285716,6.345307157836878,0.56355625,1
4684e0cd4f8f1293,156,46,1,213,3,5,0,17.55,14.99,9.14,True,3,Critical Complexity,0.10630145812710008,2.9189552238805967,3.112466092522066,0.56353146,1
4e3f4a7810026330,73,14,0,73,6,7,2,17.88,16.6,9.1,True,3,Critical Complexity,0.1627882059608909,5.2372000000000005,5.011041025575424,0.56331754,1
e5ed26b1c3987255,284,16,0,459,11,18,12,14.96,7.55,11.95,True,2,Standard Complexity,0.06324555320345387,3.7488,3.777530749047584,0.56328076,1
104bd2dfa339b72,78,6,0,375,7,13,8,24.27,18.92,6.33,True,3,Critical Complexity,0.14764823060229212,10.326666666666666,6.701026162759471,0.56321096,1
5508098d1dc8267e,86,3,0,298,1,9,5,22.82,15.0,6.9,True,3,Critical Complexity,0.508035431834925,10.8125,7.166646269350818,0.56284803,1
5316e8d048562b29,73,12,0,439,5,16,5,22.74,9.05,6.5,True,0,Standard Complexity,0.6132699242584287,10.217962962962964,6.598470187357298,0.56277156,1
d7df4547f4dab66b,73,10,0,232,0,5,3,32.99,10.82,6.41,True,0,Standard Complexity,0.08062257748277116,10.948749999999999,7.594528355171242,0.5627425,1
dd5ee53133217f9d,108,14,6,183,4,10,6,22.82,5.57,6.76,True,0,Standard Complexity,0.7632168761237321,11.09411111111111,6.130803807086608,0.5626568,1
b55095a1f2e198d5,129,2,0,306,2,6,7,28.06,11.41,6.39,True,0,Standard Complexity,0.041231056256194255,15.810190476190478,5.312620012036458,0.5626067,1
cb9703fb271f1324,102,8,0,195,2,8,2,29.97,10.37,6.75,True,0,Standard Complexity,0.03162277660143933,10.935599999999999,7.0335573247113015,0.56260455,1
d46ba4c822c385ef,98,10,0,339,2,9,3,17.8,7.03,7.29,True,2,Standard Complexity,0.050000000000363795,7.892499999999999,5.217195634482335,0.5625249,1
6833a7dc9e302ec6,113,7,0,273,2,5,7,21.04,12.42,8.26,True,3,Critical Complexity,0.0447213595507686,12.804691358024689,5.736504309670097,0.56247777,1
a9588a4352258238,61,3,0,304,15,10,12,30.57,11.61,12.67,True,0,Standard Complexity,3.6315974446515455,14.211666666666668,10.854348462968911,0.5624513,1
255e6b72664526ee,59,20,0,98,5,7,6,23.23,17.42,7.32,True,3,Critical Complexity,0.18027756377348955,6.631176470588236,7.127498845484827,0.56242436,1
99e2c2128347346a,95,7,0,305,0,10,7,20.62,18.64,6.38,True,3,Critical Complexity,0.10198039027229805,8.2575,5.814926088667565,0.56219834,1
56c0d221f814cbe1,85,13,1,261,1,6,1,22.47,7.6,9.45,True,0,Standard Complexity,0.058309518949725775,9.524313725490195,6.473921821022677,0.56215656,1
22c23e96e34c4bb7,139,8,0,256,10,27,5,22.47,11.35,6.35,True,0,Standard Complexity,0.3401470270339021,8.639,6.118865826278593,0.5620575,1
310eb14c2168f01d,98,14,1,117,2,3,1,32.1,22.51,9.17,True,1,Critical Complexity,0.014142135622753424,9.93907894736842,7.823031142525589,0.56205523,1
2014cfe94a254943,188,3,0,450,4,9,18,28.73,15.85,6.4,True,1,Critical Complexity,2.608466982731267,10.246363636363636,8.52613871118187,0.5619941,1
8230cb0734fc34ad,84,19,1,520,0,8,19,23.41,18.77,9.4,True,3,Critical Complexity,0.076157731057913,7.33469387755102,7.468297104493294,0.56167847,1
d96d24628752856f,50,1,0,141,5,4,8,33.74,12.17,6.35,True,1,Critical Complexity,2.0651634317891867,19.355600000000003,5.987046737749757,0.56166184,1
7bd7ee0624b43da3,103,2,0,595,10,17,3,29.89,11.56,6.53,True,0,Standard Complexity,1.5834456100544918,10.432285714285713,7.48622853195473,0.5615394,1
257919a3a18b99fe,100,0,0,531,3,13,5,28.73,19.5,6.41,True,1,Critical Complexity,0.47381430961933907,13.648958333333335,5.429115274603271,0.56115514,1
47d5a784a08bdefe,85,6,0,201,2,11,4,20.7,11.08,6.34,True,3,Critical Complexity,0.3748332962798068,9.817777777777778,5.3607631666018465,0.561135,1
c4d7220463ccf77a,103,5,0,450,5,14,6,29.05,27.04,8.89,True,1,Critical Complexity,0.170000000000046,12.067790697674418,5.152885035468061,0.5610915,1
acd055ff7be95d16,116,3,0,420,6,11,7,28.65,24.43,12.59,True,1,Critical Complexity,0.049999999999636204,8.780882352941175,6.544194718647279,0.560996,1
519b46f6747f4491,83,10,1,346,0,9,11,25.84,8.11,6.32,True,0,Standard Complexity,0.523927475896804,9.914603174603176,6.4589125885598255,0.5609478,1
b98295a0db7cadfa,75,7,0,111,1,5,1,22.09,13.67,9.38,True,3,Critical Complexity,0.10049875621120234,10.776756756756756,7.118509582107932,0.56086296,1
4b95177fa50c9af5,119,9,0,121,1,6,1,18.96,4.95,6.31,True,2,Standard Complexity,0.03000000000002956,10.346382978723405,5.703469800763472,0.5608526,1
45e8229b5e0825e7,74,14,0,269,2,7,6,24.2,11.05,8.03,True,0,Standard Complexity,0.12999999999912967,9.45135135135135,7.637615009851858,0.56081456,1
647c7dd0ba480d96,45,1,0,309,8,4,16,36.89,18.55,6.29,True,1,Critical Complexity,2.9922065436730967,16.895454545454545,9.557953245749525,0.5607759,1
77867a324fd4efb1,102,4,1,115,1,5,1,31.99,16.27,6.3,True,1,Critical Complexity,0.24083189157582985,10.81877192982456,6.137347009612952,0.5606889,1
35ac698f35823f9b,99,7,1,597,1,11,16,24.48,8.69,6.34,True,0,Standard Complexity,0.18867962264071947,9.512280701754385,5.293336432522798,0.56061864,1
fa12e8afa1b10cb9,385,54,0,39,4,6,0,13.44,11.68,9.2,True,2,Standard Complexity,0.04999999999924398,3.0808860759493673,2.987038747772147,0.5605747,1
10e4b1a3748d2e76,70,7,0,222,4,4,2,25.9,20.68,6.84,True,1,Critical Complexity,0.6946221994724231,11.466333333333331,6.657943367804271,0.56043696,1
3c292ce55ddc417,94,18,0,229,0,14,8,18.59,11.71,6.75,True,3,Critical Complexity,0.014142135623396534,6.555666666666667,5.019770700827768,0.56043446,1
49495f0ea1ce973f,86,0,0,147,2,4,3,19.48,18.81,6.3,True,3,Critical Complexity,0.47539457295943094,12.175714285714283,5.793071042965341,0.5603055,1
5eab9f7e355c8c44,66,307,0,195,8,13,8,19.15,15.09,11.26,True,3,Critical Complexity,0.08485281374230853,2.994878787878788,2.7453905419323976,0.5601372,1
fe4e8cdf7c696e44,68,11,1,60,1,7,0,17.25,16.85,6.28,True,3,Critical Complexity,0.049999999999272404,8.024545454545455,5.0857764169382635,0.5599742,1
b2b11bff482bbb09,77,4,0,204,0,11,3,26.39,10.3,6.33,True,0,Standard Complexity,0.13928388277200834,13.216969696969695,6.637752442199861,0.55989695,1
29e5ea8dc66b38ed,81,0,0,24,0,0,0,34.05,8.78,6.31,True,0,Standard Complexity,0.2545584412275687,20.485185185185184,8.463011183913192,0.5598592,1
88fe657167cde0d0,73,12,1,191,11,7,4,18.19,17.34,6.45,True,3,Critical Complexity,0.32984845004955404,5.618750000000001,5.0176831576767915,0.5597779,1
2db97ef00279393c,65,5,0,167,7,3,0,32.02,14.51,6.32,True,1,Critical Complexity,1.4534441853755515,15.08488888888889,8.522300321241447,0.5597125,1
d4d48c6ecd465380,134,35,0,249,2,9,7,18.12,11.79,7.05,True,3,Critical Complexity,0.1131370849897447,3.15734693877551,3.3688590544297154,0.5596862,1
c322f91945408a77,79,7,0,244,3,6,4,30.71,14.65,6.3,True,1,Critical Complexity,0.07615773105904751,10.52909090909091,6.925811346688368,0.55966294,1
687cf5b0e9f178b2,106,9,4,198,1,3,5,23.33,18.79,10.45,True,3,Critical Complexity,0.07615773105910723,8.514320987654322,6.425610397727727,0.5595074,1
159fde472b448d4c,73,3,0,335,0,11,7,32.93,16.45,10.42,True,1,Critical Complexity,0.18027756377338233,15.782857142857143,6.946931132103947,0.55942214,1
2e58b0530ee70fb,70,235,1,81,6,12,3,13.49,10.93,10.82,True,2,Standard Complexity,0.02236067977497756,3.0688257575757576,2.769661898182816,0.55931,1
4a7d60c4a3acf81f,33,1,1,409,9,15,12,32.69,24.94,6.31,True,1,Critical Complexity,3.328663395419265,17.070000000000004,8.190889675988227,0.55925727,1
7d4d0ccafd61ee4a,143,25,0,114,5,13,1,15.84,15.48,7.98,True,3,Critical Complexity,0.06324555320359768,4.959782608695653,4.072891553296618,0.5592367,1
7591361304fc0e48,337,28,0,323,6,16,10,17.53,17.15,6.64,True,3,Critical Complexity,0.310161248385818,3.514107142857143,3.4537230309094986,0.55918944,1
34b9d05d9d5cdfa2,71,6,1,116,4,4,2,24.69,21.18,6.57,True,1,Critical Complexity,0.19235384061679264,10.08892857142857,7.346042345219302,0.5591748,1
9511b2d82824642d,76,8,0,80,3,4,3,18.54,14.85,6.67,True,3,Critical Complexity,0.10049875621059713,7.316000000000001,6.750556569646684,0.55913484,1
6ddcaa0f18a3c75c,103,5,0,324,11,8,2,23.13,11.89,6.62,True,0,Standard Complexity,1.1047624178981175,9.158947368421053,6.2198518299637655,0.5590871,1
da83db6b888c7965,40,3,0,322,7,10,12,28.17,7.02,14.61,True,0,Standard Complexity,3.5805167224862475,20.031111111111112,6.2362042309305865,0.5589375,1
c90734a97e78ba83,69,10,0,377,2,11,2,27.42,12.27,6.84,True,0,Standard Complexity,0.1500000000003638,11.35906976744186,7.401389188886439,0.5586253,1
9b64fe404ff35413,80,7,2,214,0,8,9,25.65,20.82,7.64,True,1,Critical Complexity,0.15264337522459864,10.89730769230769,6.944293206374186,0.5585938,1
8a21369f563e0d00,114,4,0,353,1,10,17,24.24,6.79,6.34,True,0,Standard Complexity,0.09848857801807925,9.245384615384618,6.890444087565466,0.5585357,1
cb4ddc239d414dd7,66,6,0,321,0,10,6,21.73,12.8,6.63,True,3,Critical Complexity,0.20518284528616879,11.594390243902438,6.908715262580809,0.55850947,1
97d409aefccd4fc8,159,11,2,350,5,10,8,19.24,4.88,9.45,True,2,Standard Complexity,0.0640312423744478,8.350263157894739,4.857216454424683,0.55841523,1
4967bae55ed5e4c0,107,1,0,131,2,8,2,23.23,10.58,6.27,True,0,Standard Complexity,0.05099019513610443,12.80421052631579,6.905802911350389,0.55837125,1
d4fc645ef05c0c08,200,16,3,197,2,14,5,25.42,20.64,7.4,True,1,Critical Complexity,0.22360679775022302,7.177196261682243,4.349142743845179,0.5583361,1
254827fb468c5843,105,0,1,416,5,11,14,29.03,10.98,6.3,True,0,Standard Complexity,0.1403566884762123,11.240697674418605,6.757977334438559,0.55831784,1
c1060fd7ae0059e5,84,6,4,232,13,17,5,22.02,7.76,6.31,True,0,Standard Complexity,0.14000000000010004,8.145853658536586,6.092383479918927,0.5582549,1
7f2d7b4c38d14905,120,4,0,330,5,9,15,34.89,16.11,6.63,True,1,Critical Complexity,1.4591093173570768,14.735652173913044,7.962658681013607,0.55821455,1
99c3a13b9000e62c,100,5,0,136,3,4,2,26.33,19.32,6.49,True,1,Critical Complexity,0.058309518948414595,10.874838709677421,6.433851939579977,0.5581389,1
f065b7ed7da00d90,67,27,0,105,6,10,3,24.01,23.93,9.52,True,1,Critical Complexity,0.21260291625449962,5.072820512820513,4.834730628466868,0.5580833,1
45a108368ce3df5b,121,0,0,211,2,16,4,18.69,17.05,6.31,True,3,Critical Complexity,0.610081961706803,12.193600000000002,4.640141704732733,0.5580546,1
da7a82d11406806d,100,3,1,334,0,10,5,29.0,17.45,6.38,True,1,Critical Complexity,2.0021238722914334,14.33951219512195,7.6257154646244345,0.55805296,1
a5d4f1d91de228d6,90,9,1,263,0,9,6,30.44,12.78,6.31,True,0,Standard Complexity,0.10770329614301435,15.131710526315786,7.158290994981733,0.5578066,1
17fcf71303ce4af7,132,3,1,873,6,18,29,24.03,3.97,18.84,True,0,Standard Complexity,0.28792360097643144,12.478974358974359,8.089506274710052,0.5576017,1
9de1d9a837e2cd21,199,10,0,695,8,24,19,26.04,25.19,12.65,True,1,Critical Complexity,1.2035364556179082,9.955797101449276,6.186832067487847,0.5575837,1
d271d126812b6566,76,9,0,549,3,16,21,19.39,11.11,18.85,True,3,Critical Complexity,0.22472205054245042,11.323214285714284,5.542520734912841,0.5573239,1
8d39816339a5fa74,79,44,3,34,7,4,0,16.53,9.95,9.8,True,2,Standard Complexity,0.05385164807066273,5.216538461538461,4.673484349654916,0.5572835,1
991eb65de2c761a7,100,0,1,300,2,9,16,23.9,9.53,6.28,True,0,Standard Complexity,0.6648308055433049,13.152941176470588,6.682219836081141,0.55728245,1
3961c0d1ee6d647,134,13,0,708,4,8,25,21.55,8.46,6.48,True,0,Standard Complexity,0.1746424919657923,10.416136363636364,7.813436043098246,0.557254,1
9391c34c923f332c,72,2,1,401,5,4,28,28.7,9.71,12.59,True,0,Standard Complexity,0.36249137920762037,13.989545454545448,9.125949752453028,0.5571247,1
8502249380a11902,72,0,0,97,3,8,2,32.02,15.99,6.65,True,1,Critical Complexity,0.06000000000005912,12.125,6.846127063473974,0.55692565,1
e849c07de2d2ee68,89,5,0,247,1,8,3,20.62,20.42,6.29,True,3,Critical Complexity,1.1401754250988587,9.398260869565217,5.943391764899695,0.55677706,1
5da9ef55ffc6dd19,79,5,0,101,1,4,1,31.35,14.31,6.34,True,1,Critical Complexity,0.5517245689653293,10.77,8.422790935483151,0.5565336,1
2d8beb396da3deda,126,0,0,97,2,5,7,26.98,4.9,12.58,True,0,Standard Complexity,1.1512167476192008,11.370740740740738,8.215282473413183,0.55639917,1
6e83fb5c98d644a0,75,18,3,86,0,4,2,21.17,5.74,9.41,True,0,Standard Complexity,0.09486832980511789,7.565384615384615,6.056170236130594,0.55624926,1
3126f703734d4472,66,7,7,102,6,8,4,21.24,7.23,6.4,True,0,Standard Complexity,0.26925824035679274,7.754339622641511,5.292928179641695,0.5560053,1
f977dfeb361f2714,100,2,0,327,2,9,7,27.59,21.41,6.32,True,1,Critical Complexity,0.1746424919658444,9.994677419354836,6.040519556200853,0.55598503,1
31f53af7717e34de,117,5,0,469,3,10,17,21.07,15.94,17.45,True,3,Critical Complexity,1.693192251340732,11.013333333333334,5.521945778906669,0.5559728,1
ed7b9eec7b922204,102,4,0,179,0,5,6,17.86,14.37,6.39,True,3,Critical Complexity,0.11401754251016906,10.498108108108108,5.269056963595093,0.555962,1
8edabc8f09f123be,66,10,0,89,0,6,0,17.82,16.83,8.73,True,3,Critical Complexity,0.19646882704394067,9.512368421052631,5.137600010147338,0.5559266,1
42be5de0da37842,103,11,0,506,1,13,26,20.89,9.25,7.35,True,0,Standard Complexity,0.11401754250953092,6.4671875000000005,6.312530809021351,0.5559022,1
2079435305bacf15,111,6,0,290,1,10,11,25.71,6.97,6.37,True,0,Standard Complexity,0.022360679775079245,12.329102564102564,7.04969197106629,0.5554888,1
f21e7e48d1d9c284,69,9,0,454,0,10,17,21.32,11.3,10.26,True,3,Critical Complexity,0.060827625302515696,11.817708333333334,6.641701978027211,0.5554019,1
3b53e6b926533823,78,7,1,403,6,5,9,23.0,14.35,6.53,True,3,Critical Complexity,0.2624880949673493,11.2024,8.783774259394422,0.555243,1
fe979a7da12eca53,103,2,0,112,6,9,4,31.37,21.23,6.29,True,1,Critical Complexity,0.15524174696267873,10.171666666666667,5.101273450028513,0.5551619,1
34bcc0ff4cc0675,60,0,0,273,6,2,5,24.3,8.92,6.31,True,0,Standard Complexity,11.551264000098787,13.450000000000001,10.108528006665384,0.5551459,1
9beab530caec805d,75,2,1,297,0,14,19,18.01,2.35,6.29,True,2,Standard Complexity,0.3944616584663536,9.931739130434782,5.7606654598789815,0.5551285,1
c0ba269151c65dae,86,8,0,161,4,6,5,25.32,15.99,8.07,True,3,Critical Complexity,1.2839003076561608,7.947567567567567,6.635546538685133,0.55512214,1
dcc6ac41b360b47,105,4,1,657,0,11,26,29.32,16.74,6.33,True,1,Critical Complexity,1.9757024067402211,10.3765,7.012932535680063,0.555078,1
c687c3fd56ea4850,26,1,0,358,6,20,12,32.88,17.62,6.3,True,1,Critical Complexity,5.836308764964357,20.1664,5.736494316217876,0.55506337,1
e51ff7887aa150d4,108,0,0,335,2,24,2,33.0,10.67,6.33,True,0,Standard Complexity,0.9167878707741915,13.334666666666667,6.866090461261214,0.5550494,1
6180fe6a916d7cb8,99,5,0,144,3,10,1,21.59,15.05,6.32,True,3,Critical Complexity,0.07211102550921421,11.681509433962264,6.10163398969904,0.5548918,1
93b814c5af231327,96,9,5,403,3,10,5,21.81,13.15,7.24,True,3,Critical Complexity,0.06708203932523774,9.008571428571427,5.715501049330492,0.55472237,1
33807ecdf7851b90,115,8,0,421,8,9,6,18.29,6.97,9.47,True,2,Standard Complexity,0.04472135954995512,7.241886792452831,6.122063425917575,0.554674,1
46440411b990428e,136,5,0,480,2,11,20,20.26,10.97,6.34,True,3,Critical Complexity,0.24351591323771168,6.483571428571428,5.875399002227351,0.55462396,1
2db24604178427ca,175,2,0,259,11,10,2,21.04,16.53,6.41,True,3,Critical Complexity,0.08544003745301777,10.691666666666666,4.381273280172734,0.55460316,1
9765c40d05836a06,75,10,0,480,0,12,20,20.5,11.65,7.18,True,3,Critical Complexity,0.07071067811891199,10.01033898305085,5.26014788929873,0.554591,1
b8f6084d265b82fe,89,6,0,297,5,10,2,21.5,17.97,7.16,True,3,Critical Complexity,0.0499999999998181,8.649655172413793,5.861596512401497,0.55436146,1
e561aa7dc8192025,69,7,0,394,2,12,13,25.39,10.7,7.49,True,0,Standard Complexity,0.15811388300784376,12.77235294117647,6.745475633525878,0.5543408,1
4159185163bac379,106,4,0,120,4,5,2,25.9,24.25,6.38,True,1,Critical Complexity,0.31112698372195874,11.871923076923078,5.924815491596971,0.55431455,1
dee1676f7819553f,69,19,0,140,4,9,5,20.46,13.19,9.06,True,3,Critical Complexity,0.6312685640833845,6.555526315789475,5.52150851687644,0.5542376,1
70697e8f2982dd06,121,31,0,247,15,24,6,17.31,13.12,9.4,True,3,Critical Complexity,0.02236067977497756,6.072772277227724,4.259236467346701,0.5542051,1
84008d808fc9b25c,134,12,1,165,2,6,6,19.83,4.17,6.46,True,2,Standard Complexity,1.7734147850968027,6.368250000000001,6.0591830668416025,0.5541177,1
ff1034e53f551650,80,2,0,52,0,0,1,20.3,12.5,7.48,True,3,Critical Complexity,0.585234995535954,8.65294117647059,6.111147735376607,0.5540355,1
cb6c61b67e44fb77,67,4,0,291,1,13,2,25.37,6.89,12.65,True,0,Standard Complexity,0.5261178575190566,11.993488372093024,6.8429634148062215,0.55371404,1
64d254bdcb2a9ac1,90,10,0,189,6,6,6,23.56,11.13,6.52,True,0,Standard Complexity,0.08246211251238851,9.337261904761906,5.15368276810506,0.55359215,1
a61bce5f86cd73b4,65,0,0,297,5,3,11,28.82,19.73,6.29,True,1,Critical Complexity,0.6500769185263466,19.161714285714286,4.814096850894871,0.5535187,1
4ce453144e766d66,105,13,4,279,5,11,6,27.3,26.88,6.43,True,1,Critical Complexity,0.6260990337000835,9.295,6.202150164795002,0.553389,1
f02d68d2ae60ed91,96,11,0,280,2,10,15,20.04,8.16,7.11,True,0,Standard Complexity,0.6935416353762982,7.28695652173913,6.345460845827962,0.5533643,1
ba0def1501f94844,106,3,0,231,3,11,7,20.66,11.84,6.54,True,3,Critical Complexity,0.060827625302814735,9.959999999999999,5.4673548347339676,0.55326664,1
82fb42a0894b1956,101,5,1,136,0,5,1,19.68,14.76,6.35,True,3,Critical Complexity,1.3930183056946088,9.752093023255815,5.668661118383036,0.55326456,1
74f38b48b0b126a7,70,15,0,180,0,9,3,20.64,5.39,6.3,True,0,Standard Complexity,0.050990195135703104,8.071746031746033,6.121167421510932,0.55315137,1
861d8805fa29c67d,80,12,1,76,0,6,0,24.73,15.81,6.56,True,3,Critical Complexity,1.063014581273388,7.998196721311476,5.545405869400606,0.55307466,1
d3be3ded28508da9,106,14,5,468,5,8,15,21.79,8.12,7.21,True,0,Standard Complexity,0.042426406871636596,8.86037037037037,6.511817736484656,0.5527981,1
7fd776e53c954437,80,15,3,218,0,6,6,27.56,24.29,7.32,True,1,Critical Complexity,0.022360679773757344,9.93342857142857,7.335175503931,0.5525284,1
b54a82b81565edef,94,12,3,113,0,4,0,15.95,15.54,7.1,True,3,Critical Complexity,0.18027756377328774,6.482926829268293,5.315175349378988,0.5523146,1
c06d45fa9d6d0d97,104,4,0,627,4,14,8,20.85,6.94,6.33,True,0,Standard Complexity,0.7414849964764139,10.881224489795919,6.093207537287851,0.55181146,1
83dab25c39efa083,95,3,1,126,1,4,0,23.5,9.95,9.45,True,0,Standard Complexity,0.30463092423433896,13.715609756097559,7.510437306218361,0.55162996,1
5c25d48588ed05de,87,0,0,564,5,23,1,21.89,7.42,6.31,True,0,Standard Complexity,0.3228002478314222,9.092978723404256,6.483083688024572,0.5515666,1
c8b28d507f9e1a8,102,1,1,305,3,10,11,30.95,17.88,6.48,True,1,Critical Complexity,0.1414213562372452,11.958333333333334,5.80404289171685,0.55152774,1
84532460c6898905,80,7,0,299,4,9,5,23.9,17.82,7.42,True,3,Critical Complexity,0.4114608122290533,9.327142857142857,6.7257480680464035,0.5514608,1
e98c9b5b58a993f3,101,2,3,375,0,10,12,30.07,17.83,6.36,True,1,Critical Complexity,0.4104875150362602,10.88828947368421,5.9973650767293964,0.55144495,1
6e60348c5a598ee0,117,8,0,65,1,4,0,33.23,22.23,6.35,True,1,Critical Complexity,0.03162277660007319,5.714999999999999,5.959107315697544,0.55140924,1
90b40c7dc5778483,94,18,3,130,1,8,7,19.71,11.46,10.97,True,3,Critical Complexity,0.0806225774832224,6.184324324324323,5.361594428314459,0.5512895,1
90f46604b86ab17c,110,2,0,176,2,5,6,19.53,7.92,6.32,True,2,Standard Complexity,0.23345235059852829,12.750227272727274,6.077374765411148,0.5512556,1
b945c0bfdac89530,85,4,0,536,8,15,1,34.45,25.88,12.6,True,1,Critical Complexity,1.4200352108311234,11.947209302325582,7.588638792539437,0.5510465,1
75e1f11d813aadec,71,3,0,72,5,3,2,25.55,6.41,6.56,True,0,Standard Complexity,0.8421995013059859,8.481052631578947,7.278031034151478,0.5510301,1
5e825f324afd6ef3,113,0,1,166,2,4,7,23.14,10.05,6.31,True,0,Standard Complexity,0.6220128616032945,12.800625,7.098099189879992,0.5510128,1
d10bb71f36d32261,128,2,0,438,1,11,18,20.86,12.04,12.57,True,3,Critical Complexity,0.41773197148484437,10.006,4.667627846592498,0.55100566,1
a4c9c65079937cd,89,5,0,559,7,14,18,23.25,15.1,12.55,True,3,Critical Complexity,1.8337120820889892,13.156756756756756,7.356093651232126,0.55078673,1
7f5d85692bd61412,89,7,0,498,5,6,10,21.31,6.0,7.7,True,0,Standard Complexity,0.2507987240791255,10.77948275862069,5.878525625151667,0.5506168,1
f0d17b4aa2ebbb97,77,16,2,215,1,7,2,18.96,18.29,6.33,True,3,Critical Complexity,0.14142135623740998,7.598780487804877,5.325046293224607,0.55052984,1
cb6bbc978e698976,74,11,0,18,0,0,1,23.37,11.12,7.33,True,0,Standard Complexity,0.01414213562355731,11.279841269841272,6.433245617971846,0.55033255,1
e1733224070b5074,104,3,0,547,2,17,12,24.27,6.26,6.34,True,0,Standard Complexity,0.8876936408455253,12.105490196078431,5.7605859293915485,0.5501103,1
dd800317a7d51bdd,97,8,0,397,2,10,6,23.32,8.6,6.7,True,0,Standard Complexity,0.03162277660143933,13.33972972972973,6.310025050914631,0.5500981,1
35fb0b747b98e2c6,93,0,0,104,1,4,0,19.05,5.72,6.3,True,2,Standard Complexity,0.20396078054357047,8.6036,5.1340139306394565,0.5498801,1
813e89065268f1e1,64,0,1,300,5,0,10,30.75,20.17,6.3,True,1,Critical Complexity,0.8229823813420586,18.156999999999996,6.30939466193073,0.54983526,1
b61df30fb4cf17d6,70,10,1,476,2,7,23,25.42,16.43,7.86,True,3,Critical Complexity,0.41048751503535175,9.647843137254903,7.121077334699198,0.54957706,1
719a470b3f2c7c86,64,0,0,71,1,0,1,22.81,14.37,6.29,True,3,Critical Complexity,2.299956521327709,13.724999999999998,7.044264891182249,0.5494313,1
eb1ddb2e8c008333,114,3,0,519,5,13,9,24.21,14.47,9.13,True,3,Critical Complexity,1.4649232061782524,14.169166666666664,6.970992227716861,0.54922765,1
a6fb86fa4fbd1158,110,9,0,208,1,8,23,26.15,17.0,9.69,True,3,Critical Complexity,0.1565247584243345,7.911363636363637,8.091504689518251,0.54895306,1
8866d7869cff3a8f,74,3,0,313,8,18,4,34.93,13.08,6.33,True,1,Critical Complexity,0.08944271909991024,10.20344827586207,7.577599827377818,0.54876167,1
711be76587859d0,63,1,0,364,6,5,8,24.86,18.83,6.71,True,3,Critical Complexity,0.6500769185258946,17.871935483870963,6.577245927881797,0.5485475,1
e2f8de1cc1572ed6,114,4,0,415,5,11,9,22.02,7.77,6.31,True,0,Standard Complexity,0.7998124780222752,11.526511627906977,7.142704485427341,0.5484841,1
aa27d5c05380b0e5,107,3,0,177,0,8,9,23.14,5.98,6.28,True,0,Standard Complexity,0.11401754250999456,11.008510638297873,6.213625035329542,0.5483891,1
538a8f7245a6f130,90,2,0,207,3,8,7,24.77,4.14,6.66,True,0,Standard Complexity,0.3701351104664177,12.549375000000001,7.030896963359298,0.54838896,1
5ea0e696527ae8df,104,5,0,666,5,21,19,19.31,5.26,12.56,True,2,Standard Complexity,1.0000499987500646,11.000454545454545,7.213427175176182,0.54836124,1
bcf8ed49945e87ac,65,9,0,326,3,9,5,22.71,6.06,6.32,True,0,Standard Complexity,0.05999999999994543,11.649827586206898,6.781046224684505,0.5482383,1
59941b8304d3751b,104,1,0,143,0,8,8,19.71,8.52,7.13,True,0,Standard Complexity,0.7213875518748443,10.61075,5.055166361011278,0.5482188,1
b103d9be02132e4c,69,10,0,78,0,5,2,19.09,7.31,6.96,True,2,Standard Complexity,0.2641968962724717,7.62560975609756,5.25363523332015,0.5481153,1
e27965dcd2b8ae60,123,9,1,406,5,11,8,25.99,11.23,6.3,True,0,Standard Complexity,0.7999999999999545,10.29048780487805,8.14247129478739,0.54798526,1
c2be7d1dfb064879,103,9,0,221,4,7,11,22.73,6.28,6.45,True,0,Standard Complexity,0.5232590180792988,11.376923076923076,8.25546350679546,0.54776555,1
d3202029827439e0,82,0,0,189,2,13,2,25.49,6.74,9.43,True,0,Standard Complexity,0.2102379604161979,9.746538461538462,5.475603544048604,0.54775935,1
2431de6ffd43a82e,53,26,1,114,3,3,2,20.54,11.1,11.74,True,3,Critical Complexity,0.10198039027184655,8.269594594594595,5.401538929658791,0.5476998,1
ae123986e923b01c,111,8,2,435,1,10,12,24.37,16.56,7.85,True,3,Critical Complexity,0.2469817807042947,8.678266666666667,5.168450799052093,0.5476406,1
5714f7aabb83a9d6,93,5,0,311,4,8,8,23.29,6.89,7.3,True,0,Standard Complexity,0.26019223662515306,9.751147540983608,5.23053208538715,0.5475977,1
5095c93dd223ecae,87,3,0,277,2,8,4,31.86,12.96,6.32,True,1,Critical Complexity,0.036055512753661166,14.374918032786887,6.790860449826596,0.54748684,1
55dca15e2787592e,102,0,0,243,3,11,8,27.76,19.18,6.3,True,1,Critical Complexity,0.08062257748301088,11.645277777777778,8.299345853108315,0.5474383,1
8a9b9e50da53cd00,58,20,0,280,0,6,9,25.6,8.09,6.53,True,0,Standard Complexity,0.04242640687211893,10.840819672131147,7.320305757092249,0.5472522,1
de8c7fb9bb825c19,35,2,0,289,11,5,10,37.97,12.58,6.36,True,1,Critical Complexity,1.161077086157347,17.187058823529412,6.770280005249485,0.5471964,1
6bbee56598bfd448,177,4,0,213,3,2,14,25.6,7.75,6.31,True,0,Standard Complexity,1.4930505684667583,10.501224489795916,7.9763350575063185,0.5471871,1
1278a1d82b3810dc,75,25,0,129,4,8,2,23.22,12.17,6.94,True,3,Critical Complexity,0.0905538513815178,4.918695652173913,5.109009352070742,0.5471613,1
f1f6068fabe77dc8,82,8,0,372,2,11,8,23.21,17.9,6.81,True,3,Critical Complexity,0.05656854249422924,10.156666666666666,6.744262911706676,0.5471505,1
4c277f922aa6287a,84,9,0,216,2,4,7,22.43,14.89,8.51,True,3,Critical Complexity,0.2973213749460997,11.73448275862069,6.631304592199813,0.5471018,1
ad637f9c7d26c5be,105,6,0,314,4,6,7,27.82,11.86,6.42,True,0,Standard Complexity,0.17888543819982047,12.462025316455694,5.661459394923868,0.54706013,1
96a094fe99e0b41b,220,15,0,177,2,9,5,22.95,8.33,8.41,True,0,Standard Complexity,0.10630145812733537,7.158837209302327,4.207889162758131,0.5470052,1
7e7d0450fba334f6,116,4,0,386,5,11,8,25.24,8.11,6.61,True,0,Standard Complexity,1.5605127362508928,11.367714285714285,7.454891044797094,0.5469896,1
c0cb19112075c0f5,122,5,1,174,0,8,3,21.75,9.03,6.76,True,0,Standard Complexity,0.1272792206134628,12.068137254901957,5.085618078076946,0.54695845,1
71153c8d4c7fbf80,83,0,0,29,0,0,0,36.69,7.64,6.75,True,0,Standard Complexity,0.13601470508674593,23.82320987654321,9.286448088034213,0.54693174,1
e477cb7eea2f744b,106,3,1,165,3,6,4,25.47,18.32,6.84,True,3,Critical Complexity,0.36069377593742213,13.467073170731707,5.079069553691051,0.54686034,1
2b9f182ed6a40bdc,82,5,0,83,0,5,1,25.79,5.47,6.3,True,0,Standard Complexity,0.3104834939252147,10.126666666666667,6.033662360580138,0.54678154,1
9a6911279fe481ae,71,4,1,154,2,10,0,34.14,25.77,6.3,True,1,Critical Complexity,0.3981205847480096,11.352903225806452,6.906607492477829,0.5467655,1
a273ce587580e7c1,232,32,0,76,9,2,0,17.41,10.42,12.58,True,2,Standard Complexity,0.22135943621187285,3.782075471698113,3.478632543351268,0.5466837,1
16f4070addd8b732,97,2,0,127,2,6,0,27.02,10.87,6.62,True,0,Standard Complexity,0.17464249196490697,10.335625,6.730336376019776,0.54667246,1
86e1300a238dc77a,96,2,0,114,0,4,2,21.62,15.73,6.29,True,3,Critical Complexity,0.07211102550883583,11.255652173913044,5.610373796805929,0.5464288,1
1c06026e333f42a2,28,0,0,292,11,6,10,29.84,11.26,6.26,True,0,Standard Complexity,1.2723600119463714,18.7865,7.336332377284988,0.5461934,1
9eb14a3ecffeb95e,89,28,0,311,0,9,10,23.18,4.72,10.43,True,0,Standard Complexity,0.014142135623396534,6.607014925373136,6.078075602493604,0.5461703,1
6aa2d05e5692c282,63,23,0,129,2,4,3,25.2,19.09,8.51,True,3,Critical Complexity,0.06403124237427026,6.579142857142856,7.491361642939562,0.5459532,1
847ed39c4074fa2c,107,2,0,221,7,4,5,17.85,12.7,6.28,True,3,Critical Complexity,0.4494441010846681,8.702666666666666,5.342530569766437,0.54579675,1
c5d9e6d90b7e548c,96,5,1,177,0,10,3,25.67,14.3,6.31,True,3,Critical Complexity,0.03605551275485935,8.9734375,5.574841987320694,0.54573476,1
b84586bdebad6e2,66,15,0,107,9,12,3,15.61,15.06,11.02,True,3,Critical Complexity,0.3601388621072756,6.120967741935484,4.78880371271985,0.5457098,1
b4c131f499c80122,101,13,1,315,8,23,11,22.94,12.34,7.28,True,3,Critical Complexity,0.009999999999990905,11.123600000000001,5.583896761223294,0.54563195,1
ad9f4290e70fbaa0,110,3,0,510,5,5,10,29.13,8.54,6.3,True,0,Standard Complexity,0.27459060435492244,11.658095238095237,7.431437160916049,0.54541427,1
9c8f98d9697c907,91,1,0,328,3,8,0,36.74,24.71,6.32,True,1,Critical Complexity,0.28425340807212324,10.444179104477612,5.018210464541025,0.54526246,1
7d6780533cc191a5,86,4,0,373,1,7,4,22.85,7.3,6.62,True,0,Standard Complexity,0.11704699910788625,13.775735294117647,5.956495790848961,0.5450417,1
2a5589a326bcc3f4,142,22,0,126,0,6,1,14.39,7.77,10.21,True,2,Standard Complexity,0.05656854249491255,6.980987654320988,4.37261585265723,0.5449581,1
8fbc3937673d7962,223,2,0,186,1,10,9,26.15,3.72,6.29,True,0,Standard Complexity,2.4347689828811925,10.37277777777778,8.351319792939952,0.54494005,1
6502d3b961138933,79,1,0,37,1,4,0,27.77,7.73,6.35,True,0,Standard Complexity,0.331058907145048,11.416400000000001,8.20906395638382,0.54492325,1
409c8b1e17aeb2e4,71,13,1,63,3,3,3,26.31,25.08,6.31,True,1,Critical Complexity,0.6888396039711181,6.260000000000001,5.74104719168401,0.54467916,1
2a647543ddfcf0f,92,3,0,160,0,5,10,25.73,8.2,6.88,True,0,Standard Complexity,0.9073588044432532,14.02714285714286,7.090699067461976,0.544613,1
e2f96276a2dbaa53,98,7,0,412,3,18,6,29.47,23.3,12.57,True,1,Critical Complexity,0.009999999999990905,13.199156626506026,5.598932171172986,0.5445954,1
c544758254858f6a,58,17,2,168,0,4,0,26.05,15.67,12.56,True,3,Critical Complexity,0.214009345590382,9.590666666666666,8.115462443180096,0.54458654,1
c246d1baf1772557,55,41,1,113,0,5,0,36.87,28.28,11.57,True,1,Critical Complexity,0.04123105625707659,4.474915254237287,5.870829171617045,0.5445645,1
46e2bcc6a7fa7315,95,1,0,96,2,4,5,25.85,11.66,9.29,True,0,Standard Complexity,0.46389654018976445,13.642448979591835,5.1465584024913245,0.5443794,1
ca850714c2fa19f1,74,18,3,225,1,10,3,32.89,27.29,6.49,True,1,Critical Complexity,0.05385164807129606,6.929423076923076,6.307877984485731,0.54433036,1
50639330efba9fed,136,20,2,124,1,6,0,16.78,16.47,6.89,True,3,Critical Complexity,0.19416487838946628,7.643750000000001,4.277167761790506,0.5441155,1
242c243a089f9c69,77,24,3,343,1,9,8,34.04,33.8,8.46,True,1,Critical Complexity,0.022360679774875877,7.240740740740741,8.48894855676787,0.5441072,1
53ed7114945b682,85,6,2,232,0,6,0,24.38,19.13,6.34,True,3,Critical Complexity,0.06082762530311377,10.958372093023256,6.714791007928053,0.5441048,1
d631adb54cc5f0e,75,17,2,76,0,4,1,21.04,5.86,6.68,True,0,Standard Complexity,0.014142135624039643,6.620204081632653,5.74043214251684,0.5441012,1
9e95700888cc3baa,63,27,1,58,5,2,0,20.79,8.24,6.66,True,0,Standard Complexity,0.06708203932503437,5.341632653061224,5.21892097180578,0.54408556,1
e40ab7f59c9e290,68,2,0,39,2,0,0,23.54,16.53,7.83,True,3,Critical Complexity,1.3753544997563676,14.024615384615382,6.228912258893529,0.5439565,1
13ba6da707016c3c,71,8,0,341,2,8,4,31.98,13.68,7.15,True,1,Critical Complexity,0.13928388277279602,15.70826086956522,8.581642769749813,0.5438673,1
25cfe62f4653c11e,138,10,2,177,2,8,0,25.48,13.1,7.7,True,3,Critical Complexity,0.07999999999992724,7.532807017543859,4.7508428631271515,0.54386336,1
d019bcfb489ced6,61,17,0,515,6,17,15,25.39,7.01,6.7,True,0,Standard Complexity,0.2483948469663889,9.633023255813953,8.499304085023182,0.54348963,1
7cfb37a9a441cad2,88,43,2,143,2,7,4,15.75,15.24,9.89,True,3,Critical Complexity,0.09000000000003183,4.694754098360655,4.230287594981421,0.5433225,1
dcac90d0b8b9df26,87,26,0,199,4,6,3,22.28,20.33,6.95,True,3,Critical Complexity,0.06708203932401752,6.180338983050849,4.690736983077662,0.5432151,1
f456d4a73d5cc2a2,114,6,0,206,2,9,7,23.15,17.01,6.6,True,3,Critical Complexity,0.05099019513610443,11.76060606060606,7.145386915916107,0.5431835,1
7b00a8c23a660f3a,123,2,6,120,4,11,0,32.32,16.84,6.7,True,1,Critical Complexity,0.050990195135926064,10.588222222222223,6.053159795195633,0.54306495,1
6c7c6c4e5272cf16,100,1,0,296,4,8,6,34.01,29.76,6.31,True,1,Critical Complexity,0.7025667228099393,10.084736842105263,6.223327677929893,0.54303575,1
c517c77b3c133ad4,100,2,0,320,4,10,14,24.77,15.56,6.29,True,3,Critical Complexity,0.14212670403559965,12.879285714285716,7.423357407809598,0.5430322,1
e99d3d1ddb150bd4,175,4,0,185,3,2,9,26.97,8.99,6.33,True,0,Standard Complexity,1.872591786802665,10.155526315789473,7.9987017687965825,0.5429912,1
7b0efaf6b50ea967,90,1,0,243,3,6,4,24.09,12.23,6.3,True,0,Standard Complexity,0.2647640458974141,13.164833333333332,6.12658727505688,0.5428891,1
f3a65e47e459b564,65,16,0,405,3,14,13,22.87,17.9,7.36,True,3,Critical Complexity,0.03605551275367693,8.87967741935484,6.095978570717864,0.5427754,1
c619530e46fe5b3c,120,1,0,221,3,10,7,21.77,19.43,12.58,True,3,Critical Complexity,0.4560701700405167,9.31076923076923,7.393395141339082,0.5427246,1
462ba235ffcb4d97,69,2,0,249,2,3,3,32.75,20.57,6.54,True,1,Critical Complexity,2.295386677664069,14.63388888888889,7.743187786613821,0.54272026,1
2c350af51d93adfc,53,175,2,124,2,9,1,14.02,13.18,18.88,True,2,Standard Complexity,0.05385164807083162,3.3389062499999995,3.285297163049984,0.5427148,1
dca23c00ada554d6,80,16,6,108,0,6,0,20.79,10.71,10.97,True,0,Standard Complexity,0.19313207915675012,6.798913043478261,5.045996789647632,0.54269487,1
a46ced4616331afa,88,4,0,548,12,10,11,25.63,5.01,6.33,True,0,Standard Complexity,0.9126883367282208,10.87,8.442926381436294,0.5424517,1
1b917cd668bfc571,112,6,0,124,0,10,1,17.53,17.04,11.17,True,3,Critical Complexity,0.1456021977856419,7.070909090909091,5.38671956374213,0.5423414,1
91492aa4e72d5b8,66,12,0,325,1,5,13,20.87,7.47,6.69,True,0,Standard Complexity,0.38600518131217776,10.052553191489363,6.447630430015687,0.5422724,1
4bd6f607461d2368,78,10,1,317,2,8,20,18.52,18.17,12.56,True,3,Critical Complexity,0.08246211251234886,8.298181818181817,6.733370291473183,0.54221475,1
f400520c780c0fc6,107,4,0,298,2,9,6,22.72,8.34,6.32,True,0,Standard Complexity,0.21189620100313852,10.49155844155844,5.670314832399753,0.54213303,1
178c4cae424a2b86,92,1,2,145,0,3,7,28.71,7.84,6.3,True,0,Standard Complexity,0.3413209633176828,16.735263157894735,6.011542072433883,0.5421097,1
fee224c52acd8427,82,58,3,318,3,7,8,24.04,16.68,10.67,True,3,Critical Complexity,0.050000000001091394,4.8717821782178214,4.814679985055524,0.5420931,1
bd1ea31bab9a493c,83,14,5,448,11,12,14,20.53,10.6,6.58,True,0,Standard Complexity,0.7605918747923206,8.380930232558141,6.397523072271704,0.54205596,1
3b80b924813dcdfe,77,6,0,439,3,21,5,33.59,21.54,6.32,True,1,Critical Complexity,0.12206555615746817,11.352857142857145,7.500525967951739,0.5420276,1
fb87872c377d71be,94,83,5,196,7,14,1,13.91,11.57,8.57,True,2,Standard Complexity,0.0,4.076956521739129,3.472196942399047,0.5419643,1
b5fc1d413d64fb26,40,20,0,113,3,5,1,37.76,37.08,6.78,True,1,Critical Complexity,0.25495097567951436,10.283653846153843,9.0759756900474,0.5418946,1
a9eb2a6c33010f7f,173,12,0,709,1,11,16,21.83,16.47,6.66,True,3,Critical Complexity,2.8355775425828966,7.292285714285715,5.144905155707391,0.54185915,1
1743daedb2fc7db3,123,8,1,184,1,14,3,20.49,9.35,6.67,True,0,Standard Complexity,0.2109502310974106,8.93688888888889,4.877587209641087,0.54175156,1
63b98266b85e5d5e,75,2,1,31,2,0,3,17.68,15.71,6.34,True,3,Critical Complexity,2.354909764725658,7.905625,5.761718459745755,0.5417511,1
6cdb2037457efa39,74,9,0,270,1,7,17,35.64,17.39,6.76,True,1,Critical Complexity,0.2973213749462679,11.043125,8.59919452532474,0.5417302,1
62522b1edb0c62fe,60,20,0,302,0,6,9,25.6,8.09,6.53,True,0,Standard Complexity,0.04242640687211893,10.88171875,7.286041353739247,0.5415229,1
6b29ebe9f40fa333,140,7,1,756,5,17,11,20.84,6.36,6.29,True,0,Standard Complexity,0.24041630560335883,7.4562264150943385,6.159131654802406,0.54148036,1
3e2a37638bd17648,101,2,1,384,1,7,12,22.9,1.89,6.31,True,0,Standard Complexity,0.2469817807044184,9.901,8.276221098222706,0.5413203,1
b52996f82c2b33e9,82,4,0,324,4,5,4,36.15,35.47,6.32,True,1,Critical Complexity,0.17464249196558398,13.6096875,6.7820694133386565,0.54130477,1
63b0dbc8fa808db6,89,9,0,198,2,9,7,30.7,19.63,7.13,True,1,Critical Complexity,0.2860069929212894,14.478666666666665,7.767406431149761,0.5412504,1
66ae152fafc1d20b,70,26,1,150,6,7,3,27.13,26.59,8.04,True,1,Critical Complexity,0.03162277660165503,5.203333333333332,5.245473741354714,0.5412224,1
bd64988999864f12,19,0,0,146,4,2,7,26.82,25.91,6.3,True,1,Critical Complexity,0.5300000000006548,19.29714285714286,7.0573653811071,0.5410722,1
8183d43d892de444,56,10,1,73,5,5,2,26.81,17.83,6.53,True,1,Critical Complexity,0.1526433752247923,9.566551724137929,8.308271024692106,0.540993,1
41118c0c3339cf1a,79,6,0,379,4,5,12,25.55,16.69,12.57,True,3,Critical Complexity,0.34058772731944664,13.40276595744681,6.604957101066305,0.54094326,1
2a996f5d959a6b0d,86,5,0,341,1,11,8,22.93,18.03,7.86,True,3,Critical Complexity,0.9334345183240429,10.949285714285713,6.010577736614938,0.5408075,1
7b6894ac6067879,81,5,0,233,1,9,4,25.55,3.87,6.69,True,0,Standard Complexity,0.16031219541868236,11.413863636363637,6.8726041167116065,0.540715,1
9e9cfc326be11c46,92,7,0,632,4,8,19,23.3,15.39,9.87,True,3,Critical Complexity,1.3401492454199941,10.099375,8.528759045686249,0.54068583,1
20dd4ce7640559ed,91,6,0,160,4,12,0,16.31,6.56,6.31,True,2,Standard Complexity,0.425440947723576,6.817666666666667,5.200515156106065,0.54067177,1
8585a64884b5874d,117,7,1,331,0,7,12,36.16,22.73,7.5,True,1,Critical Complexity,0.03162277660223025,8.325438596491228,6.158659306761165,0.5406613,1
63b9239323d44c73,105,5,3,236,2,8,2,29.37,26.62,6.36,True,1,Critical Complexity,0.05999999999994543,10.341333333333335,7.851160876654554,0.54061043,1
74bf56ab38e97c06,105,6,0,125,0,6,2,24.85,22.47,6.4,True,1,Critical Complexity,0.7955501241280031,10.325526315789475,5.782948709406238,0.54057366,1
30d75515fe97e3c5,68,9,0,100,1,5,3,24.71,11.51,6.31,True,0,Standard Complexity,0.058309518948711926,11.797166666666667,7.195588947789858,0.54040205,1
39e11f6b6dae4aa6,24,4,0,160,5,15,3,37.63,15.73,6.31,True,1,Critical Complexity,1.70578427709944,15.306470588235296,11.343667806664582,0.5403605,1
567ee5da03120665,112,5,0,189,1,10,4,17.88,7.62,6.31,True,2,Standard Complexity,0.8757282683570863,9.286851851851852,5.672868770662974,0.5400802,1
3f00f3d43be0a5ea,90,3,0,190,3,14,9,27.11,14.86,6.55,True,3,Critical Complexity,0.19104973174625395,13.50753086419753,5.127439986674504,0.53999364,1
807810dfa9b02169,91,8,0,355,2,12,9,22.0,17.7,9.41,True,3,Critical Complexity,0.18601075237689574,8.494655172413795,5.038117538264644,0.53965473,1
8e0a5db9cf45102e,91,4,0,190,2,6,2,22.03,16.98,9.39,True,3,Critical Complexity,0.07071067811836536,10.049508196721309,5.050839380405412,0.5395921,1
5433f72d54212469,171,8,0,163,0,10,8,15.47,7.0,6.3,True,2,Standard Complexity,1.3880922159571278,5.603235294117646,5.248109867364707,0.5393869,1
b04e24743222a237,84,3,0,100,1,5,1,25.61,21.79,6.38,True,1,Critical Complexity,1.0900000000000034,9.381739130434784,6.852152091115109,0.5393238,1
bba1d6a66179403e,53,4,0,104,0,13,0,36.3,35.21,6.3,True,1,Critical Complexity,2.1429419030855525,11.093333333333334,9.205500921852227,0.53922945,1
5ca0e00af8af6b60,101,8,0,347,6,6,11,25.13,7.53,6.44,True,0,Standard Complexity,0.2376972864801746,13.377592592592592,8.273329961317511,0.5391025,1
7fe3b135552e9ad7,72,13,0,503,5,11,10,33.91,26.74,7.9,True,1,Critical Complexity,0.12165525060592851,10.008833333333333,6.138635323823112,0.538978,1
ea7867c85dcfc46a,121,5,0,407,8,12,6,28.24,8.53,6.81,True,0,Standard Complexity,1.0804628637761078,10.239,7.4120141662034085,0.5389465,1
b6459b8471ae8587,88,3,0,332,0,6,14,27.29,13.55,6.49,True,0,Standard Complexity,1.5501290268879495,10.068648648648646,6.501515067570753,0.538586,1
e2a0cc533fa04908,76,6,0,65,5,1,0,16.88,3.62,6.29,True,2,Standard Complexity,1.4404513181633907,6.813999999999999,6.534675508393664,0.53849787,1
76fc394734c8b0db,140,1,1,330,4,5,7,24.72,4.5,9.48,True,0,Standard Complexity,0.27730849247719375,9.902921348314605,4.571905462234719,0.5383611,1
3a3ed66c8a83c826,116,13,0,193,4,11,0,21.71,17.26,9.2,True,3,Critical Complexity,0.14999999999997726,5.374999999999999,4.806734745442427,0.538345,1
84f119568ea140b0,96,0,0,211,5,8,4,22.2,6.44,6.34,True,0,Standard Complexity,0.34014702703360966,9.26179104477612,5.279215773220328,0.5382073,1
e03ee270eb9c5e14,112,13,1,89,4,5,0,17.27,2.28,6.91,True,2,Standard Complexity,0.7638062581570867,5.605263157894736,4.876149115224617,0.53812385,1
4cc446efbebf94e5,86,5,0,426,0,7,17,23.37,10.81,6.65,True,0,Standard Complexity,0.26925824035669144,11.933636363636364,5.1707046692747305,0.53808457,1
219844d02d3e09d,70,16,3,231,1,4,9,34.83,11.64,6.5,True,1,Critical Complexity,0.07071067811839751,7.279499999999999,6.747182973903504,0.5380663,1
5ff72592c8ff8323,54,11,0,77,11,12,4,21.51,21.0,6.3,True,3,Critical Complexity,0.0999999999994543,7.1679310344827565,5.700787228947115,0.5379243,1
7510208fe4d74b65,123,2,0,478,5,16,9,22.95,9.17,9.43,True,0,Standard Complexity,1.116109313642112,14.30121951219512,6.085190417335273,0.5377426,1
56bf45915637c764,106,0,1,439,5,8,11,29.14,13.55,6.3,True,0,Standard Complexity,0.2912043955700814,15.889565217391304,8.184390486594042,0.5377146,1
58f824f008d27112,149,0,1,345,2,6,14,22.04,17.96,6.3,True,3,Critical Complexity,5.857687256930086,7.885,6.904491653988728,0.53750557,1
f189af06a6bcc340,93,6,3,152,3,6,4,18.91,14.26,7.07,True,3,Critical Complexity,0.07211102550921421,9.639473684210529,5.053383414457882,0.53742725,1
da118efb3679fb38,98,0,0,107,2,4,0,30.63,16.58,9.49,True,1,Critical Complexity,0.7017834423808728,13.042816901408452,4.990773228386472,0.5373749,1
4c5803d18d45a1f8,69,11,3,72,3,5,2,19.03,12.44,6.32,True,3,Critical Complexity,0.1204159457878512,8.553023255813951,5.143230608526359,0.537289,1
216cd6e44d3f7b71,74,4,0,510,10,8,12,28.88,7.95,6.79,True,0,Standard Complexity,0.4707440918376573,10.8678125,8.94385499043023,0.537144,1
dca7ef5bf287c49c,114,6,3,113,1,7,0,21.54,10.01,9.45,True,0,Standard Complexity,0.930215028904677,10.28948717948718,5.816954859682102,0.5370095,1
4e32065caf703faa,67,96,4,202,6,18,2,14.2,13.52,9.12,True,3,Critical Complexity,0.02999999999974534,3.396386554621849,3.145778745843772,0.5369964,1
6382327ec223aea5,189,11,0,825,7,16,14,21.98,6.04,6.61,True,0,Standard Complexity,1.151086443321407,9.115,7.648154189083795,0.536919,1
ad681775b363b475,142,6,0,606,6,20,17,23.66,2.65,6.53,True,0,Standard Complexity,1.753282635516298,8.467500000000001,8.611010514645383,0.5368203,1
8e40ffb80dd2f541,56,14,0,205,9,4,4,29.12,14.5,6.35,True,1,Critical Complexity,0.092195444572956,9.165882352941177,7.698577071598079,0.53673625,1
eda344438e492f87,107,6,1,547,4,10,15,22.46,8.86,9.47,True,0,Standard Complexity,0.041231056256194255,8.644545454545456,7.066993527707604,0.5366073,1
465f814ab9ce5ded,124,5,1,100,0,7,1,19.26,17.62,6.41,True,3,Critical Complexity,3.656077132665447,7.955121951219513,5.4159336388336445,0.5365649,1
8938895f2ebaefe2,55,25,1,358,2,10,8,33.62,7.77,7.32,True,0,Standard Complexity,0.11704699910699266,8.323018867924526,7.207678448868644,0.53655195,1
6f31bf16a2064d76,61,2,0,56,2,0,1,32.8,20.77,6.41,True,1,Critical Complexity,0.7022819946432576,14.610869565217389,7.646990265027251,0.5364744,1
fb786f321d5da94f,63,10,0,303,0,10,5,24.25,20.65,13.03,True,3,Critical Complexity,0.09999999999997726,10.658148148148147,8.501908734290216,0.5363615,1
fcbe76faae99d6b2,102,5,0,257,4,5,4,27.54,23.23,9.24,True,1,Critical Complexity,0.4701063709410666,7.958163265306122,6.057454059886064,0.53633136,1
f6b9f7abfcc1e9ec,29,0,0,236,9,4,8,25.41,17.16,6.3,True,3,Critical Complexity,3.260138033888671,17.94923076923077,7.490766071061153,0.53614485,1
94bde00179e4fea7,108,6,0,236,2,7,3,24.77,24.23,9.48,True,1,Critical Complexity,0.09219544457284502,6.856896551724139,6.065585853643418,0.53613967,1
ec78d85e2a7c42cf,51,4,0,170,9,0,1,32.4,16.58,8.29,True,1,Critical Complexity,0.22561028345293352,8.419333333333332,8.477808259738415,0.53611237,1
f14789c087f2016,110,0,0,175,6,4,11,25.33,19.51,6.28,True,3,Critical Complexity,3.025359482772199,15.49,8.143884369978428,0.53610986,1
e5c64f3068e9ffe6,82,17,1,249,2,8,2,19.53,8.24,6.36,True,2,Standard Complexity,0.10440306508909222,7.4972916666666665,5.800153640056778,0.5359553,1
81ed4c9ac882da80,100,97,0,136,6,14,3,12.45,8.33,11.71,True,2,Standard Complexity,0.16278820596069538,3.4,3.108651557157346,0.5358116,1
cf13c3b96fbdffe9,72,0,0,404,2,21,4,25.61,19.36,6.29,True,1,Critical Complexity,1.2886038956949861,15.516764705882354,6.550116622485899,0.53576577,1
21a730bd82a455ea,123,7,0,100,2,9,0,18.41,5.72,6.33,True,2,Standard Complexity,0.010000000000218279,7.814791666666667,5.381901379307988,0.5357216,1
640a9fb46858f2fe,93,3,0,394,7,11,6,22.16,11.44,6.33,True,0,Standard Complexity,0.740405294416556,12.761960784313725,6.053464417128635,0.5354815,1
3ef49be6de8a8a3a,100,9,3,155,2,3,1,17.69,6.54,6.54,True,2,Standard Complexity,0.18601075237739692,6.836216216216217,6.19054394472965,0.5354713,1
e09e648dabbe2561,53,12,0,558,2,15,24,28.55,7.43,6.64,True,0,Standard Complexity,0.5769748694704597,9.915757575757576,9.16672838446541,0.5352347,1
43a8013fd05e8256,238,28,0,227,2,0,1,13.88,11.45,7.23,True,2,Standard Complexity,0.11180339887467426,3.6193333333333335,3.4699800831961234,0.53519577,1
acb9bafa7b4f9787,68,9,2,325,2,8,4,32.82,29.34,7.92,True,1,Critical Complexity,0.30265491900860664,11.57090909090909,7.081555112397089,0.5351294,1
719656bbc80c404a,83,2,0,289,3,13,6,25.55,16.8,6.28,True,3,Critical Complexity,0.5903388857259625,14.42227272727273,8.962215093388759,0.5350727,1
78b95a0580da7857,80,7,0,452,1,1,12,24.69,22.37,18.84,True,1,Critical Complexity,1.1187939935485784,13.220238095238095,8.439262687297715,0.5350467,1
ee09f079575b801e,95,6,3,109,6,8,4,31.27,29.11,6.41,True,1,Critical Complexity,0.8464632301522489,7.900188679245284,5.484384518731869,0.5350185,1
3f84d18ee6b2d2cc,89,4,0,339,2,8,0,25.5,10.67,6.33,True,0,Standard Complexity,0.08602325267230397,11.578730158730162,6.2725098118603295,0.5349737,1
e7ece49bb8716c3d,63,19,1,46,6,10,0,18.68,15.28,6.73,True,3,Critical Complexity,0.18384776310845882,5.421612903225808,5.030083111462534,0.5349039,1
19a3802deeb37b16,78,12,0,93,1,5,2,16.91,13.43,6.3,True,3,Critical Complexity,0.05000000000009095,8.63,5.854923142108699,0.5348632,1
49ad7209a4df4666,74,7,1,126,6,11,0,29.72,14.72,6.31,True,1,Critical Complexity,0.9811218069127517,11.151025641025639,6.849873962857627,0.53479457,1
5628e925de60ba19,117,10,0,149,2,0,18,26.21,14.7,6.76,True,3,Critical Complexity,0.8200609733428182,5.375624999999999,6.448813814134736,0.53478545,1
f7fba36b1542ac2,105,3,0,382,6,19,8,21.42,6.77,6.37,True,0,Standard Complexity,1.083743512091284,13.050399999999998,5.835047543936553,0.53476226,1
d8ad3d82ab0c6c87,72,6,0,396,0,6,6,20.79,9.57,11.58,True,0,Standard Complexity,0.3905124837951231,10.015666666666668,5.36286999241596,0.53473085,1
2ebbb63082894e50,84,12,1,66,0,4,0,17.99,11.59,6.74,True,3,Critical Complexity,0.028284271247436175,7.844736842105263,5.161502265087395,0.53467304,1
9c82d297b955b47e,58,11,0,59,4,2,0,27.48,16.81,6.5,True,1,Critical Complexity,0.05656854249551546,7.9792,6.759534256145167,0.5346257,1
12076c30dd36309c,82,7,0,379,0,7,15,23.17,2.7,7.18,True,0,Standard Complexity,0.14866068747352398,8.486111111111109,6.827210784703035,0.53461754,1
f3ea505f0cafd6b5,70,6,0,71,0,4,0,17.98,9.79,7.05,True,2,Standard Complexity,0.041231056256194255,8.284909090909087,5.649465903227981,0.5345299,1
e1b28e789dc4b24f,100,6,0,96,3,1,16,21.12,6.2,12.69,True,0,Standard Complexity,0.8300602387778576,7.335000000000001,7.170456749747536,0.5344809,1
ea005ee49eb32921,103,0,0,380,2,12,9,19.52,10.47,6.31,True,3,Critical Complexity,1.2744018204637733,13.318823529411764,5.207065202941256,0.5343278,1
1e69f0aa5fdd3bf2,95,1,0,201,3,7,3,31.99,26.11,6.31,True,1,Critical Complexity,0.24698178070453808,9.411311475409837,5.114072989538508,0.534224,1
86ce7377449076d7,32,0,0,146,4,5,4,34.09,17.87,6.33,True,1,Critical Complexity,0.4640043103245665,20.018571428571423,6.4006677744735105,0.5342137,1
8d412f2484c932bf,97,7,0,223,1,14,11,24.45,21.82,6.31,True,1,Critical Complexity,0.2617250465662878,9.212222222222222,5.175994788043684,0.5339587,1
90a122dd588285b2,74,8,0,290,5,6,7,24.56,20.68,6.33,True,3,Critical Complexity,0.49477267507433104,11.494594594594593,6.796284992590535,0.5338425,1
e1b4704b9ddacb47,112,6,0,176,1,5,3,19.83,11.69,9.09,True,3,Critical Complexity,0.10198039027220886,9.155087719298246,5.19569258939878,0.53380615,1
32b3cdb1a12e50a1,157,2,1,400,5,5,9,21.74,15.86,6.34,True,3,Critical Complexity,0.041231056256139105,11.295053763440857,4.692129906729525,0.5338061,1
3128e96e8b83f718,92,5,0,211,0,10,2,16.81,12.75,9.23,True,3,Critical Complexity,0.13038404810377308,10.402419354838708,4.887534072312181,0.53360486,1
e9a635f6d85d0de1,90,7,0,123,7,8,3,15.89,15.02,6.31,True,3,Critical Complexity,0.3894868418829524,6.9877777777777785,5.9316116936251495,0.53351235,1
fbbb9b083324d3a3,69,0,0,298,10,12,4,24.31,7.91,6.72,True,0,Standard Complexity,1.6984993376506512,14.98057142857143,5.064126461328403,0.5334639,1
e82ed575406e77d3,78,7,0,271,2,8,5,22.25,6.0,6.29,True,0,Standard Complexity,0.3935733730833372,10.052499999999998,5.532013384233026,0.5334139,1
21ea6f98308c96d8,93,1,3,399,2,9,9,19.62,18.3,6.31,True,3,Critical Complexity,0.4492215489046342,10.046969696969695,5.204576939607469,0.53324604,1
5763035f84242bc4,47,1,0,194,8,0,5,28.97,10.58,6.3,True,0,Standard Complexity,2.22103579439862,17.338421052631578,8.470096167451263,0.5331815,1
47d60c6d6d2fe134,65,17,0,207,2,4,5,18.52,18.24,7.26,True,3,Critical Complexity,0.1077032961426449,7.29,5.891122619186067,0.5330341,1
7cbb0fca2a932cf4,103,11,0,315,1,10,7,22.34,13.66,9.08,True,3,Critical Complexity,0.0,9.76658536585366,5.284890616472447,0.5329708,1
f62cabafb6595f87,79,7,0,268,3,7,7,25.83,15.15,7.28,True,3,Critical Complexity,0.2343074902771321,14.781333333333338,6.914538499904868,0.5329072,1
240f0f8130c1c973,56,28,0,163,20,20,0,18.03,10.78,6.55,True,2,Standard Complexity,0.17088007490621518,4.9260465116279075,4.4470377595705175,0.53272855,1
2d39347b2eb964d9,76,9,0,85,1,5,0,17.76,4.82,6.84,True,2,Standard Complexity,0.9542536350468735,9.366666666666665,5.523692548022505,0.53263074,1
3ad07b6e86f89e6d,92,1,0,592,8,13,18,24.45,8.05,18.83,True,0,Standard Complexity,1.0112368664167726,15.622500000000002,5.783274051089054,0.5322888,1
710e91f427eafc08,62,1,0,338,9,8,5,25.22,13.92,12.65,True,3,Critical Complexity,1.249039631077255,14.276551724137937,7.743964624750914,0.53227437,1
36093446cac8c552,69,12,0,125,1,4,3,36.84,13.76,7.05,True,1,Critical Complexity,0.044721359550031384,8.476615384615386,6.673519951598159,0.53206503,1
6b97a857f2374005,114,7,0,523,4,15,14,22.09,7.81,6.35,True,0,Standard Complexity,0.1131370849897447,9.107011494252871,5.094833333978385,0.5319795,1
69e0f1d2b13faf17,74,4,0,399,3,17,5,26.13,20.75,7.82,True,1,Critical Complexity,0.11401754250984998,13.12408163265306,6.318879685761711,0.531721,1
250f590858f5ce58,71,4,0,418,0,8,8,28.21,9.99,8.61,True,0,Standard Complexity,0.1565247584249446,11.683428571428571,6.826980484124167,0.5315908,1
88454784eba7a1c,104,4,0,86,2,9,0,21.56,17.39,7.47,True,3,Critical Complexity,3.4433704418787823,10.75923076923077,5.659997909130439,0.5315046,1
7020f2fa6d53a628,223,5,0,224,3,6,5,17.14,9.38,8.0,True,2,Standard Complexity,0.3517101079014184,10.329545454545453,4.50468154856639,0.53146195,1
442d14ac8aa86802,74,22,0,403,0,14,11,25.54,22.61,7.11,True,1,Critical Complexity,0.009999999999308784,6.959866666666668,5.834531113599065,0.5314319,1
9ce9256e4d0a5575,93,5,0,440,1,7,21,27.89,12.68,6.36,True,0,Standard Complexity,0.03162277660237405,10.030967741935482,6.02193054182563,0.53128034,1
1f47a528373bd023,66,4,0,67,5,1,1,23.22,15.21,7.64,True,3,Critical Complexity,0.07280109889273897,7.913469387755102,6.035320376333079,0.5312323,1
f0ab34e7d025f766,63,0,0,146,0,10,0,37.08,27.25,6.29,True,1,Critical Complexity,0.41436698710202047,14.087560975609756,8.117257671155974,0.53112155,1
2901b94331af2d8d,79,20,0,239,7,8,9,20.87,2.56,6.97,True,0,Standard Complexity,0.029999999999972715,7.46,6.462297434782248,0.5309339,1
8bfd4c951ac3b117,110,4,0,100,2,5,0,28.03,17.01,6.31,True,1,Critical Complexity,2.2280035906612903,12.277608695652173,6.24903303294845,0.5308986,1
8cc30b279a8911ab,90,5,2,243,2,15,7,22.68,4.85,6.94,True,0,Standard Complexity,0.07071067811867084,8.20878787878788,5.618148491287507,0.5307315,1
24291d9564d73ab7,136,4,0,286,4,5,10,28.88,11.22,12.54,True,0,Standard Complexity,1.7817968458840416,11.384375,7.744086428325486,0.53071105,1
879eed0e09f2fb00,93,3,1,364,5,7,13,35.3,17.74,7.99,True,1,Critical Complexity,0.23194827009496677,11.654324324324323,8.59312249843979,0.5306411,1
80882ef0912b876d,75,12,0,105,12,16,0,16.32,15.19,6.7,True,3,Critical Complexity,3.53734363612143,5.9340909090909095,5.10110920120758,0.5306141,1
e7b275d7914ab8f4,107,10,0,378,0,7,16,19.14,7.94,6.37,True,2,Standard Complexity,0.014142135623396534,11.627361111111112,6.137634812517033,0.53057045,1
7700343268b20e1b,92,8,1,153,1,5,3,26.15,8.8,6.56,True,0,Standard Complexity,0.22135943621158521,8.666865671641792,4.9539747976134,0.530468,1
321650b5b2231894,164,48,2,195,0,6,15,19.65,19.27,7.6,True,3,Critical Complexity,0.07615773105856982,3.02112676056338,2.972659713566985,0.5302691,1
f22fed8aef7b2c20,91,6,1,90,0,11,0,18.27,8.12,7.34,True,2,Standard Complexity,0.15297058540787853,9.583833333333335,4.64560942958211,0.53020525,1
9a6f1c49106c659e,83,50,1,93,8,15,0,14.56,14.28,8.74,True,3,Critical Complexity,0.10630145812724981,3.9604615384615385,3.6119393600707643,0.530142,1
77874e2648876dac,104,9,4,148,2,6,2,26.51,10.52,9.41,True,0,Standard Complexity,0.04472135955005681,8.922881355932205,5.649391762925309,0.52994514,1
450d0804eb679f6d,97,0,0,237,2,3,4,23.92,9.31,6.29,True,0,Standard Complexity,0.9918165152890256,9.018888888888888,8.271768512294553,0.5299333,1
593626181acb0112,95,1,0,323,1,8,5,18.92,16.23,6.91,True,3,Critical Complexity,0.3832753579348739,10.3676,5.147469110155009,0.5299185,1
2677ce0c3a432d32,107,4,1,157,4,5,3,33.52,16.39,7.21,True,1,Critical Complexity,0.17029386365934945,9.069056603773586,5.8682070368200785,0.52979803,1
e05dcde6f5a68ac8,85,8,0,204,4,5,1,21.79,16.15,10.95,True,3,Critical Complexity,0.14317821063283975,10.53047619047619,5.158550131168864,0.529716,1
82b4d69112d398c,43,0,0,369,13,14,11,30.19,9.53,6.29,True,0,Standard Complexity,3.0600163398256504,18.996,8.022929265548838,0.52967423,1
1ecc24bb3f00e252,86,2,0,109,3,4,6,32.3,12.27,12.6,True,1,Critical Complexity,0.3041381265142232,16.373703703703704,5.3674056184251935,0.52966404,1
63d35f6e6794617b,118,1,0,553,2,11,20,22.94,22.47,12.57,True,3,Critical Complexity,0.2906888370749664,9.364193548387098,4.860945264633704,0.5295067,1
f8c46b7e0700f30b,168,4,0,149,5,6,9,16.21,6.01,9.09,True,2,Standard Complexity,0.1299999999999867,5.792105263157896,5.914484965740661,0.529295,1
52ab72e17306eadf,159,31,0,318,0,11,16,16.48,8.17,6.55,True,2,Standard Complexity,0.24698178070421586,3.5843137254901962,3.9933627555801574,0.5292731,1
ac5abac2fdc7433c,118,1,0,229,7,4,8,21.64,9.98,6.44,True,0,Standard Complexity,3.5426543720774655,11.547727272727276,7.985160060909681,0.52916104,1
eccb194dc38ea1d9,101,0,0,338,5,13,12,22.69,10.8,6.3,True,0,Standard Complexity,1.6324827717314017,15.824864864864864,6.022664231152021,0.528818,1
489848f305d4be39,99,5,0,426,7,4,2,18.7,17.22,6.38,True,3,Critical Complexity,0.8832326986699612,8.6285,5.499470224485264,0.5287786,1
bdb951f5ea8660ef,92,2,0,403,6,11,11,25.16,17.48,12.57,True,3,Critical Complexity,1.674753713236424,11.170000000000002,6.324262386780147,0.5285765,1
f4d9271c46324999,94,0,0,276,6,17,7,24.04,7.2,6.33,True,0,Standard Complexity,0.8746427842262335,9.241794871794873,5.569305932816677,0.52856565,1
12935c00d8b12204,87,2,0,146,1,5,5,25.68,6.7,9.3,True,0,Standard Complexity,0.15620499351811476,8.975263157894737,5.504209268150151,0.5283208,1
14838f72f617899d,167,4,0,406,4,24,12,18.87,9.15,6.52,True,2,Standard Complexity,0.676756972627427,7.42225,4.88025178013389,0.52825785,1
60604830e33838ad,74,6,0,473,2,14,10,30.69,17.3,6.63,True,1,Critical Complexity,0.09486832980497072,12.694615384615387,7.140545424169999,0.52818704,1
2cd19fe1c8353aa,66,10,0,172,3,4,9,22.67,5.18,7.46,True,0,Standard Complexity,0.08246211251227821,9.727142857142855,7.707617223585128,0.5281033,1
580a92f142bb9634,75,72,1,138,0,9,0,14.44,4.84,7.15,True,2,Standard Complexity,0.18000000000006366,3.936936936936936,3.8272192037902517,0.5279549,1
e7d0f7eb1a4829e1,131,0,0,165,4,8,1,21.11,19.08,6.3,True,3,Critical Complexity,1.533101431738932,11.049444444444447,4.786050299478245,0.5279111,1
36434cea29c76288,23,1,0,379,3,3,18,31.11,10.62,6.35,True,0,Standard Complexity,6.9516688643802915,19.210625,8.64182234018815,0.5279018,1
9d341fb4bc513e73,87,2,0,294,2,9,7,20.41,12.3,6.3,True,3,Critical Complexity,0.14142135623735774,11.951944444444443,5.767898143770708,0.5278351,1
779684eb89fb9bab,75,8,0,289,0,10,5,20.61,18.89,12.59,True,3,Critical Complexity,0.10198039027176295,11.009565217391303,5.913455899939502,0.52783126,1
7001770d1511af5f,89,1,0,275,4,10,8,25.77,7.79,6.29,True,0,Standard Complexity,0.3883297567790438,15.714400000000001,8.281993035495745,0.5277445,1
98223b0842e2abfd,228,4,0,155,6,0,6,17.35,16.37,7.85,True,3,Critical Complexity,2.719356541537645,5.12,4.926112153857335,0.5276989,1
6aabb0bac475e6a3,169,3,0,187,2,10,9,23.77,8.06,6.49,True,0,Standard Complexity,2.030024630392478,9.320277777777779,7.61598665312757,0.5276765,1
4dc16606e673e19c,81,2,0,375,1,12,9,26.08,13.72,6.37,True,3,Critical Complexity,0.43829214001602623,12.352307692307692,7.188529845609802,0.52766526,1
1bff74d2f9ed1a6b,78,0,0,172,7,3,10,31.05,10.55,6.3,True,0,Standard Complexity,3.240756084619536,15.264285714285714,7.058849273162339,0.52761906,1
f507e102378b4fe5,100,5,0,204,2,6,17,25.88,4.06,6.8,True,0,Standard Complexity,0.17117242768636018,14.323666666666668,8.975029984474826,0.52756405,1
db21f02eafb9497e,125,0,0,454,4,15,11,24.3,17.27,6.33,True,3,Critical Complexity,4.06767747000718,13.755,7.944629317973243,0.52747387,1
c52cf4c6387382a6,71,0,0,75,6,7,3,25.94,23.32,6.32,True,1,Critical Complexity,1.8804254837671708,7.7640625,5.066326861849101,0.5274464,1
b97d0de6335bd3cc,101,5,0,154,1,5,3,20.08,6.7,6.37,True,0,Standard Complexity,0.6306346010171887,9.504507042253522,4.932055477776573,0.5273781,1
390dfd861c55c8e1,108,3,0,210,1,5,10,20.5,5.47,6.33,True,0,Standard Complexity,0.49396356140917513,11.667272727272728,5.391192043777755,0.52724165,1
a90d6050964b5c54,92,3,0,167,1,10,8,32.68,30.7,6.36,True,1,Critical Complexity,0.5408326913199011,13.369428571428571,8.3120452847856,0.5271153,1
695c61507b7e10fa,86,8,0,118,4,7,3,17.06,4.93,6.5,True,2,Standard Complexity,0.5316013543998793,6.992758620689655,5.688514075750528,0.52695155,1
2a6b77f9929d9460,71,5,0,355,0,11,8,25.35,23.58,7.14,True,1,Critical Complexity,0.3505709628586195,9.921296296296296,5.175447393899712,0.5269439,1
72500fa7392d1163,87,31,1,101,14,5,1,19.16,9.82,6.73,True,2,Standard Complexity,0.10770329614225435,3.9523255813953497,4.098029496533898,0.5269016,1
790e63aa237968b0,175,5,3,108,1,6,2,18.25,17.49,6.32,True,3,Critical Complexity,2.9783384629689365,8.079318181818183,5.66971916802013,0.52688205,1
e7cd73ce4cb6c3d,71,6,4,263,0,2,13,33.26,14.12,7.15,True,1,Critical Complexity,0.09999999999854481,13.295000000000002,8.20744540036667,0.52684313,1
65ae3f736f5af17b,111,2,0,277,5,15,6,27.5,15.67,6.31,True,1,Critical Complexity,0.07280109889286292,12.064181818181815,4.790748163590124,0.526758,1
ebc17101251e6dcf,58,16,0,230,0,6,0,24.36,22.46,9.44,True,1,Critical Complexity,0.1063014581278701,11.194399999999998,6.95737340093228,0.5266815,1
760d1254c23f7046,72,3,5,31,2,1,0,26.24,18.51,6.31,True,1,Critical Complexity,0.31827660925698015,10.372307692307695,6.119770173972918,0.52664137,1
263338fa679fc420,83,4,0,363,3,19,3,37.43,16.29,6.33,True,1,Critical Complexity,0.2570992026437422,10.321967213114755,5.8817126477800805,0.5266318,1
73d4b4138edca121,113,14,0,264,6,4,5,15.58,8.95,9.46,True,2,Standard Complexity,0.014142135623718088,6.297441860465115,5.057211794095707,0.5265317,1
dde1f01d07ea3290,81,14,0,456,4,11,9,32.41,16.31,6.5,True,1,Critical Complexity,0.4482186966199983,11.223731343283582,7.4882598332862775,0.5263814,1
10d7da2981ca3a71,66,3,1,163,9,8,0,24.89,14.1,6.59,True,3,Critical Complexity,4.967594991542753,7.955384615384616,6.7298664009880556,0.5263061,1
e8f21237b5539d9a,49,2,0,210,2,14,4,25.06,10.17,6.28,True,0,Standard Complexity,1.131591799192706,11.884736842105264,9.925373315753102,0.52627957,1
1fa7dc9e820c49cc,60,7,0,79,1,0,3,33.46,26.82,6.43,True,1,Critical Complexity,0.04123105625531191,11.102500000000003,7.88948613518477,0.5260635,1
40b2bf144a5cfeef,114,12,1,214,4,14,1,22.41,3.98,6.46,True,0,Standard Complexity,0.010000000000218279,5.896779661016948,5.0449442524940515,0.5259602,1
3cee51fa300dc96,115,8,0,759,2,18,9,22.26,6.93,6.36,True,0,Standard Complexity,0.6735725647631253,8.826666666666666,5.455955588976956,0.5259256,1
3114f7fbaa8cc086,85,8,0,191,1,11,4,21.73,9.44,7.04,True,0,Standard Complexity,0.25999999999976353,10.338909090909091,5.653755525063856,0.52588916,1
bc2fbc8d1e2ea60e,99,3,4,205,2,8,0,20.77,4.6,6.32,True,0,Standard Complexity,0.21213203435599642,12.924035087719295,6.028341210744031,0.5258474,1
2ba9a066f30c0b4a,65,23,6,87,0,6,0,18.33,14.04,7.93,True,3,Critical Complexity,0.06403124237431464,6.930943396226417,4.800268571162095,0.52556777,1
83d0d2ffc5bf5609,90,12,0,137,4,3,3,26.01,7.89,6.37,True,0,Standard Complexity,0.04472135954995512,9.045,4.861803044771953,0.5255372,1
d3b03c3f5c0af853,78,0,1,167,2,11,1,23.15,17.31,6.97,True,3,Critical Complexity,0.10198039027220886,9.77235294117647,5.548886688631843,0.525515,1
71690bd50474795d,67,13,0,154,4,4,1,18.32,10.65,9.72,True,2,Standard Complexity,0.6573431371811421,9.927272727272726,6.48168516375051,0.5254815,1
bd6ff49cefaf6826,78,3,0,83,1,4,0,18.02,8.76,6.44,True,2,Standard Complexity,0.7715568676385219,9.962499999999997,5.731355876105708,0.52541924,1
791fc70ab03f79fd,81,7,0,192,2,9,4,24.75,12.49,7.37,True,0,Standard Complexity,0.0905538513815429,10.698333333333332,6.511323576833071,0.5251184,1
d39f692b42488540,84,4,0,353,2,10,5,28.13,13.41,6.44,True,0,Standard Complexity,0.21954498400150607,12.811,7.063547055127473,0.52502984,1
b37e041282912b82,194,5,0,120,4,15,5,14.66,3.81,6.28,True,2,Standard Complexity,2.6227466518898437,5.679142857142857,5.204957181889792,0.525022,1
5dddac135eb988fb,116,0,1,483,3,10,6,20.6,9.93,6.33,True,0,Standard Complexity,0.2039607805444177,9.388636363636362,4.956759965200764,0.5249636,1
e3e38e56071b174e,106,3,0,122,2,5,0,26.54,10.03,6.33,True,0,Standard Complexity,0.0999999999994543,13.442842105263155,6.278427503956518,0.5249495,1
76e8f6ac9f42e375,72,5,0,301,0,14,19,21.92,19.39,7.85,True,3,Critical Complexity,0.06708203932493267,10.603636363636364,6.107261856423065,0.52481735,1
5a174b76e41b934,173,17,0,40,4,7,0,15.49,12.48,7.12,True,3,Critical Complexity,0.010000000000019327,4.453939393939394,4.200668012816849,0.5246516,1
6820344d711d6c4c,173,13,2,206,3,9,5,17.71,17.05,6.35,True,3,Critical Complexity,0.1565247584249446,7.242931034482759,4.3861270358431375,0.5246311,1
289c463e781390f6,70,6,0,259,3,9,7,28.39,12.63,7.91,True,0,Standard Complexity,0.510392006207033,12.04322033898305,6.649523097638432,0.5245601,1
84fb94b88d5bffcc,106,1,0,589,2,16,13,20.72,19.35,12.66,True,3,Critical Complexity,0.25709920264353,8.16,5.112604628460578,0.524405,1
677a5b8102a270c8,76,5,0,199,7,1,13,32.68,30.47,7.21,True,1,Critical Complexity,0.5604462507680106,15.021475409836063,7.907524293109484,0.52438605,1
9a2020c2751fcf47,90,1,0,499,6,7,12,29.4,25.88,6.31,True,1,Critical Complexity,2.4001874926764524,16.77829268292683,6.126566261637848,0.52425957,1
31a49168aa5090d6,82,12,0,41,4,2,1,19.84,16.24,7.94,True,3,Critical Complexity,0.9425497334359331,6.964615384615386,4.953750894927406,0.52425754,1
eaa725b6fe9ce917,104,1,0,195,4,10,4,25.65,19.18,6.31,True,1,Critical Complexity,1.2272326592782465,12.486031746031744,4.989874362919606,0.52425396,1
6949306f7a581edd,69,7,0,226,0,14,11,21.64,9.94,9.46,True,0,Standard Complexity,0.04472135954995512,10.603636363636362,5.674950977324943,0.5241878,1
e8ae01600fc215fd,45,21,5,16,1,1,0,29.82,29.69,7.14,True,1,Critical Complexity,0.05999999999949068,4.842666666666668,5.931084742458349,0.52413416,1
f32c00f967e3bd9a,49,0,0,226,1,6,5,31.75,24.63,12.59,True,1,Critical Complexity,3.600069443775963,19.62181818181818,7.10548207246304,0.5239747,1
bd98db26895e0722,65,5,0,102,2,4,2,22.22,21.3,6.5,True,3,Critical Complexity,0.38275318418021836,10.064722222222223,5.526400519381244,0.5239271,1
bdd036e60772368f,74,12,0,243,1,7,3,20.91,7.79,8.58,True,0,Standard Complexity,0.18027756377284632,8.604166666666666,5.703984657432225,0.5234522,1
81377988f92aa8fe,68,0,0,234,2,5,5,30.0,11.23,6.32,True,0,Standard Complexity,0.5799999999999272,14.786909090909086,7.077249561473151,0.5233515,1
44dc56e65fc65a82,100,1,0,270,12,8,13,18.0,5.0,6.3,True,2,Standard Complexity,0.8429116205156004,8.204583333333334,5.399864179747692,0.5233003,1
4afef283170cd222,81,2,0,147,3,6,2,24.42,4.2,6.29,True,0,Standard Complexity,0.5554277630794762,10.56551724137931,6.851159270747617,0.52309924,1
b2c31d815b05d8d2,69,5,0,101,2,3,6,21.69,9.48,6.62,True,0,Standard Complexity,0.6802940540676471,11.517391304347827,6.9093064003442075,0.52308637,1
ceb6757217ab9bae,76,7,2,182,3,8,5,21.38,4.58,6.81,True,0,Standard Complexity,0.3354101966248871,8.625428571428571,6.627597859538183,0.5230602,1
b46e0017ffa72646,113,5,1,360,1,4,4,22.62,5.78,8.36,True,0,Standard Complexity,0.060827625304309935,8.236119402985073,5.263049157428052,0.5229504,1
c30eb5d4daf23f2,119,8,4,179,2,5,7,29.32,28.42,8.4,True,1,Critical Complexity,0.07999999999998408,9.246666666666668,5.769953825617537,0.52291036,1
74fcffa8b8f72164,94,4,0,383,0,7,12,24.47,6.41,6.3,True,0,Standard Complexity,1.020784012414066,11.782444444444446,5.836679099760432,0.5229003,1
a4f3b17a1acb1b1,60,4,0,68,2,0,0,32.64,16.81,6.29,True,1,Critical Complexity,0.9360021367496651,8.087272727272728,8.981014410115973,0.52287835,1
887620b22b19e5d7,81,1,0,93,0,10,0,23.1,17.59,6.3,True,3,Critical Complexity,0.2154065922843398,13.8294,5.733623430257693,0.5228696,1
8a7ad2c93f1f8a4f,76,0,0,289,13,10,9,28.97,5.93,6.36,True,0,Standard Complexity,0.25298221281324024,14.00127659574468,6.020931085493402,0.52270013,1
4decf313417b028e,68,7,2,74,0,1,2,21.08,4.85,6.39,True,0,Standard Complexity,0.676239602507857,10.995000000000001,5.3881057980434175,0.5226001,1
63641df76db13f75,76,3,1,251,3,15,6,35.69,24.26,6.28,True,1,Critical Complexity,1.0143470806385873,9.574827586206895,7.043576002380322,0.5223967,1
d46a7aef60732c8b,82,11,0,209,2,12,7,22.44,9.78,13.49,True,0,Standard Complexity,0.9992497185381765,12.823392857142858,6.963559556922459,0.52218014,1
c8ae61358d3a7227,66,11,0,433,0,12,22,21.43,20.21,9.44,True,3,Critical Complexity,0.17262676501623614,10.198478260869566,5.4455785684516185,0.5220437,1
d4e0ae163682fd41,93,1,0,642,5,13,11,22.25,9.02,6.36,True,0,Standard Complexity,1.2975746606659089,14.234857142857143,5.5952808541425965,0.5220345,1
2ae7bd7eb2dc5193,30,1,1,281,2,15,5,34.18,14.4,6.3,True,1,Critical Complexity,3.1742085627762493,14.961666666666666,9.647944369426865,0.52195024,1
adc5d0e80eb0bbab,81,15,0,170,1,5,3,19.56,17.28,6.35,True,3,Critical Complexity,1.1813974775663754,6.844222222222222,5.912526998346209,0.5219476,1
a0557f6dc7cd6eec,96,5,2,166,3,9,3,24.41,16.18,6.35,True,3,Critical Complexity,1.320757358488219,8.70775,6.785545478257441,0.5219392,1
7a9f80629c154251,79,5,0,177,3,10,5,28.22,8.46,6.32,True,0,Standard Complexity,0.6020797289396941,11.316595744680852,7.058609433482629,0.52188545,1
6f38f91f27cb4d9a,101,3,0,240,1,9,8,24.7,11.92,12.59,True,0,Standard Complexity,0.186815416922585,11.860196078431372,6.218955681259902,0.5218663,1
dcf27b9015e42b13,27,2,0,162,2,6,7,37.12,10.45,6.31,True,1,Critical Complexity,1.746453549339117,13.861538461538462,10.290092954767294,0.5218352,1
466dcd3b087bf589,128,16,3,308,2,7,12,28.17,7.6,9.41,True,0,Standard Complexity,0.022360679774672505,5.936129032258065,4.975984699060695,0.5217513,1
be9aa2d2fbc5e47c,119,7,0,166,3,7,3,21.61,12.8,7.42,True,3,Critical Complexity,0.05385164807150718,8.795463917525773,4.9379826050180595,0.521372,1
442d4e3af92abd2d,182,4,0,354,2,10,7,20.28,17.56,6.32,True,3,Critical Complexity,0.17888543819982047,8.420645161290324,4.804965130606834,0.5212372,1
d12854ce3d059b2a,66,0,0,117,3,5,1,26.54,15.47,6.33,True,3,Critical Complexity,0.4176122603565431,10.332195121951221,6.758761075744621,0.5212348,1
8bf546b97590b9a7,114,6,0,289,3,9,8,21.63,6.23,6.36,True,0,Standard Complexity,0.32015621187134413,8.182777777777778,5.3326674642200045,0.52119225,1
2eb8f379ebe427d2,81,15,0,121,1,4,1,19.44,15.82,11.75,True,3,Critical Complexity,0.5185556864985907,6.0683333333333325,5.781210993862406,0.5211911,1
7b24d74b506c94ce,98,5,1,481,3,14,9,20.88,11.4,8.96,True,3,Critical Complexity,1.9163767896740311,10.28216216216216,5.815206131521204,0.5211601,1
861a9048864f3dc5,72,6,1,70,0,4,0,18.46,10.5,7.96,True,2,Standard Complexity,0.058309518948399974,9.06388888888889,5.024809160432407,0.5210174,1
4f446fa5c7439bb3,67,12,0,118,2,5,0,21.24,16.18,7.26,True,3,Critical Complexity,0.21023796041632228,7.889615384615384,6.371318231411546,0.5210049,1
50d1e35eb9d98495,75,4,2,441,2,13,16,27.09,16.06,7.07,True,3,Critical Complexity,0.06403124237430576,10.471707317073172,6.600166998049487,0.5210044,1
e6aa3714e567d9d5,90,2,0,221,1,12,4,20.71,12.83,6.37,True,3,Critical Complexity,0.774919350642254,9.710212765957447,4.792965807443903,0.521001,1
28ce909a8d8d95eb,72,4,0,268,1,7,6,21.96,5.46,7.01,True,0,Standard Complexity,0.45486261662147764,12.444324324324326,6.8290320395731365,0.52099365,1
37998409fd273b5d,86,5,2,332,3,8,12,21.79,6.72,12.57,True,0,Standard Complexity,0.20024984394483708,15.17867924528302,5.358959712388516,0.5209736,1
d26b8155b73ac893,74,0,0,83,6,6,0,32.35,28.88,9.46,True,1,Critical Complexity,9.620862747176199,14.64625,7.0345645520884945,0.52090704,1
b07119aab3140e8f,96,5,0,161,7,13,2,19.33,5.6,6.38,True,2,Standard Complexity,0.13341664064109088,5.0879166666666675,6.1111353140303555,0.5207277,1
9117f80f3651914,97,6,2,370,2,19,3,30.83,8.01,7.34,True,0,Standard Complexity,0.014142135624039643,8.826166666666666,5.361488006037959,0.52060586,1
2cb9b9f168af9322,25,2,0,80,4,0,5,37.94,12.49,6.3,True,1,Critical Complexity,0.1676305461422666,18.23642857142857,9.386163530235692,0.52050704,1
5fd801183ba84767,63,15,9,63,1,3,2,18.9,16.07,7.51,True,3,Critical Complexity,0.0948683298051089,6.263953488372094,5.342889706557802,0.5201716,1
bfdf22aca6981b2e,128,18,0,312,1,11,7,22.77,22.34,7.98,True,3,Critical Complexity,0.18027756377304813,4.146756756756757,4.478789685723235,0.52013713,1
d03c9e96aafde18f,85,196,7,134,4,4,0,18.28,17.42,12.58,True,3,Critical Complexity,0.014142135626612084,2.6171559633027526,2.534715875991967,0.5201167,1
5097dbc5c7f26c98,36,2,0,80,5,0,8,30.07,29.64,12.22,True,1,Critical Complexity,0.3401470270339088,10.794,10.35116341287297,0.5198308,1
91162743f37b72a4,29,3,0,176,2,6,7,33.93,12.3,9.05,True,1,Critical Complexity,1.6007810593576839,15.540625,9.807060255722659,0.5197601,1
5add66116c03d555,75,5,0,159,6,3,3,23.9,18.57,7.6,True,3,Critical Complexity,0.09219544457316563,8.414545454545454,8.357024296746943,0.51974875,1
8510fb90af806031,118,6,0,157,4,6,4,21.11,14.39,6.32,True,3,Critical Complexity,1.0016985574510986,7.381818181818182,5.371877079837321,0.51941055,1
ae178663e6041f11,74,5,0,127,2,6,0,25.0,16.54,6.41,True,3,Critical Complexity,0.16124515496582434,11.104482758620689,6.886942711020264,0.51939726,1
3347d3eac09e54fa,99,0,0,542,2,16,7,35.26,28.82,6.72,True,1,Critical Complexity,1.416756859873975,11.950285714285714,6.4659245215488985,0.51934606,1
ac4962e7830a55de,108,3,1,165,1,7,1,23.4,6.51,6.37,True,0,Standard Complexity,0.11401754251002448,10.200845070422535,5.1569432878972385,0.5192979,1
e4631d29df401835,113,5,0,159,13,6,2,17.49,16.76,6.31,True,3,Critical Complexity,0.09000000000014552,5.9412,5.2174670636238805,0.518864,1
4f360b21f7e89044,141,13,2,232,2,6,3,17.35,8.28,6.71,True,2,Standard Complexity,0.12206555615729586,6.661724137931034,4.583488032556622,0.5187543,1
62893186a45329c8,75,0,0,76,0,6,0,29.01,18.07,18.84,True,1,Critical Complexity,0.6451356446524308,12.743823529411763,4.959942785904528,0.5187297,1
f676c613cece3779,72,0,0,78,1,1,1,21.34,16.19,6.29,True,3,Critical Complexity,2.0919369015339955,9.743939393939394,4.906852314130775,0.5185954,1
34e2fdc2f62e22b9,77,10,0,128,5,1,3,20.5,19.31,11.96,True,3,Critical Complexity,0.20880613017836955,6.9805882352941175,6.113297435617882,0.5184643,1
de49032d3e79e7f8,79,6,0,97,3,8,2,26.45,16.48,6.33,True,3,Critical Complexity,0.12041594578804947,9.271607142857144,5.674980105939238,0.51844704,1
f790b23ff686fc4d,86,5,0,226,2,8,4,26.48,17.84,9.41,True,1,Critical Complexity,1.561185447024156,8.791,7.9976852276143005,0.5182812,1
ba99c6e595b1c6de,76,0,0,390,0,10,19,31.12,19.5,6.33,True,1,Critical Complexity,0.2983286778036357,12.7796,5.460393377770506,0.518255,1
6882a37170b46a49,73,2,3,366,3,16,4,26.84,12.73,7.27,True,0,Standard Complexity,0.08602325267100883,15.091224489795916,6.307092099020173,0.51823545,1
f24bccf2488362a3,70,9,0,369,2,10,3,21.29,2.74,6.78,True,0,Standard Complexity,0.11045361017190596,8.275,5.396238782707822,0.51815826,1
f26a0f0d90c9a693,98,8,1,208,7,6,7,20.32,4.63,7.27,True,2,Standard Complexity,0.06403124237427026,9.06523076923077,6.01112535418025,0.518158,1
5c3625ee81cde418,69,1,0,90,2,2,0,25.55,16.42,6.24,True,3,Critical Complexity,0.08944271909991024,13.651599999999998,7.086390155784538,0.5180324,1
38d883974e9be292,74,5,3,335,0,8,18,28.71,15.76,9.1,True,1,Critical Complexity,0.04999999999972715,10.322830188679246,6.938076068853804,0.5178963,1
380005d558c8842d,90,7,0,349,1,10,21,24.46,9.61,6.46,True,0,Standard Complexity,3.3392813598139357,12.262285714285715,7.959621701604484,0.51783794,1
7b29457bd49730e3,139,3,1,521,4,14,9,25.03,6.77,6.43,True,0,Standard Complexity,4.306947875235437,11.355476190476192,6.652097128110357,0.5176661,1
5069a73a307fafb8,148,2,0,62,1,2,0,16.27,11.7,6.31,True,2,Standard Complexity,0.318276609256823,6.498709677419357,4.659310998444827,0.5174429,1
45979f04e96f327d,79,2,1,269,6,12,3,24.02,23.26,6.29,True,1,Critical Complexity,1.7000000000007276,14.423333333333334,7.196436309421181,0.51741725,1
326d746939b579e0,117,4,0,50,9,5,0,16.09,7.81,9.45,True,2,Standard Complexity,0.030000000000654836,6.846774193548387,4.638289024849972,0.5174031,1
1c6377836812e64c,108,7,0,205,1,12,4,19.47,3.19,6.87,True,2,Standard Complexity,0.7334848328351097,5.558571428571429,5.332847001635912,0.51736134,1
570efa0bda8be0d1,67,2,0,210,1,5,4,32.65,16.06,6.36,True,1,Critical Complexity,0.26476404589772323,12.090784313725488,6.641400998884891,0.51730007,1
485dbffdc269e7ab,79,0,0,219,7,5,10,22.32,15.81,6.32,True,3,Critical Complexity,0.19235384061679264,14.722500000000002,5.414697783194675,0.5172516,1
d4e8320e1c33aa46,94,4,0,429,1,11,12,20.13,15.63,6.31,True,3,Critical Complexity,0.45044422518204597,9.240357142857144,5.653672309811977,0.51714444,1
9f91a01044cd0968,65,3,0,281,6,10,15,25.27,15.62,6.33,True,3,Critical Complexity,1.072007462660516,14.911555555555557,8.836990929686305,0.51711595,1
98cc430ba80cf521,64,5,0,370,2,10,4,28.44,15.34,6.31,True,1,Critical Complexity,0.8612781200053137,12.152702702702703,8.498171074667598,0.5171036,1
fdbd2d064ee462e7,69,3,0,358,1,10,4,23.15,21.77,6.32,True,3,Critical Complexity,0.7707788269024669,9.781509433962263,5.760435778924937,0.51708466,1
448c176438f76fdd,57,15,0,508,26,8,6,18.74,7.82,6.98,True,2,Standard Complexity,0.27513632984420594,9.498717948717948,6.205338140123193,0.51705986,1
947c324a7389c3b7,69,1,0,290,0,13,9,20.72,15.2,6.3,True,3,Critical Complexity,0.4810405388320833,9.7005,5.2286063869830555,0.517039,1
c9b25af32a74a761,74,6,2,87,3,5,2,23.87,6.69,6.3,True,0,Standard Complexity,0.30413812651493527,11.418536585365855,6.0267317361396815,0.5169232,1
539e3b8ec0bff80,72,10,1,172,1,5,3,20.98,9.91,6.29,True,0,Standard Complexity,0.8450443775327917,8.081666666666665,6.082455416103672,0.51687235,1
9c8eb7576dff7353,100,3,0,426,5,8,11,22.98,6.05,6.38,True,0,Standard Complexity,1.2714165328483467,14.871578947368425,7.895199916243509,0.51683474,1
3015ba9a5b14ceb0,97,4,0,187,5,6,13,25.37,13.14,6.3,True,3,Critical Complexity,0.48270073544538183,15.933749999999998,8.348363219068753,0.5165062,1
70dbdb56297d00cf,94,2,0,97,3,5,1,24.45,6.13,6.28,True,0,Standard Complexity,2.822091423040696,11.088823529411764,6.910029268987933,0.51643693,1
bd1c4a2a6bcd4f5f,81,3,0,98,0,5,2,29.86,19.14,6.31,True,1,Critical Complexity,1.4634206503941984,14.345151515151516,7.712599342206673,0.5163931,1
2d4d31abbd0be45e,78,4,0,432,0,13,19,21.81,12.89,8.38,True,3,Critical Complexity,0.5220153254452662,11.286666666666667,5.177164208306134,0.5162254,1
f0f10852d0e8fcd7,105,7,0,416,2,7,20,22.78,8.7,6.41,True,0,Standard Complexity,0.09219544457318413,8.662500000000001,5.919451803933445,0.51612335,1
7704312955cabb65,113,2,0,278,6,19,7,17.15,4.95,6.34,True,2,Standard Complexity,0.7465252842330928,9.087435897435896,5.103811907729419,0.51605105,1
fbb988496316c4e2,64,10,4,185,1,6,3,28.59,9.24,11.48,True,0,Standard Complexity,0.24515301344244866,9.5425,6.6420483474602925,0.5159446,1
11d0182e987aaf59,84,10,0,115,1,4,2,21.58,8.56,6.68,True,0,Standard Complexity,0.0999999999999659,10.34909090909091,6.056884669599253,0.51585424,1
df7fe8bf751c914f,70,7,0,482,1,9,20,22.31,4.44,6.55,True,0,Standard Complexity,1.4579780519606014,9.955714285714285,7.059693755281978,0.5157479,1
5c560c59de4e54cd,81,9,0,166,1,8,3,22.34,9.15,6.63,True,0,Standard Complexity,0.08485281374202717,12.414545454545454,5.409597862670817,0.51573133,1
272a491554033ca5,115,18,0,435,4,27,15,17.52,14.01,6.74,True,3,Critical Complexity,0.036055512754670165,6.619777777777779,5.496056561608065,0.51567304,1
a47ec1ff1278234f,81,0,0,242,0,5,9,19.92,14.53,6.3,True,3,Critical Complexity,0.5590169943742966,10.022127659574469,5.956206466624939,0.51562786,1
fef06156952b06fa,111,1,0,177,3,4,8,31.89,7.99,6.31,True,0,Standard Complexity,2.7917736297917513,11.428695652173914,8.66660321822541,0.5156248,1
3e9e6888fddb4004,156,69,0,216,3,4,0,21.16,19.76,9.16,True,3,Critical Complexity,0.03162277660230215,2.651222222222222,2.846827797070423,0.5155912,1
692d3857fc30d339,65,7,0,109,0,5,0,20.46,11.73,7.83,True,3,Critical Complexity,0.408044115261968,7.841999999999999,5.926327120810759,0.5155526,1
60dae31b371af3e3,74,6,0,217,3,8,7,26.2,18.46,9.73,True,1,Critical Complexity,0.18384776310845882,13.81769230769231,7.09337193750525,0.5153273,1
35b44bce9f9acd9e,65,0,0,350,1,0,10,24.36,12.5,6.3,True,3,Critical Complexity,3.575262228145343,15.551578947368421,7.644140007502063,0.51525575,1
1b09dcb0b804a037,75,1,0,89,0,4,2,22.22,17.41,6.3,True,3,Critical Complexity,0.30870698080847764,13.844516129032256,6.316494453826721,0.5150345,1
7a6d44430853dbf8,64,22,0,213,3,10,6,15.8,14.89,6.47,True,3,Critical Complexity,0.06324555320341792,6.064468085106382,5.518028405420182,0.5149285,1
8417e7c19bda18eb,73,9,1,214,1,5,2,26.44,9.55,8.14,True,0,Standard Complexity,0.3006659275676403,8.162083333333333,5.257750215290652,0.5147931,1
745b73206c53a18a,18,0,0,192,6,5,8,30.32,21.7,6.29,True,1,Critical Complexity,4.325840958703979,19.874,7.197392861307489,0.5147462,1
82abe54cea83c90c,73,41,0,133,3,7,5,19.15,15.97,9.43,True,3,Critical Complexity,0.06708203932533942,3.932666666666667,4.280336772835625,0.51474345,1
de254ec22716de58,68,7,0,204,2,8,7,30.54,18.46,7.1,True,1,Critical Complexity,0.11661903789656598,11.252857142857145,8.516045216087628,0.51450676,1
9230268cdb2714b9,79,15,3,175,1,5,3,23.89,9.55,7.81,True,0,Standard Complexity,0.0854400374530976,8.02627450980392,6.495756672488108,0.5143547,1
3b1979182a588be4,84,4,1,208,5,11,0,24.2,20.27,6.95,True,3,Critical Complexity,0.22135943621187285,9.839361702127661,5.436016769287976,0.51428145,1
ca64085dd2450273,73,8,1,97,3,6,0,18.86,18.14,6.32,True,3,Critical Complexity,0.07615773105865939,8.982826086956521,6.1034180242262535,0.5141929,1
70cd7ffecb80260b,69,1,0,217,2,8,17,27.76,15.64,6.3,True,1,Critical Complexity,1.0932977636489831,17.1588,6.963786510225597,0.5140724,1
f97804364813c297,144,5,2,114,5,6,1,15.49,10.09,6.39,True,2,Standard Complexity,0.10770329614278212,8.283513513513514,4.786534725900338,0.51373386,1
1eed08d4df5a9668,70,9,5,446,0,8,9,24.99,6.54,6.73,True,0,Standard Complexity,0.2662705391138924,11.37298245614035,6.586778880244582,0.5136348,1
81665c8165d4da89,59,3,0,214,11,6,7,26.75,20.29,6.72,True,1,Critical Complexity,1.1943617542437361,17.199583333333333,6.1771436759278595,0.51357603,1
8104f7c5a51b64db,63,4,1,213,9,6,0,24.57,17.19,6.48,True,3,Critical Complexity,1.9764867821458796,12.887857142857145,6.457849979718034,0.51354367,1
8d2db8eb0bf82eaa,86,11,1,94,2,5,2,15.41,9.63,6.44,True,2,Standard Complexity,1.3263860674783796,5.957692307692308,5.152067029315148,0.5133435,1
52b8a0d3d81feb35,76,5,0,483,7,13,7,21.74,10.92,6.67,True,0,Standard Complexity,0.4049691346263452,12.825757575757576,6.469091562051057,0.5132169,1
c5faf96ff41f23d8,98,1,0,271,5,5,5,22.3,5.68,6.71,True,0,Standard Complexity,2.130023474049164,11.629142857142858,7.171654669173464,0.5131678,1
99ef2f0ab703be09,69,5,0,253,2,8,5,22.97,12.22,6.49,True,3,Critical Complexity,0.3605551275464305,13.1434375,7.404288710510534,0.5131306,1
7874e710b65b8739,86,9,2,146,2,6,11,32.51,26.91,6.42,True,1,Critical Complexity,0.6592419889538671,8.953902439024391,5.99741687405616,0.5130279,1
4df8fcd1c30d42aa,91,7,5,361,2,8,5,16.69,14.7,10.51,True,3,Critical Complexity,0.21633307652808403,9.024745762711865,5.093793283998592,0.51301074,1
f9ffbea0c4562c90,78,6,0,209,0,9,3,26.44,15.48,6.4,True,3,Critical Complexity,0.1500000000005457,13.667391304347825,5.93274862422008,0.512887,1
8d477d9e4b1915c3,72,7,7,199,1,10,4,33.51,33.27,9.41,True,1,Critical Complexity,0.019999999999527063,9.012131147540986,6.928047323777836,0.51288044,1
72de36fbfa849b22,90,10,0,340,2,8,6,32.03,31.68,6.55,True,1,Critical Complexity,1.517168415173422,6.56695652173913,7.834551364632577,0.5128284,1
8232016c5911ee52,48,0,0,161,8,4,9,34.88,15.23,6.31,True,1,Critical Complexity,3.64927390038072,22.263023255813955,4.835144852395346,0.5128249,1
3884ba34723a313b,218,28,3,81,6,10,2,15.64,7.99,6.49,True,2,Standard Complexity,0.19849433241276046,3.8286,3.6468210869194007,0.51275194,1
178e6c7321f66abe,69,0,0,375,0,13,10,29.02,18.41,6.35,True,1,Critical Complexity,0.48041648597859,12.934814814814816,5.596855512908396,0.5125628,1
1cbd51b61fba86b7,95,2,1,685,7,18,17,29.01,5.91,6.39,True,0,Standard Complexity,0.9818350166902471,13.176590909090908,6.263569612225132,0.51223874,1
c7cf3d28950dcefc,94,3,1,232,2,6,14,21.32,10.98,12.57,True,0,Standard Complexity,1.186001686339502,11.356756756756756,7.0661442729949036,0.51216686,1
3499398752eea218,84,8,0,60,0,4,0,18.68,17.13,7.07,True,3,Critical Complexity,1.530130713370658,8.456,5.834579676377725,0.5121504,1
bcf1581b7940a094,91,7,0,305,3,7,12,20.03,10.22,6.88,True,0,Standard Complexity,0.39012818406249594,9.32611111111111,5.218551458114375,0.5119672,1
d1c69918086e3cca,107,1,0,221,2,6,3,26.47,25.97,6.3,True,1,Critical Complexity,3.1840226129848563,14.82017543859649,6.611629438260316,0.5119292,1
fb6fb153771aca4e,74,11,0,233,1,9,7,22.69,19.88,10.93,True,3,Critical Complexity,0.30594117081531114,7.934492753623192,5.4040244091940295,0.5117575,1
f89de1add5f96dde,57,1,0,74,1,0,4,36.63,18.39,6.28,True,1,Critical Complexity,0.23086792761228106,15.546285714285714,7.454382444753761,0.5117112,1
df5e0c23cc5ba40e,68,7,0,248,3,6,4,32.58,12.03,6.29,True,1,Critical Complexity,0.34713109915406987,13.290892857142856,6.017394807907712,0.51170063,1
30f4d324b311dfdb,122,2,0,249,3,11,9,23.52,6.1,6.29,True,0,Standard Complexity,1.720465053408779,10.779354838709677,8.34614453601332,0.51156515,1
f7b7f767ff66f934,64,0,0,130,8,0,0,22.62,2.51,6.3,True,0,Standard Complexity,0.036055512754922414,14.570740740740742,7.271221776150815,0.51150185,1
fe7d082b85f02acc,73,1,0,226,1,6,8,23.75,15.94,6.3,True,3,Critical Complexity,0.9860020283959018,9.863714285714286,6.633074738746423,0.5114316,1
7c6a2a9a8e136ec7,74,7,2,129,0,5,4,23.52,22.99,6.34,True,3,Critical Complexity,0.20518284528684755,7.830454545454546,6.5280614394339755,0.5111581,1
b05858d1b9722c07,72,3,1,22,4,4,0,19.97,19.67,6.31,True,3,Critical Complexity,0.3613862199917446,6.900740740740741,5.266156744601376,0.5108748,1
b3ff447b666b05c9,114,25,5,243,3,14,11,14.95,7.64,7.46,True,2,Standard Complexity,0.022360679775079245,5.858,4.777186340654228,0.51084214,1
f2d9903c893296,78,5,0,334,3,11,12,33.26,27.13,6.31,True,1,Critical Complexity,0.21377558326417825,13.175076923076922,7.099105495781612,0.5106365,1
40b7982f7646c713,56,41,0,82,1,6,0,24.82,12.46,10.76,True,0,Standard Complexity,0.03605551275480417,5.659850746268657,5.450846707482205,0.5105984,1
40527b346811beed,105,1,0,162,2,6,0,29.24,15.27,18.83,True,1,Critical Complexity,1.0728000745713848,13.308444444444442,5.109254546868002,0.51040024,1
5346c8a8708031a8,134,4,2,127,5,2,7,21.73,8.29,7.28,True,0,Standard Complexity,2.349553149005166,10.369142857142856,5.54025753471988,0.5102508,1
d2372aee8adee82c,73,3,3,218,1,9,1,27.55,14.02,6.41,True,3,Critical Complexity,0.740945342113734,13.89742857142857,8.20558393251019,0.5102148,1
6abc7bd6c0959ce4,76,2,2,356,3,14,4,32.18,26.62,6.74,True,1,Critical Complexity,0.07211102550959257,13.392058823529412,5.73367466578026,0.50999993,1
c46c421e7d858175,21,0,0,319,6,10,17,25.29,15.87,6.35,True,3,Critical Complexity,2.765375200583233,13.905333333333333,9.192268393722095,0.50987303,1
d85b75387ec95e40,38,1,0,107,5,2,5,33.64,9.96,6.31,True,0,Standard Complexity,2.0429635336932335,14.425833333333332,10.557686345607271,0.5098135,1
ff1ca56cc9cd8cbb,92,20,0,346,4,21,8,20.19,13.35,6.95,True,3,Critical Complexity,0.02828427124711462,6.295882352941177,4.720669268133529,0.5093908,1
96c9d42cc00aca03,82,8,0,555,6,7,9,24.12,12.91,7.91,True,3,Critical Complexity,0.050990195135658514,13.048846153846151,5.792823362989148,0.5093776,1
b661cd8cc4530a33,68,26,0,124,0,6,1,33.2,21.42,7.39,True,1,Critical Complexity,0.030000000000086402,6.6499999999999995,6.449600312115978,0.5089084,1
1d07087792ea0c91,96,9,0,162,1,3,11,22.22,5.35,7.62,True,0,Standard Complexity,0.028284271246471513,13.38888888888889,6.619188103263458,0.5087167,1
e3bade7f45da71be,77,2,0,180,0,10,4,21.95,12.26,6.35,True,3,Critical Complexity,0.277848879789529,10.517551020408163,5.308258306393625,0.5086082,1
b69141f7ffa65352,58,19,1,372,1,9,11,36.07,25.69,8.85,True,1,Critical Complexity,0.06082762530318853,10.340689655172413,6.940866452438243,0.50846374,1
6af8334aa6cebf69,64,4,0,542,9,3,26,25.3,5.56,6.61,True,0,Standard Complexity,1.965731416038259,14.245172413793103,8.08805659309034,0.5084343,1
d0fa3d18633433e8,84,6,0,372,3,16,9,24.48,6.13,6.31,True,0,Standard Complexity,0.05000000000001137,10.327894736842106,7.4464326174190125,0.5084015,1
84758eaddbd1687,215,19,0,70,8,10,0,19.59,17.73,6.34,True,3,Critical Complexity,2.3124445939308824,4.292200000000001,3.8736965756238577,0.508251,1
3b0ff5a5f937a414,89,18,0,231,0,7,5,22.66,20.35,8.59,True,3,Critical Complexity,0.041231056256194255,6.368055555555555,4.609411458843047,0.5081921,1
80cb70098f854485,68,0,2,98,3,0,5,21.0,13.59,6.3,True,3,Critical Complexity,0.22022715545571672,10.579166666666667,6.26653695566113,0.50817454,1
41b4d23dd8af597b,65,7,0,341,1,7,15,22.15,16.74,6.3,True,3,Critical Complexity,0.3736308338453769,14.114375,6.510615660292172,0.5079522,1
424a2c6e7fdfa447,48,0,0,139,3,5,0,30.6,16.43,6.3,True,1,Critical Complexity,3.7872417403690837,22.866129032258065,5.274888580030651,0.5077464,1
574dbaa6a65a0df,69,0,1,114,0,5,3,30.55,14.25,6.29,True,1,Critical Complexity,0.43185645763492964,13.743396226415094,5.933884770169213,0.5077334,1
6de98b7f1acea578,82,1,0,293,4,11,3,23.34,10.87,6.45,True,0,Standard Complexity,0.3712142238653742,13.982622950819671,5.383809944042566,0.5077242,1
85fbeb37adfe9ca,78,9,1,94,7,4,1,17.68,4.54,9.5,True,2,Standard Complexity,2.1213203435597454,7.133846153846155,5.70626112058775,0.5076296,1
bdcfeb57a681664d,102,7,0,89,0,4,0,16.31,6.87,6.57,True,2,Standard Complexity,0.08062257748291217,8.930851063829786,4.879227280026873,0.5075648,1
ae4c01cb8fb34ddf,107,5,0,22,4,4,0,20.0,9.49,7.29,True,0,Standard Complexity,0.18027756377314902,5.807777777777778,5.075597635552358,0.5075322,1
cec68fd9dd8ab84b,88,14,0,385,2,5,19,21.72,9.61,7.44,True,0,Standard Complexity,0.16552945357234197,8.620000000000001,4.9412843380128315,0.5074991,1
8d631fad27a911eb,41,0,0,75,0,2,0,31.31,7.28,6.3,True,0,Standard Complexity,1.734156855650649,23.858999999999998,7.277340448268172,0.50729483,1
3352b0441c709242,67,7,0,95,0,5,1,18.26,4.78,6.5,True,2,Standard Complexity,0.5772347875863887,8.434102564102565,5.378940281652434,0.5072011,1
dd283fa034a80b30,69,7,1,133,2,3,2,21.82,11.73,6.77,True,3,Critical Complexity,0.04242640687115427,10.827500000000002,5.810952768981463,0.5071257,1
55900541a7b3e209,94,4,0,63,6,8,0,18.28,6.02,6.34,True,2,Standard Complexity,10.666292701778529,6.890000000000001,5.538411324558695,0.5071166,1
8b94289168ba01d0,58,7,0,401,0,12,21,30.05,26.39,6.72,True,1,Critical Complexity,0.1486606874728816,11.8326,6.759839290989099,0.5070969,1
355d3d426c79c2b3,72,0,1,112,1,4,1,24.76,13.46,6.32,True,3,Critical Complexity,0.7467261881038708,14.218723404255318,5.8873161956297695,0.50703084,1
f02057bb9495babd,126,8,2,121,6,10,5,23.28,9.95,7.44,True,0,Standard Complexity,1.0447966309287233,9.046805555555556,4.924162598404392,0.50690067,1
1056b41d43e680c2,63,5,0,142,4,3,1,25.12,16.35,7.33,True,3,Critical Complexity,0.3001666203963072,14.312758620689657,6.6563927771582865,0.506491,1
3eb9070b5d2f1ce4,134,1,0,451,3,10,13,20.7,5.31,9.45,True,0,Standard Complexity,0.230217288665047,11.730909090909092,4.587789435101228,0.5064552,1
4cac5df06f257e4d,55,70,7,101,0,12,0,17.61,13.6,9.93,True,3,Critical Complexity,0.010000000000218279,3.288842105263157,3.6494769237761338,0.506432,1
8835ecdf7b06c808,62,0,0,132,4,5,5,29.89,7.08,12.57,True,0,Standard Complexity,3.4070074845835276,20.713953488372095,5.70845767445923,0.50632155,1
4f535ca1935033fc,66,42,1,150,3,3,5,18.84,15.47,6.95,True,3,Critical Complexity,0.2692582403567336,4.337619047619048,4.349997523913076,0.5060827,1
5312cd4ea9b1e807,76,2,0,445,1,10,12,25.4,4.8,6.3,True,0,Standard Complexity,0.20124611797500142,16.08468085106383,7.837328260309509,0.5059414,1
340d2762bb7f8fee,90,2,0,237,2,8,11,24.4,9.15,6.3,True,0,Standard Complexity,3.9121605284036822,17.34896551724138,6.915636627551232,0.50560665,1
a22989b0c7b0d1d9,63,10,0,334,2,8,5,31.79,13.77,6.37,True,1,Critical Complexity,0.08485281374166542,9.425,7.315838981278907,0.50539964,1
8f2d6e4d05692739,63,10,0,215,1,9,3,27.37,14.94,6.87,True,3,Critical Complexity,0.1000000000001819,8.543870967741936,6.951639712544667,0.50538075,1
e86a31356eb7bf77,94,3,0,320,2,8,8,22.34,8.21,7.23,True,0,Standard Complexity,0.24999999999992725,9.273265306122449,6.221176602329157,0.5049006,1
48024f96c027fafe,78,7,0,363,2,17,10,31.02,12.28,6.93,True,0,Standard Complexity,0.44045431091143344,9.041142857142855,7.933071381944096,0.5047891,1
43803db6759268bd,87,1,0,129,1,5,3,27.94,9.31,9.13,True,0,Standard Complexity,2.689014689435521,10.0136,7.3362551100680795,0.5047858,1
c5b298c2537ec714,87,7,0,489,1,9,11,23.0,10.33,6.77,True,0,Standard Complexity,0.06999999999970896,9.25063829787234,5.9862464367152874,0.5045506,1
c1348c5348658df3,65,7,0,419,3,13,8,23.91,5.08,9.87,True,0,Standard Complexity,1.1905040949110095,10.334782608695651,6.594038723868056,0.50452435,1
242df053e13a4af1,57,4,2,396,3,16,5,25.42,8.33,6.3,True,0,Standard Complexity,0.5408326913195731,13.6904,8.35007424158612,0.5044542,1
602b1f2129096d02,51,4,0,210,11,13,10,30.5,27.05,6.35,True,1,Critical Complexity,0.13152946437976415,13.407941176470588,7.285712359459101,0.5043951,1
3604f5feb634ca22,75,6,0,92,5,6,0,22.0,16.35,6.37,True,3,Critical Complexity,1.2763228431709437,8.408333333333333,6.366204498932015,0.5043364,1
309c2f897471a211,68,2,0,168,0,10,6,24.81,18.73,8.11,True,3,Critical Complexity,1.0694391053254961,12.137600000000003,6.981437261767809,0.50409377,1
26f5599f1906cf59,79,14,7,474,2,9,10,24.62,6.4,6.98,True,0,Standard Complexity,0.014142135623878865,9.646875000000001,6.939764467139717,0.50388145,1
19dd1f40be2633b7,81,45,4,291,8,8,12,22.23,11.54,8.44,True,0,Standard Complexity,0.09899494936602662,5.415121951219513,4.762949548311639,0.5038269,1
bdca1d384aed612f,73,4,2,322,5,9,14,29.6,22.01,7.71,True,1,Critical Complexity,0.10630145812710008,13.087857142857143,8.64671133071613,0.50374466,1
47e373d796474f0a,66,13,4,221,2,8,1,25.64,19.31,10.41,True,1,Critical Complexity,0.06403124237431464,9.529811320754716,5.96498477455111,0.50363314,1
f7d826afcad4966e,123,4,3,205,4,8,2,23.04,10.0,6.32,True,0,Standard Complexity,0.7102816342831784,10.249148936170213,5.923260254424737,0.5033945,1
7f0acc879a008ace,32,2,0,178,9,3,13,33.73,13.13,6.32,True,1,Critical Complexity,0.20099751242314565,16.474736842105266,8.60693806330014,0.5033533,1
1b08ae04df75800a,80,8,1,415,4,16,9,26.11,18.28,7.18,True,1,Critical Complexity,0.020000000000436557,13.229411764705883,7.367003650822642,0.50324446,1
8afa4c6169d19788,108,1,0,234,1,3,4,18.64,8.26,7.52,True,2,Standard Complexity,0.3157530680773322,7.822272727272726,4.926318403892396,0.5032227,1
f4955eae2017ca38,71,6,0,220,0,10,3,19.71,7.07,6.49,True,2,Standard Complexity,0.4252058325091704,9.019166666666667,6.093983998356266,0.5031629,1
7c183edf600d9ae7,65,5,0,400,0,7,13,27.04,14.59,9.35,True,3,Critical Complexity,0.2765863337188187,9.893658536585365,5.436921544716525,0.5028837,1
c019635deecaf786,71,13,0,216,5,20,0,19.15,17.98,6.67,True,3,Critical Complexity,0.060827625302964254,5.315185185185185,4.964571049592018,0.5027774,1
14fff0bc737e18d,110,2,0,150,2,4,7,26.5,15.45,6.31,True,3,Critical Complexity,3.612478373638057,10.942258064516128,7.282119378524368,0.5025524,1
9e61df64bb9c8e17,84,7,0,91,0,6,0,18.21,14.08,7.37,True,3,Critical Complexity,0.8005623023850887,9.096774193548388,5.297972458858001,0.5023987,1
5a6e41b554bbe602,124,20,0,240,4,10,10,18.87,18.55,9.58,True,3,Critical Complexity,0.0948683298048213,6.4963235294117645,4.268062621657225,0.5023202,1
3abaab8d91e5d61b,120,0,0,111,5,6,1,18.17,12.48,6.34,True,3,Critical Complexity,1.2501599897613103,10.240263157894736,4.83161108950437,0.5022399,1
e34bcacbaa09f4db,77,7,0,311,1,8,9,23.83,15.93,9.45,True,3,Critical Complexity,0.31575306807696135,9.461525423728812,5.779345401194047,0.5021857,1
a4d315d6d0730515,71,3,0,394,4,11,12,36.48,23.43,6.4,True,1,Critical Complexity,0.4743416490259759,15.175909090909089,8.31609975184549,0.50210375,1
4d4b548c02d6dbf0,79,4,0,212,1,5,4,29.8,7.0,6.31,True,0,Standard Complexity,1.0140019723848999,11.735555555555553,6.626987435414059,0.501905,1
516dd07f27cb4381,77,13,0,316,4,0,7,21.29,15.84,8.91,True,3,Critical Complexity,0.468614980554155,6.1472727272727266,5.860786105472941,0.5017453,1
92bed268395c3818,71,23,1,169,2,13,2,15.61,6.36,7.9,True,2,Standard Complexity,0.04472135955019662,5.449423076923076,4.7951932717371895,0.5016547,1
9b592afa9eb91ebf,78,0,0,235,2,8,0,26.6,8.81,6.31,True,0,Standard Complexity,0.1886796226412015,10.57950819672131,5.642576270751179,0.50146705,1
d6faa2b46f15334a,64,6,2,372,2,12,12,28.5,15.21,6.37,True,1,Critical Complexity,0.5331041174111233,11.224705882352943,6.887235095917373,0.50141263,1
a4b329c1ac2bdb10,60,17,1,354,2,10,12,28.71,9.17,7.12,True,0,Standard Complexity,0.07999999999992724,11.563333333333334,7.638675956628241,0.5014038,1
2a68d7de5b6d97,84,14,0,511,1,9,14,23.59,10.53,6.47,True,0,Standard Complexity,0.31320919526753255,7.78102564102564,7.165076911882293,0.50097275,1
14f43ff4df4af258,63,9,0,217,3,5,4,26.29,11.63,7.12,True,0,Standard Complexity,0.15620499351863149,13.523636363636365,8.11262167324615,0.5009501,1
adc9653448425fd5,113,2,3,241,5,8,5,23.58,5.82,6.38,True,0,Standard Complexity,0.7218032973047297,9.0958,5.390065710174599,0.50094366,1
f3c652ef9f8abea1,81,11,0,231,0,7,13,17.37,10.48,8.68,True,2,Standard Complexity,0.18027756377322468,8.275833333333333,5.537998723466005,0.5008353,1
2d303ea4b8eda7e8,69,4,0,98,0,5,6,19.5,18.48,6.28,True,3,Critical Complexity,1.7401149387324943,9.765238095238095,6.519674706351843,0.5007936,1
7dc79332dca4ffce,71,3,0,222,6,7,5,22.77,7.97,6.3,True,0,Standard Complexity,2.0206187171260055,12.015384615384615,8.097559571001447,0.5007916,1
70ba444a0ee629af,84,0,0,144,4,2,11,28.2,12.59,6.32,True,0,Standard Complexity,0.7940403012441691,15.881499999999999,8.367621690181744,0.5007103,1
2ac28867d99713df,65,0,0,236,5,6,13,23.69,3.39,6.22,True,0,Standard Complexity,0.34438350715444177,13.732812500000001,7.41626642690537,0.50061715,1
53d29b72b7c3b667,81,6,0,280,2,9,2,26.92,6.48,9.4,True,0,Standard Complexity,0.05000000000011369,9.531206896551724,5.766350389914126,0.50053716,1
890d3824a88f8353,61,2,0,269,6,3,19,26.97,15.13,8.89,True,3,Critical Complexity,4.125396950597404,16.754444444444445,8.457705377164281,0.5004681,1
5ccf2db9bdae6aea,80,5,0,415,0,17,10,23.9,6.1,10.4,True,0,Standard Complexity,0.053851648072520505,11.48555555555556,6.071656271277484,0.50037384,1
4a9283aac37f9330,55,1,2,41,0,0,0,34.6,5.69,6.29,True,0,Standard Complexity,0.13038404810417853,13.28103448275862,9.352719628380122,0.5000941,1
7fc10e5602ce3400,78,10,1,452,6,11,10,23.55,22.28,12.57,True,3,Critical Complexity,1.0186265262600889,8.354634146341464,6.803798830409941,0.5000808,1
139215250fdc67aa,62,88,0,70,0,7,0,17.76,14.51,9.59,True,3,Critical Complexity,0.04472135955015849,3.8548739495798316,3.4297813011950575,0.50001174,1
2b9066eed65a4477,59,6,1,96,7,2,0,25.01,17.13,6.28,True,3,Critical Complexity,1.6426807358706137,12.631739130434784,8.362447453360048,0.4998797,0
5e9bbb3781e1f224,65,4,1,178,3,2,9,26.49,4.84,6.73,True,0,Standard Complexity,0.2785677655436902,9.427878787878788,7.104697872822989,0.4995135,0
d8097a556fe46e21,90,5,0,110,1,6,1,29.72,6.18,6.34,True,0,Standard Complexity,0.03999999999996362,9.101851851851851,5.211181380978744,0.49939325,0
46b3cbd855153914,83,5,0,247,4,8,10,21.79,9.94,6.74,True,0,Standard Complexity,0.6161168720303146,12.36439024390244,6.885694625951404,0.49914333,0
8c3291d8752e91d2,73,5,1,415,4,12,13,19.13,13.23,12.56,True,3,Critical Complexity,0.05830951894894589,9.799687500000001,5.861576944589549,0.4991182,0
281a8c4debb366b4,120,0,1,120,4,4,1,16.42,2.01,6.3,True,2,Standard Complexity,3.2842198464779804,8.419999999999998,6.265509898301517,0.49899745,0
5d9a44e6d1cdd3ed,121,9,0,148,13,26,1,18.03,14.18,6.31,True,3,Critical Complexity,1.508641773252603,7.439615384615385,4.838938202642609,0.4989306,0
5127b9217d46cf09,141,2,0,376,9,26,12,29.9,16.0,6.33,True,1,Critical Complexity,1.2836276718738966,14.213571428571427,8.731657187779303,0.49865004,0
903f0fd7bf4a17cb,206,20,1,305,10,10,6,23.44,6.92,7.49,True,0,Standard Complexity,0.03162277660176738,4.273548387096775,3.800901886511213,0.4986492,0
16a242fb3991a691,64,0,0,303,1,6,6,29.13,9.15,12.57,True,0,Standard Complexity,3.679266231193544,20.627499999999998,6.36862867892296,0.49863237,0
c6700dd3a0f31bf3,75,3,0,89,0,4,7,20.53,3.34,6.59,True,2,Standard Complexity,0.3584689665792414,13.44711111111111,5.905010159826511,0.4986029,0
1cba9c2447350596,115,2,2,125,3,9,5,27.17,6.7,9.31,True,0,Standard Complexity,0.48703182647535337,7.391000000000001,5.563879551775601,0.4984924,0
dd67f213e1ebedaa,122,16,0,119,2,8,1,19.93,3.75,7.93,True,2,Standard Complexity,0.0,6.929166666666666,4.9970672371124065,0.49847284,0
9888bd56f4a3a252,70,0,2,195,3,12,0,24.89,23.43,6.32,True,1,Critical Complexity,0.3981205847481938,9.585128205128203,4.95709068511829,0.49838933,0
47e5156ea7b263b,86,2,0,381,0,7,7,25.27,21.9,6.36,True,1,Critical Complexity,0.044721359550971965,9.498813559322034,4.867044167802627,0.4983261,0
acabb64e8ab39413,78,1,0,460,6,11,16,24.78,7.12,6.29,True,0,Standard Complexity,3.128274284649921,12.832083333333335,9.077303646626323,0.498236,0
ad3e7146463f6cb9,69,4,4,73,4,4,2,23.75,6.43,6.33,True,0,Standard Complexity,0.29732137494652794,10.688400000000001,5.848668689539526,0.4981923,0
837bd24a4f276006,84,11,0,384,7,7,6,23.74,9.76,7.02,True,0,Standard Complexity,0.050990195136149025,8.053281250000001,5.708280458763255,0.49817628,0
948b032bc7e61729,103,14,0,214,1,6,9,18.02,16.01,7.24,True,3,Critical Complexity,0.014142135623878865,7.69769230769231,6.1651354141297015,0.4981612,0
e755e77fc58536d8,77,10,2,175,1,5,3,17.4,11.69,6.29,True,3,Critical Complexity,0.1702938636593361,7.5064864864864855,5.797148048226872,0.49816036,0
89b07d9bc5d8df7a,111,0,0,327,5,9,9,23.79,14.03,6.29,True,3,Critical Complexity,5.279109773435774,14.044482758620687,6.048888519279244,0.49798948,0
9a3047a3d56f0be,79,6,0,187,3,6,7,29.95,19.22,7.05,True,1,Critical Complexity,0.45650848842054875,9.434883720930232,6.349535552358552,0.49797937,0
95aee58d4e5deb4b,74,7,0,44,6,1,1,16.85,16.5,7.93,True,3,Critical Complexity,0.7496665925596925,6.3295,4.966408637033405,0.49796525,0
117e55010b56393f,81,16,6,86,2,4,1,17.47,5.13,7.24,True,2,Standard Complexity,0.9823441352196889,6.099268292682926,5.292951313865061,0.49778008,0
2d471b798e72a09e,50,35,7,183,1,7,7,19.12,12.43,8.5,True,3,Critical Complexity,0.036055512754882994,8.428933333333335,6.599254417146093,0.49763238,0
d07901bfa81959fe,62,5,1,205,6,15,4,26.35,8.24,6.3,True,0,Standard Complexity,0.38078865529356565,13.257647058823531,7.940576752953791,0.49746436,0
da0829060c5f1952,87,1,5,182,1,6,3,34.37,33.72,6.31,True,1,Critical Complexity,0.6529931086926968,8.749795918367347,5.96694516919908,0.49714547,0
de3487a54348f492,103,0,0,179,0,7,5,23.19,3.82,6.3,True,0,Standard Complexity,2.760615873315292,8.372,7.52657319103455,0.4971117,0
ea3d7652e176db96,78,3,0,272,2,14,4,21.35,7.08,6.47,True,0,Standard Complexity,0.13038404810404775,10.33962962962963,5.827542510756797,0.49691835,0
38b4a6ccaa68cbd1,67,5,0,459,0,14,14,20.51,9.22,6.55,True,0,Standard Complexity,0.5199999999999468,9.577027027027025,5.271709228367848,0.49679053,0
a5923fc33b1d9b0a,70,8,0,316,5,7,8,21.27,8.68,6.74,True,0,Standard Complexity,0.6841052550598576,10.38195652173913,7.262039664244899,0.49661323,0
e25430a3165a7179,98,17,0,440,2,8,9,21.03,13.02,8.52,True,3,Critical Complexity,0.2308679276116606,7.964461538461539,4.78542113917782,0.49649295,0
163a0e94bc300af8,76,2,0,222,2,10,9,22.15,4.16,6.31,True,0,Standard Complexity,0.16278820596108645,15.067954545454546,5.664478464136055,0.49647757,0
ed0211137c9c9b3c,70,0,0,737,10,20,1,22.69,9.02,12.64,True,0,Standard Complexity,1.7611927776367686,12.35677419354839,7.977020782341906,0.49638966,0
c9230c674eec0196,219,18,0,89,0,7,2,13.26,3.33,6.76,True,2,Standard Complexity,0.060827625302814735,4.206734693877551,3.735881388098288,0.49628228,0
6f8e4f859f461743,26,0,0,79,4,0,7,32.75,10.84,6.24,True,0,Standard Complexity,1.6700000000000728,20.77352941176471,6.024181605317093,0.49603602,0
333bd04ae1fa3e7c,55,2,0,408,0,23,4,31.04,20.71,6.5,True,1,Critical Complexity,1.4445068362591549,16.14037037037037,7.721481090645509,0.49600175,0
93593e7668ba65c,80,1,0,201,3,12,4,29.45,7.94,6.34,True,0,Standard Complexity,0.2360084744247232,16.54298245614035,6.491919394196514,0.49591509,0
a7ec7d37353e599e,90,2,0,135,2,8,3,18.79,4.55,6.28,True,2,Standard Complexity,0.9914131328563602,10.372068965517242,5.271881414676944,0.49589247,0
3a2d28c28585898f,71,5,2,346,0,10,11,26.45,9.68,9.09,True,0,Standard Complexity,0.595399025863401,11.765,6.281017035480798,0.4958493,0
13d58247f15e99fd,30,93,14,221,6,18,6,19.86,16.29,7.48,True,3,Critical Complexity,0.03162277660151123,3.1568067226890753,3.847983851180563,0.4957242,0
ab9b6c752c8aa2fe,34,1,0,564,6,11,13,35.93,15.17,12.54,True,1,Critical Complexity,1.5505160431285732,17.745217391304347,6.773206080204185,0.49557805,0
33db929ff0feb764,55,2,0,51,6,0,0,19.18,18.23,6.32,True,3,Critical Complexity,5.211621628628742,8.711666666666666,6.715699061816937,0.49541497,0
8c1c1b4de50e1c94,67,10,0,193,3,4,9,21.59,6.96,6.32,True,0,Standard Complexity,0.7102112361829539,9.355862068965518,7.623203018209412,0.4951262,0
695983298c625c1b,65,6,0,214,1,10,5,21.05,13.18,6.61,True,3,Critical Complexity,1.3853880322856478,9.5496875,6.474702447012044,0.49504882,0
429a61e47c8474b2,63,3,0,371,5,12,9,22.6,8.13,6.29,True,0,Standard Complexity,0.13038404810417853,14.441052631578946,7.744553192736471,0.49502504,0
518535aa07bece82,112,0,1,519,13,10,8,26.48,16.32,6.3,True,3,Critical Complexity,3.192647803939636,18.137777777777778,3.5476069485962496,0.49496773,0
396bad79667d18ba,62,3,0,59,0,6,0,28.23,13.41,6.33,True,0,Standard Complexity,1.2034118164620704,15.213076923076924,7.736531109577951,0.49494797,0
4ddfc853025b0d63,70,3,1,246,2,8,0,23.61,7.89,6.34,True,0,Standard Complexity,0.3492849839316888,10.783181818181818,5.360517602521434,0.49471924,0
47fb0054e3051aa4,76,6,2,159,3,3,1,27.67,12.25,6.54,True,0,Standard Complexity,0.22090722034365753,11.330892857142857,5.907543989554408,0.49467245,0
22ebdcde566bcbae,79,4,6,183,0,14,0,23.39,17.84,6.31,True,3,Critical Complexity,0.12806248474871806,11.616216216216216,5.1325913329514545,0.49466148,0
129d5308a7d6b691,98,1,0,406,2,7,7,27.92,26.4,6.36,True,1,Critical Complexity,0.14317821063233158,10.398243243243241,4.953427521535264,0.49458367,0
84204865e30f883d,85,2,1,148,1,9,4,23.72,13.19,6.39,True,3,Critical Complexity,0.1303840481037807,11.835102040816325,5.626331360791364,0.49457213,0
b4b391a017f34b00,110,10,0,65,0,4,0,24.62,15.56,6.68,True,3,Critical Complexity,0.06324555320345387,9.32388888888889,4.5334928144605495,0.4945538,0
37c5b0ddd6efd2a7,72,9,0,147,2,9,7,27.29,23.39,6.34,True,1,Critical Complexity,1.1800423721206101,9.431794871794873,5.771620610430222,0.49447447,0
42c9503e88a481e2,76,3,0,125,1,6,0,29.41,9.81,11.18,True,0,Standard Complexity,0.4860041152089686,16.245,7.220536550487302,0.49445412,0
c1b5990aff84d6bf,68,2,0,122,0,5,2,20.31,4.42,6.28,True,2,Standard Complexity,0.16999999999984539,11.153703703703703,7.091152102051594,0.49417508,0
1811cf1950b8d734,71,3,0,264,6,18,6,22.75,3.92,6.33,True,0,Standard Complexity,2.1100947845996867,13.730526315789476,6.84385507989252,0.49364173,0
aa23294cb0aa9dd9,64,5,0,158,0,8,8,26.27,25.11,6.34,True,1,Critical Complexity,0.7071067811857243,10.584347826086956,6.855183266561694,0.49350885,0
5b19d3459349b1f7,68,2,0,424,11,8,4,23.2,3.32,6.36,True,0,Standard Complexity,0.11401754251040835,7.185652173913042,6.223513495353176,0.49340376,0
77198bbdffdc8b70,91,1,0,495,6,11,19,26.56,3.92,6.29,True,0,Standard Complexity,4.441733895675812,16.963,8.15490410734547,0.49335015,0
9cdbbd6ad155c52f,69,11,4,315,3,5,8,24.27,8.58,6.71,True,0,Standard Complexity,0.1360147050873394,11.10294117647059,6.109785800333065,0.49277642,0
2053b4cca4025cf1,72,0,0,119,1,4,2,34.75,18.29,6.47,True,1,Critical Complexity,0.1081665382638686,10.72875,5.7515912200451105,0.49272072,0
324770a4a1cc12bd,85,10,4,113,0,4,1,20.77,16.71,6.37,True,3,Critical Complexity,0.009999999999990905,8.451875,5.922154962599481,0.49259448,0
a2e1786ee1cd2507,55,11,0,67,0,6,2,21.27,5.37,6.37,True,0,Standard Complexity,0.15811388300933932,11.260833333333332,7.514662103366842,0.49238756,0
83aec81d78a738d9,72,13,0,115,8,12,3,21.19,19.84,11.79,True,3,Critical Complexity,0.07999999999992724,7.694782608695652,4.906289990866841,0.4922406,0
1e695083fe42d084,70,133,4,222,13,17,10,20.97,10.28,9.81,True,0,Standard Complexity,0.03162277660158313,2.997682926829268,2.9731086624906258,0.49220952,0
f8b886fbb0c2fafb,111,2,0,405,0,7,17,21.65,12.16,6.36,True,3,Critical Complexity,1.884091292904723,11.776857142857141,4.782523405321607,0.49189845,0
23bda5f026ed6087,79,3,0,389,0,13,9,24.5,9.4,6.35,True,0,Standard Complexity,0.2920616373305813,10.327090909090908,5.2152010935611095,0.49189073,0
8d4a889c1d07cdf7,80,3,0,517,4,19,8,22.87,4.29,6.46,True,0,Standard Complexity,0.22022715545526245,12.257407407407412,6.486911947282542,0.49176776,0
e4d90929ba434efd,62,0,0,43,0,0,0,31.97,8.64,6.29,True,0,Standard Complexity,0.12041594578783232,15.966721311475412,7.698737755027987,0.49165687,0
cd677612c404543d,49,21,0,100,1,8,0,25.02,21.43,10.99,True,1,Critical Complexity,0.5000999900018583,7.080869565217389,6.047509306241184,0.49164176,0
d21d16d80328e844,75,0,0,147,0,8,7,23.79,7.9,6.28,True,0,Standard Complexity,0.2983286778034223,12.968055555555557,5.662966840919875,0.491475,0
fd7beb0589b80226,92,15,0,111,2,11,0,22.03,14.93,10.62,True,3,Critical Complexity,0.12649110640683583,7.9976363636363645,4.557652491294719,0.49144226,0
b5733160310fc93c,75,3,1,226,7,5,13,26.89,7.64,6.33,True,0,Standard Complexity,2.6000192306984764,16.56,6.729063827903552,0.49140364,0
5d8a6986ce00e6e1,66,1,0,237,4,18,3,21.4,11.3,6.3,True,3,Critical Complexity,0.7223572523343886,9.091304347826087,5.865416923798435,0.49130327,0
f82522236e540fcc,71,2,0,273,0,10,2,19.66,6.48,6.29,True,2,Standard Complexity,0.11401754251040835,10.674999999999999,5.104770527933369,0.49128905,0
6f112f1343c57629,89,2,0,282,4,4,12,35.12,9.07,9.41,True,0,Standard Complexity,1.633707440149382,15.879642857142859,8.320095072492029,0.49122062,0
17e5d6becd9a2cd9,83,5,0,366,4,5,4,20.28,14.57,9.36,True,3,Critical Complexity,0.06708203932503437,9.823684210526316,5.530997064893088,0.49094388,0
162eb47d68a32406,97,2,0,271,5,6,10,21.38,5.66,8.16,True,0,Standard Complexity,1.0868302535349872,13.27951219512195,5.858881501188876,0.49092302,0
9391e9f16bf6b5e4,79,0,0,307,2,15,5,20.48,8.67,6.32,True,0,Standard Complexity,0.3676955262176102,12.081551724137931,4.943328420003497,0.4908786,0
3a484ba1b8f1986c,67,3,0,140,0,6,4,18.63,4.36,6.29,True,2,Standard Complexity,0.659241988954519,9.784999999999998,5.98241868589397,0.4907321,0
4f7657ca42076080,74,2,0,144,2,7,2,30.57,12.08,6.83,True,0,Standard Complexity,0.20518284528705946,14.47703125,6.590686534726366,0.490557,0
3164f239951863c2,74,8,0,349,2,7,9,23.66,18.27,6.3,True,3,Critical Complexity,0.5590169943751915,12.578833333333334,5.4984958827139465,0.49055228,0
c6bc85de829ff601,76,2,0,162,5,1,8,33.26,20.96,6.31,True,1,Critical Complexity,2.12529997882738,16.201944444444447,7.407985863409104,0.4903499,0
c470671f6f4841c1,88,5,0,311,0,6,8,20.05,12.72,6.35,True,3,Critical Complexity,0.05830951894769808,14.118783783783783,4.901438551299962,0.49026954,0
f1b29daac80caf01,94,2,0,176,0,8,7,20.98,6.02,6.3,True,0,Standard Complexity,1.0231813133554275,10.442307692307695,5.086249165346907,0.48997265,0
7d5f105dc0714622,77,4,0,284,1,9,12,29.07,11.27,9.47,True,0,Standard Complexity,0.05830951894769808,14.083684210526318,6.964658309921687,0.48993063,0
a9dc3e3d4c0491c4,81,0,0,117,1,4,2,26.93,14.95,6.31,True,3,Critical Complexity,0.1131370849897849,10.792272727272728,5.470276652317739,0.489694,0
8b7d1f7b18d25f36,81,5,1,103,2,8,4,24.01,6.96,9.43,True,0,Standard Complexity,0.31400636936215026,8.196285714285715,5.5241222111826636,0.48964065,0
2de368cc9fbbc535,96,7,0,426,7,12,5,20.26,12.01,6.37,True,3,Critical Complexity,0.14866068747269806,8.7028125,4.803345015699346,0.48945737,0
649879232ff1e9c2,29,6,0,117,5,4,7,31.89,29.95,6.8,True,1,Critical Complexity,0.6413267497930453,9.775714285714287,9.962136685818901,0.4893846,0
e0a51f8745c80ee2,83,24,6,81,8,5,0,16.89,4.92,7.69,True,2,Standard Complexity,0.028284271248079286,3.9317948717948727,4.875513843685987,0.48937124,0
6398fb83fd63e61a,75,8,0,154,4,2,4,20.79,8.36,10.83,True,0,Standard Complexity,0.34234485537261405,7.270526315789473,6.116568072550945,0.4893572,0
fc487ac3f71ec60b,77,9,0,163,5,4,1,18.91,7.04,7.36,True,2,Standard Complexity,1.1880235687886858,8.522830188679245,5.386586897574974,0.48923942,0
301f96621c13d5b6,78,2,0,217,4,7,9,36.18,33.41,6.29,True,1,Critical Complexity,0.3622154055256192,15.003333333333332,6.331148044040319,0.48916262,0
e97b7dcb8e956189,65,17,1,195,3,7,7,16.97,7.31,7.33,True,2,Standard Complexity,0.10630145812733002,5.8625,5.992757086683891,0.4890954,0
67a4d9be901b36ac,94,1,0,99,2,9,1,18.43,8.39,6.3,True,2,Standard Complexity,2.352296749987163,12.154545454545454,5.196352503327981,0.48884276,0
bc61ea7a08eece,65,23,1,580,0,11,13,20.96,3.78,9.45,True,0,Standard Complexity,0.022360679775079245,6.63909090909091,6.139819789891361,0.4886292,0
645fdc3b05917581,80,8,0,115,4,8,0,18.76,8.83,6.65,True,2,Standard Complexity,0.5060632371552383,11.55236842105263,5.860521996784266,0.48850888,0
64df93541d5cbaae,72,3,4,79,1,3,1,20.25,6.1,6.3,True,0,Standard Complexity,0.21470910553579717,10.840597014925372,5.574421027589046,0.48850363,0
df9be75ba09f7036,115,4,0,245,0,7,7,19.25,11.7,6.92,True,3,Critical Complexity,0.23021728866444455,10.73560975609756,4.606296617743643,0.48843265,0
d11f323c0083d365,82,1,0,83,1,0,3,22.3,17.61,6.33,True,3,Critical Complexity,0.3201562118722603,6.40625,6.476916584108522,0.48832405,0
b9075602e19bd37e,102,6,2,113,0,4,1,17.58,12.74,6.77,True,3,Critical Complexity,0.2751363298439539,9.9225,4.720698198071205,0.48823968,0
d0369310609aeded,83,12,2,744,3,21,18,19.08,8.66,7.67,True,2,Standard Complexity,0.10770329614292991,8.25,6.152789678945099,0.48802277,0
860706a9648da2c3,85,4,0,228,1,13,11,22.14,9.7,6.43,True,0,Standard Complexity,0.12369316876891363,10.96,5.729643016009732,0.48783514,0
113d4acf57e3d8d5,100,9,2,309,2,6,17,15.38,8.27,6.87,True,2,Standard Complexity,0.03999999999996362,7.888157894736841,4.957654292135789,0.48782328,0
31884e63774240ed,189,74,0,21,1,5,0,12.85,11.59,11.83,True,2,Standard Complexity,0.03162277660237405,3.378478260869566,3.0691249761279886,0.48762223,0
8eccf1aaadb7ede9,69,3,0,137,1,5,5,31.27,18.02,6.29,True,1,Critical Complexity,0.0905538513815429,14.716444444444447,8.198840610600055,0.48746434,0
5ee4ecff6be39b0c,62,17,0,222,0,6,0,30.05,16.18,6.39,True,1,Critical Complexity,0.0905538513815178,9.630169491525425,6.281585541917356,0.4873678,0
f500f50dbffbe80,80,1,0,79,0,4,1,17.73,5.02,6.3,True,2,Standard Complexity,1.757868026900721,9.515789473684212,5.04793789663762,0.48733962,0
6795cd509592171c,84,5,0,470,4,11,9,29.01,12.67,6.53,True,0,Standard Complexity,0.4617358552247197,12.42,7.18723034276765,0.4870915,0
7c2680698577f8e6,55,12,0,213,1,11,4,28.85,11.1,6.73,True,0,Standard Complexity,0.43840620433526073,9.812,7.4926574724859805,0.48682624,0
a98bdcf120359226,77,0,0,379,0,15,11,21.54,16.58,6.31,True,3,Critical Complexity,0.17029386365934945,14.900196078431375,4.827043300031271,0.4867859,0
2f5231ba69281996,79,2,0,251,8,17,7,22.68,20.03,6.3,True,3,Critical Complexity,0.30805843601509825,7.702909090909091,5.690275491885584,0.48671776,0
8059bab8f181c9e4,64,3,0,77,1,4,1,20.9,8.63,6.46,True,0,Standard Complexity,0.4341658669217728,8.246666666666668,5.861224748766724,0.48658395,0
ed78e6b472c9ba3a,73,1,0,208,0,8,1,20.44,11.02,6.35,True,3,Critical Complexity,0.3828837943815323,11.575102040816324,5.383823132328914,0.4865191,0
2da5a37e378a34ab,66,0,0,314,1,9,5,22.25,18.86,6.29,True,3,Critical Complexity,0.32649655434631353,11.19108108108108,5.798060152668856,0.48646903,0
bec085da6fa5110b,79,6,0,318,0,7,11,20.87,10.79,6.38,True,0,Standard Complexity,0.09433981132050434,11.569814814814814,5.738453298755924,0.48640692,0
c5b40af9536b6796,65,0,0,80,0,4,0,23.35,6.37,0.05,True,0,Standard Complexity,0.06324555320366958,14.804827586206896,5.182392019062144,0.486385,0
9a6481063a9e5952,80,5,0,215,1,7,1,25.31,6.31,6.79,True,0,Standard Complexity,0.3140063693619819,11.311034482758622,5.44479811527042,0.486007,0
bcebbdb675eeeb1,81,2,0,386,1,13,9,31.07,23.26,6.4,True,1,Critical Complexity,1.8271836251450362,12.49037037037037,6.341563647276232,0.4859406,0
ce182c391ebc5959,99,1,0,100,1,4,2,20.71,3.92,6.48,True,0,Standard Complexity,0.4767598976424424,12.662307692307694,4.85885892562972,0.48554277,0
8b93acd66c500f21,75,11,0,86,1,5,0,16.4,9.81,7.75,True,2,Standard Complexity,0.11045361017187202,6.452962962962963,4.995863336812741,0.48550725,0
bdaeeb012985931b,93,0,0,532,7,16,6,26.44,11.47,12.59,True,0,Standard Complexity,1.483273407028781,16.20859649122807,5.2177471910261595,0.48550344,0
e9661b59d1877ba6,75,12,4,137,1,5,1,26.47,9.56,6.6,True,0,Standard Complexity,0.030000000000086402,8.726851851851855,7.211801753626321,0.48546326,0
cae91610521dac91,112,19,0,134,0,6,8,17.27,13.5,7.87,True,3,Critical Complexity,0.24207436873825866,5.093125,4.507501227699038,0.48544455,0
48fdf01360d7bc68,62,0,0,381,12,8,17,30.37,16.53,6.3,True,1,Critical Complexity,0.3397057550295808,15.205142857142855,7.476614348918164,0.4854087,0
ea5a664d33fe25da,78,4,0,599,4,14,7,24.82,8.53,6.31,True,0,Standard Complexity,1.1054863183233785,12.353,6.644862752532967,0.4850988,0
227cbe9a03344eda,106,10,0,402,0,9,7,18.09,15.84,6.39,True,3,Critical Complexity,0.3736308338455169,8.45961038961039,4.630456610274231,0.48466584,0
34989a02a1fbab5f,68,5,0,208,1,9,0,30.21,6.03,8.02,True,0,Standard Complexity,0.12041594578785592,11.122790697674418,6.592425295881171,0.48465744,0
833469166b0fc61a,87,2,0,475,4,13,12,23.51,9.33,6.3,True,0,Standard Complexity,3.646272068838999,14.580277777777777,6.821171895939188,0.48462373,0
927537f5ac6a1ac1,155,1,0,289,10,28,7,19.77,6.07,6.3,True,2,Standard Complexity,0.9044888059009115,11.92782608695652,5.638998875472519,0.4844568,0
57b81be6e2d996f6,71,7,0,438,5,16,9,20.76,11.3,6.68,True,3,Critical Complexity,0.21470910553442576,11.181111111111113,4.961589375976459,0.48440763,0
a2fa75f74bfd1c79,79,3,0,81,0,4,0,23.55,15.32,6.37,True,3,Critical Complexity,0.0499999999998181,10.912173913043478,5.524010795979862,0.4840909,0
b93f7880b31a61a2,60,0,0,272,7,8,4,27.04,5.13,6.3,True,0,Standard Complexity,0.11401754250877312,11.542051282051283,8.800738949011738,0.48383012,0
526478410bbc283f,78,4,1,345,5,9,9,26.56,22.46,6.37,True,1,Critical Complexity,0.14142135623769536,10.017037037037039,6.272961563440831,0.48347175,0
e1544f97372c3ba1,85,1,0,341,4,10,5,30.17,16.89,6.33,True,1,Critical Complexity,0.7976214641042896,11.70313725490196,6.255069627109247,0.4834498,0
c7b3cde96ebf3a02,81,0,0,215,2,14,4,23.93,5.15,6.31,True,0,Standard Complexity,2.4268498099384614,9.87238095238095,5.303123881496107,0.4833124,0
29627f6825dfb8f9,79,11,0,328,0,12,10,25.82,12.11,6.37,True,0,Standard Complexity,0.019999999999527063,8.6353125,5.569847105383033,0.4832684,0
eed6ce9cd330e560,65,17,0,192,6,6,6,21.27,5.7,9.62,True,0,Standard Complexity,0.5608029957128652,7.962465753424659,4.909447359134716,0.48287117,0
a147de6108ec2465,113,5,0,281,3,9,9,22.19,5.72,6.36,True,0,Standard Complexity,0.12529964086190154,7.837666666666666,5.261447635605833,0.48269442,0
2ef693b0ed2e1866,74,5,2,95,1,5,1,20.27,4.18,6.33,True,2,Standard Complexity,0.33955853692745414,8.088888888888889,6.178084824503904,0.48263493,0
79a17cbca58f255,80,3,0,255,6,9,6,21.42,8.83,12.56,True,0,Standard Complexity,1.6686821147240294,14.820000000000002,5.968677368044744,0.48263127,0
9cd3c69e4734fb46,84,1,0,183,2,12,2,22.98,6.12,6.3,True,0,Standard Complexity,0.06000000000040018,10.94581395348837,5.404609244123554,0.48238778,0
e07da9c255d00ecd,81,4,0,229,2,7,2,27.01,15.23,6.39,True,3,Critical Complexity,0.15620499351807834,12.072424242424242,5.836954130108276,0.48237416,0
a6421aca0ab2fd92,60,5,0,69,3,0,4,22.27,7.62,6.84,True,0,Standard Complexity,0.08062257748294037,9.96425925925926,5.719631107585411,0.48237392,0
f6dcdd4ccc6b9ad0,84,6,1,571,3,15,8,24.32,8.66,6.45,True,0,Standard Complexity,0.9879271228185574,12.341000000000001,5.4326745715163165,0.48236033,0
34556af763e7463f,87,4,0,394,4,9,17,25.6,5.75,6.33,True,0,Standard Complexity,3.0621724314596843,11.875,8.492092980050218,0.48233166,0
9ddde7a40ac9be26,75,7,0,87,2,6,3,15.82,15.31,6.35,True,3,Critical Complexity,0.05385164807129606,9.320967741935481,4.999769901053003,0.4823168,0
c3fcc215222ebab5,78,6,0,478,6,9,16,30.49,16.38,6.32,True,1,Critical Complexity,1.2419742348372045,10.699411764705884,6.105109210940346,0.4821441,0
88333732814cabf6,73,12,0,197,2,8,7,21.24,11.14,9.14,True,3,Critical Complexity,0.14035668847650792,7.183720930232558,5.159107108277381,0.48201337,0
e6cb9df53900dc84,84,6,0,344,6,6,15,25.31,7.14,6.31,True,0,Standard Complexity,1.511985449665503,12.287241379310347,7.764734112530045,0.48175576,0
adeadc55ea1b34b0,75,13,0,182,4,4,2,16.36,7.72,6.55,True,2,Standard Complexity,0.1941648783890769,6.1728571428571435,5.08221187584898,0.48168322,0
1146fd1a5f179dfe,71,2,1,217,6,9,4,22.6,14.68,6.33,True,3,Critical Complexity,1.176137747034867,11.23037037037037,5.32399841492135,0.48119682,0
656acfdba0764fa8,96,14,1,92,0,5,0,17.53,9.99,6.35,True,2,Standard Complexity,0.2720294101740937,7.346708860759492,4.581810962932459,0.48118716,0
fa201f40b364c8a8,73,2,0,184,1,10,4,23.31,13.18,6.84,True,3,Critical Complexity,0.12041594578794561,11.343409090909091,5.139486153649383,0.4810425,0
5cba1f17f07bb58f,108,6,0,245,0,9,10,20.08,17.45,6.66,True,3,Critical Complexity,6.7359483370941495,9.66181818181818,7.109572059978931,0.48099762,0
a022b36e35b47832,47,0,0,30,0,0,0,36.16,6.97,6.3,True,0,Standard Complexity,0.2158703314490959,21.183829787234046,9.317193338967936,0.4809634,0
2cb95db894981652,143,8,0,127,5,10,5,18.52,9.51,6.91,True,2,Standard Complexity,0.1280624847485405,9.75402985074627,4.246645404685772,0.48087376,0
a954902ad40de926,70,12,0,127,0,5,3,18.87,8.03,9.02,True,2,Standard Complexity,0.02828427124711462,8.0612,5.357643377456174,0.48083705,0
6146a1a65c74e6d8,73,6,1,109,0,4,1,20.21,5.33,6.36,True,2,Standard Complexity,0.7465252842333792,7.9799999999999995,5.032985639205068,0.48078293,0
34cf23c02321a9ae,68,7,2,811,3,12,27,24.06,15.24,6.67,True,3,Critical Complexity,0.23430749027748143,11.997857142857143,8.100532767815274,0.48075327,0
e5a246584809e725,73,1,0,223,6,12,10,26.13,13.13,6.3,True,0,Standard Complexity,2.162799112261789,14.2834375,7.809101504564643,0.48048535,0
25d5a93f5886fba0,54,1,0,31,2,1,0,35.94,34.12,9.47,True,1,Critical Complexity,0.041231056256194255,10.640370370370372,8.089938186588682,0.48048517,0
8cdee9d4aa8831cf,95,3,0,279,0,9,7,26.15,4.47,9.48,True,0,Standard Complexity,0.01999999999998181,10.31015873015873,5.813998294227556,0.48045996,0
b43733d43cdacd0,63,2,0,144,1,10,2,26.04,14.84,6.37,True,3,Critical Complexity,0.09433981132060075,12.872830188679245,6.687742484366593,0.4804506,0
7a43516ecb7a0496,68,3,1,91,5,0,0,26.7,8.76,6.3,True,0,Standard Complexity,6.910549905760036,10.068333333333333,9.323026004945438,0.48044604,0
b54d6aa808dba5fc,66,0,0,70,0,4,4,29.9,8.52,6.31,True,0,Standard Complexity,1.3741906709043372,13.203333333333335,5.95523740292967,0.48041856,0
eb94ae640aaf57f2,77,3,0,406,4,11,0,18.82,16.4,7.87,True,3,Critical Complexity,1.3892443989449281,10.48924528301887,5.319583204362737,0.48037413,0
2d30d3f45aad1205,55,0,0,41,0,3,1,27.7,5.54,6.29,True,0,Standard Complexity,0.13341664064125278,16.291666666666668,8.690432702435224,0.48023826,0
3bf4cfd66b2c44c9,74,0,0,182,0,7,1,19.54,18.46,6.45,True,3,Critical Complexity,1.6413713778422663,10.833461538461536,6.5179284948444565,0.4801543,0
d52f9b8b5365e09e,70,4,1,396,1,11,2,27.28,7.98,6.56,True,0,Standard Complexity,3.1863615614051795,15.663414634146342,7.90043117370929,0.47991556,0
93bf2389288e2206,75,6,2,120,0,5,4,24.96,16.63,6.3,True,3,Critical Complexity,0.022360679775485982,11.90126984126984,6.475385014492639,0.47990945,0
e4b1ea0668e9811a,120,2,0,164,1,8,1,18.17,10.64,6.46,True,2,Standard Complexity,0.17117242768614763,10.929213483146068,4.650627413204311,0.47972712,0
d21c4e3d81f1eb77,78,1,1,432,5,7,32,24.54,8.17,6.3,True,0,Standard Complexity,0.3026549190077051,12.017,8.595326695361846,0.47963825,0
aad4b0f5d03d7d08,73,25,0,77,0,6,1,15.76,8.91,6.5,True,2,Standard Complexity,0.02236067977497756,4.9312195121951214,4.918497785300866,0.4795938,0
e44569fc53b590af,72,0,0,375,5,12,7,21.81,16.82,6.74,True,3,Critical Complexity,1.1463420083026454,10.609375,5.912943924930711,0.479537,0
f52c15b897aacce,59,10,3,391,0,7,15,21.51,15.13,6.7,True,3,Critical Complexity,0.17492855684512193,10.782666666666668,6.722459338334115,0.47936553,0
1902cd16724e1712,70,9,1,20,4,0,0,19.28,9.12,6.57,True,2,Standard Complexity,1.2199999999998,5.368695652173913,4.944303972950856,0.47919863,0
1e3a5f5a948c8dc5,155,0,0,22,1,1,7,18.64,18.11,6.3,True,3,Critical Complexity,7.965858396933668,5.342222222222222,4.954541749810702,0.47889537,0
72bef6ad490a6e64,53,1,0,149,10,8,2,25.8,13.93,6.31,True,3,Critical Complexity,0.30066592756854593,11.223333333333333,7.333028870685064,0.47883916,0
71ebc38be44886b8,81,7,0,215,0,4,10,26.77,10.27,7.94,True,0,Standard Complexity,0.11180339887531487,7.760204081632653,5.406137664557443,0.47883824,0
8aaef20e731d6817,101,2,0,420,8,5,18,22.56,2.88,6.39,True,0,Standard Complexity,2.8556785533388878,11.14421052631579,8.64465658858847,0.4786443,0
fc142a9a3caa6ae7,68,6,1,252,4,5,5,20.19,14.83,6.3,True,3,Critical Complexity,0.07211102550931274,12.656122448979591,5.409090917745312,0.47858423,0
877e6b3a78b3a207,59,0,1,117,3,3,1,31.28,13.66,6.38,True,1,Critical Complexity,0.27073972741360236,13.806923076923077,6.805021770852401,0.47854006,0
5fac43a77fcca204,59,8,0,230,0,6,0,21.96,17.27,9.42,True,3,Critical Complexity,0.04472135954995512,9.525128205128206,6.7027016641760255,0.4785205,0
bef1c17d937a94af,88,20,5,278,0,5,6,17.52,8.31,6.67,True,2,Standard Complexity,0.0,6.899305555555555,4.927607128997493,0.4783787,0
f9f03cb312d75732,72,5,2,523,0,12,27,20.04,5.25,6.31,True,2,Standard Complexity,0.07280109889252034,11.666666666666666,5.394700956744351,0.47833115,0
a6ba566a7dbc02ac,31,1,1,138,2,3,1,33.75,11.71,6.3,True,1,Critical Complexity,2.7484723029350095,13.349285714285715,9.734927150865232,0.47829267,0
5de4324a5d9d92d4,43,0,0,21,0,0,0,37.79,9.42,6.3,True,1,Critical Complexity,1.1305308487608512,17.04690476190476,11.861148360066203,0.47825062,0
c9236e3f5ba747c9,73,13,4,192,1,7,3,25.86,14.81,6.96,True,3,Critical Complexity,0.019999999999527063,11.300882352941175,8.247387061312228,0.47822884,0
28563ccaf970c61a,61,9,0,327,1,8,4,20.69,9.7,7.85,True,0,Standard Complexity,0.10198039027211968,10.333599999999999,6.933056976543608,0.47819507,0
84528a1cd00457e9,88,0,0,470,5,19,6,28.13,9.09,6.3,True,0,Standard Complexity,2.9107559155656677,15.160232558139537,6.406958603781351,0.4781318,0
793582737c0c3cc8,81,24,4,114,0,6,2,22.22,9.75,6.64,True,0,Standard Complexity,0.036055512754796286,5.655072463768116,4.945668174311857,0.47798538,0
70ad07f54756797d,83,2,0,162,1,10,3,22.17,9.21,6.29,True,0,Standard Complexity,0.580086200490858,11.289846153846153,5.622794129477373,0.47793433,0
dbaadd02453a4cba,68,0,0,256,6,11,7,32.54,16.44,6.29,True,1,Critical Complexity,3.0765727685201676,22.643846153846155,3.5017106554929542,0.47750285,0
c11284c60d646acd,78,2,0,132,0,5,1,20.54,7.0,12.72,True,0,Standard Complexity,0.14866068747303454,10.948039215686276,5.821065201223355,0.47739774,0
f167664afe8a265f,65,8,0,263,0,6,10,22.02,16.99,7.66,True,3,Critical Complexity,0.08062257748341276,11.212790697674418,5.9561491873725805,0.47715342,0
314b231582086a0b,55,7,0,356,17,5,6,21.54,9.85,6.31,True,0,Standard Complexity,0.036055512755426906,8.145263157894737,5.74879426115283,0.47707456,0
17113deb706ef00c,101,6,0,117,0,8,0,24.73,8.03,9.45,True,0,Standard Complexity,0.01999999999998181,8.680649350649352,5.134649885676102,0.47705796,0
8e58de05dd5fce88,126,2,1,147,5,4,9,24.55,21.98,6.31,True,1,Critical Complexity,5.684654782834201,11.55263157894737,5.591862360049611,0.47705534,0
fdde4cefb03b7ab0,81,6,3,479,3,9,7,23.65,7.63,9.73,True,0,Standard Complexity,0.2435159132378611,13.189555555555556,7.298461011460052,0.47650525,0
3cb7c8099037fbdc,64,5,0,74,0,4,0,19.65,11.05,7.63,True,3,Critical Complexity,0.7964923100702181,11.058611111111112,5.7089209686720315,0.47644717,0
fd88c7d9b793152e,109,6,1,502,1,8,19,21.52,14.3,6.47,True,3,Critical Complexity,2.5565015157427884,8.819722222222222,7.320628952226225,0.47638434,0
e680d11a49a59af6,108,3,0,843,1,14,24,22.28,8.48,6.32,True,0,Standard Complexity,3.689173349138752,13.830212765957452,6.100350701241274,0.47636366,0
8f35671885c19bcc,69,0,0,168,0,7,2,21.04,6.4,6.33,True,0,Standard Complexity,0.5700877125503667,11.446666666666669,5.1377293863985525,0.47635317,0
d1bf9017b5996311,34,1,0,349,10,7,16,36.26,13.8,6.26,True,1,Critical Complexity,1.3789851340750252,15.640416666666667,8.336877152730644,0.47614488,0
7911bdf91772c8d7,73,2,1,220,3,8,5,34.24,7.81,6.28,True,0,Standard Complexity,0.19235384061541555,11.720185185185187,5.8903554224463806,0.47606623,0
1884d742adc1728e,77,11,6,145,3,5,2,30.19,9.04,6.65,True,0,Standard Complexity,0.010000000000218279,8.949482758620688,6.839801222765478,0.47601756,0
40c69d13b3ebc02,80,2,0,150,1,9,4,22.11,4.86,6.41,True,0,Standard Complexity,0.2765863337187077,11.7865,5.716837652933656,0.47599152,0
706422324be98e96,77,7,1,128,6,8,0,18.73,8.86,7.24,True,2,Standard Complexity,1.4165097952360333,10.458181818181819,5.887524794798438,0.4757189,0
ffeee750ea77e1d,72,6,0,130,2,3,7,17.24,16.56,6.44,True,3,Critical Complexity,0.17720045146707125,7.676363636363638,5.602095018387435,0.47554898,0
ff97ebac96abbfd3,140,47,0,88,4,3,6,18.86,18.24,6.61,True,3,Critical Complexity,0.07071067811884768,2.6845161290322572,3.0133625401081354,0.4750824,0
958f60b037f2a7dc,70,5,0,246,3,9,1,24.45,8.91,6.45,True,0,Standard Complexity,0.22090722034374244,8.362333333333332,6.323524693994288,0.47488296,0
1472f24eb7c35255,67,10,5,281,0,9,6,29.32,18.92,9.17,True,1,Critical Complexity,0.036055512755426906,8.09016129032258,5.603691321405769,0.47473526,0
f42260ffa255f548,71,0,0,161,3,6,2,23.88,15.08,6.29,True,3,Critical Complexity,0.31400636936135917,12.797222222222224,6.2627763978826945,0.47471988,0
d9a2dba4f9399298,69,8,2,291,2,9,7,37.18,24.89,6.69,True,1,Critical Complexity,0.5536244214272412,9.426271186440678,5.307285334459904,0.47467294,0
86d93916264e8e8c,69,4,0,252,1,7,4,19.73,11.87,9.64,True,3,Critical Complexity,0.5852349955365251,9.497441860465118,5.0097338243469425,0.47465336,0
23c6865afde1b208,51,32,1,156,1,5,3,23.54,11.6,8.86,True,0,Standard Complexity,0.17464249196587042,6.669866666666667,5.4529276523920815,0.4745849,0
905244216cc695a2,58,3,0,413,0,15,14,23.39,12.19,6.55,True,3,Critical Complexity,0.36400549446420083,11.955405405405406,6.736862528472609,0.47454125,0
b98850e19cbd888a,50,6,0,99,4,4,4,27.27,5.86,6.48,True,0,Standard Complexity,0.12727922061378436,15.805897435897437,9.46101575235998,0.47451806,0
9ccfb0fdeb41525d,67,14,0,184,1,9,4,19.44,5.02,6.34,True,2,Standard Complexity,0.022360679774672505,8.038653846153847,5.849721238869867,0.47435653,0
f7a0ed1fb770211b,68,4,1,490,5,13,8,20.92,4.29,6.3,True,0,Standard Complexity,0.7119691004531863,13.388,6.285685688246635,0.4743544,0
4e415059ce44795e,62,8,0,413,3,8,17,32.04,20.94,6.92,True,1,Critical Complexity,0.18027756377350215,11.643333333333333,8.045487900404522,0.47430342,0
642b01acde53d32f,103,6,0,188,0,9,10,17.68,8.89,8.24,True,2,Standard Complexity,0.16401219466887557,10.081052631578947,4.728687620393739,0.47419527,0
d8293b8f5ac0d27f,74,1,0,249,1,11,3,17.65,10.27,7.03,True,2,Standard Complexity,0.04472135955015849,11.57618181818182,5.066577647470849,0.47412756,0
36b331e6e9a76ef0,71,2,0,144,0,9,1,37.58,32.39,6.51,True,1,Critical Complexity,0.8121576201698674,10.867999999999999,5.289637242178914,0.4740191,0
821a850792618b65,53,6,0,59,2,0,0,25.69,22.85,6.35,True,1,Critical Complexity,1.236931687685188,11.498214285714285,7.120595407273301,0.47391808,0
7b7ab28eaa9a49fc,78,1,0,259,0,10,3,21.9,7.98,6.67,True,0,Standard Complexity,0.32015621187135834,8.934999999999999,5.360222915689453,0.47385362,0
7370a63aaca78fd,70,5,0,454,7,8,16,25.66,15.35,12.56,True,3,Critical Complexity,0.11401754251020894,12.610925925925928,5.879824659932477,0.47370452,0
87dd95b4945340ad,81,8,0,362,3,7,6,20.94,3.54,6.37,True,0,Standard Complexity,0.028284271246471513,10.176181818181819,5.569557674915925,0.47368518,0
512f9cfddcdf131d,107,26,0,274,1,9,11,15.73,6.26,9.45,True,2,Standard Complexity,0.08062257748296857,4.653833333333332,4.504044882719926,0.47363305,0
3ac5ec20414944c1,93,5,0,239,0,8,15,24.66,12.37,6.52,True,0,Standard Complexity,0.10198039027176295,11.845833333333333,4.831573458339771,0.47361332,0
be12f3b0c1d8f6c3,73,6,1,212,2,8,1,18.4,12.82,11.52,True,3,Critical Complexity,0.08602325267038106,8.871914893617022,5.744015808628854,0.4733315,0
159607098c9ec16f,85,9,4,102,4,4,1,18.95,14.63,7.44,True,3,Critical Complexity,1.9399226788714916,9.261724137931036,5.778522104916063,0.47329396,0
c6c633595d4b96b9,54,3,0,290,11,5,11,34.84,11.66,6.94,True,1,Critical Complexity,1.0787029248125783,16.379333333333328,7.937310319693386,0.47320023,0
fc54395317547c97,68,14,2,218,1,10,6,18.93,6.42,8.02,True,2,Standard Complexity,0.5824946351681207,6.648000000000001,6.206249292907455,0.47311994,0
42e363d94ea4cf5f,79,4,0,556,5,15,9,29.42,10.07,6.75,True,0,Standard Complexity,1.2884486796136536,11.901136363636363,6.355063198279954,0.47290146,0
aa9234b4ffaf940,82,4,0,327,5,9,15,25.9,11.93,6.52,True,0,Standard Complexity,0.586941223633118,15.142708333333333,5.942763365214079,0.47288695,0
f3a238b0a074acf5,89,9,0,622,6,18,14,19.37,12.11,6.46,True,3,Critical Complexity,0.3891015291672334,10.1921875,4.712778993316337,0.47256216,0
90b56782f5d4ea73,182,5,0,111,1,6,0,18.19,8.19,6.39,True,2,Standard Complexity,0.12369316876852761,10.166575342465753,4.337889209312373,0.4725511,0
24aa9507816d3b0a,50,110,0,78,0,7,0,15.48,9.85,10.67,True,2,Standard Complexity,0.02236067977497756,3.679103448275862,3.849727069097215,0.47252905,0
332cb5fea65e171,77,1,2,137,5,10,1,31.89,24.2,6.31,True,1,Critical Complexity,0.34438350715454413,10.175531914893616,5.338336982464028,0.47244814,0
e21f3a852bc2d691,62,201,10,115,1,11,0,14.47,10.32,9.36,True,2,Standard Complexity,0.031622776600576503,2.840739130434783,2.665113892947514,0.47221226,0
e2ea5d98ad51ded2,82,4,0,129,0,8,1,31.51,12.42,7.91,True,0,Standard Complexity,0.14866068747239217,12.874864864864865,5.505259216039928,0.47218472,0
fd2d04583fb735ac,43,0,0,33,0,0,0,34.92,8.33,6.29,True,0,Standard Complexity,2.534916172184186,23.67441860465116,6.948131186697675,0.47209483,0
4168b4507c35d4ba,82,3,0,281,1,8,5,28.07,18.33,11.72,True,1,Critical Complexity,0.12369316876935481,10.056851851851853,6.267858286254616,0.47207284,0
a50c342063557cb5,102,7,0,611,5,11,12,20.49,8.87,8.23,True,0,Standard Complexity,0.036055512755426906,9.117142857142856,6.304269560692782,0.47200337,0
219e54b6b26aae0d,64,11,0,95,4,1,4,17.86,6.86,6.43,True,2,Standard Complexity,0.09848857801809367,4.4748,5.436767510203098,0.47173664,0
546259711161a341,215,18,0,118,9,10,0,13.42,6.67,6.69,True,2,Standard Complexity,0.8500000000000375,3.9486274509803923,3.679718669770586,0.47161338,0
3deedf150fcdcdd4,57,13,0,265,0,9,6,34.78,7.44,8.6,True,0,Standard Complexity,0.2844292530661792,11.2118,8.795814161292858,0.47132343,0
a3772a1d3d396f1d,79,2,0,362,2,11,9,25.73,25.48,6.36,True,1,Critical Complexity,0.8598837130686026,15.635555555555559,5.654351148768551,0.4709282,0
fd1b19ceda621182,69,3,1,332,5,4,19,17.89,2.68,6.47,True,2,Standard Complexity,0.4472135954999579,9.408620689655171,5.498892505510373,0.47005746,0
7de11389673913fa,71,0,3,163,5,15,3,29.04,7.64,6.3,True,0,Standard Complexity,0.08944271910011362,9.84590909090909,4.88706749687461,0.46996877,0
4a5d3086cce87ef0,103,4,1,211,0,6,5,19.82,11.91,6.35,True,3,Critical Complexity,0.08485281374198697,11.299565217391303,4.806687803160409,0.4698649,0
f7399871a23cf231,124,32,0,81,10,11,1,12.27,10.56,10.89,True,2,Standard Complexity,0.05099019513605984,4.396190476190476,3.495111519701109,0.46982515,0
8b805f8303a49310,113,8,3,208,0,4,1,18.58,5.12,6.61,True,2,Standard Complexity,0.014142135624039643,6.949999999999999,5.2616019727026995,0.4698199,0
ceb6350e64b0d2a7,69,5,0,374,3,8,6,23.42,6.11,9.4,True,0,Standard Complexity,0.24166091947187865,10.5035,5.343242718611986,0.46976548,0
55d88645d5d1bc01,105,6,0,385,5,19,8,20.78,8.45,6.27,True,0,Standard Complexity,0.7782030583338149,7.339759036144578,4.897247561322194,0.46956354,0
65e5aa661619b42f,168,27,2,115,5,9,3,17.15,9.14,7.83,True,2,Standard Complexity,0.06324555320287865,6.801546391752577,3.7168685800902677,0.46938914,0
3f9c41deccbba864,83,2,0,166,0,9,0,22.63,5.65,12.62,True,0,Standard Complexity,0.07280109889264527,14.301692307692308,5.671669017475101,0.4693229,0
93c650a808d8b846,78,3,1,104,0,4,0,24.69,14.57,6.95,True,3,Critical Complexity,1.2358397954423248,13.935573770491802,5.877584405287535,0.46906403,0
372bb3ed448d20e1,82,28,1,159,4,8,3,16.5,8.98,6.76,True,2,Standard Complexity,0.0860232526704802,5.067500000000001,4.745992388320908,0.46904862,0
27c55983f82252bb,65,7,0,191,0,8,2,22.07,10.71,6.84,True,0,Standard Complexity,0.18027756377350215,9.17,6.246007000338365,0.46904254,0
7cb25de34a286959,187,24,3,170,2,5,2,21.36,6.06,6.47,True,0,Standard Complexity,0.11180339887511151,4.8828,4.01000666998614,0.46902812,0
5df4d6d07fea992c,53,7,0,98,0,2,4,27.24,19.57,6.5,True,1,Critical Complexity,0.5103920062070976,14.59690909090909,7.125351378315515,0.4689387,0
87d794d7eeac592c,65,7,0,300,1,12,12,21.34,18.34,6.34,True,3,Critical Complexity,0.6529931086926271,7.9354545454545455,5.507944725250856,0.46877518,0
fd2aeee35c4eb51f,80,4,0,787,1,19,34,24.48,9.32,6.33,True,0,Standard Complexity,0.2690724809417027,12.436206896551722,8.309568399843435,0.4683607,0
97547b5c096973eb,79,3,0,503,1,13,26,20.72,15.0,6.43,True,3,Critical Complexity,4.280011682227703,10.012500000000001,7.624326336361354,0.46824086,0
a5fccd36e6622475,81,5,0,169,0,8,8,22.15,5.46,6.72,True,0,Standard Complexity,0.08944271909991024,10.9745,6.014128760676811,0.4681333,0
494461e671a18e51,71,13,0,115,1,4,3,17.27,10.27,6.74,True,2,Standard Complexity,0.04472135955005681,5.8629999999999995,5.341571959638848,0.46808097,0
7b7c787427390d5c,199,10,1,695,8,25,19,26.21,9.36,12.62,True,0,Standard Complexity,1.3318408313311976,12.181216216216217,7.366290084017815,0.46804386,0
8d04f0977ebb45b0,64,3,1,330,7,7,5,24.3,10.67,8.47,True,0,Standard Complexity,0.11045361017245148,10.601599999999998,6.33365403538905,0.46802568,0
1c102c90b50697a0,85,2,0,219,2,4,5,29.43,20.64,8.2,True,1,Critical Complexity,0.3036445290137879,8.86142857142857,5.031177084653536,0.46796647,0
464de247cc63d5e9,52,114,22,157,3,13,3,33.68,8.64,9.49,True,0,Standard Complexity,0.009999999999763531,2.9356969696969695,3.4603088361454053,0.467942,0
6b4754afa4abefa3,68,5,0,210,1,10,7,25.6,6.53,6.31,True,0,Standard Complexity,0.08062257748271476,13.323695652173912,5.689224887488266,0.46792397,0
3b9fd0e8de382a3a,73,5,1,449,2,17,11,23.57,5.44,6.34,True,0,Standard Complexity,1.9697715603594057,11.57111111111111,7.405309198202845,0.46787086,0
3389b092987ec665,114,27,0,80,5,0,7,17.87,11.15,8.9,True,3,Critical Complexity,0.00999999999839929,4.802978723404255,4.50608001312157,0.46743047,0
6c4346ab4ca866e1,80,8,0,190,1,7,10,23.0,9.37,6.97,True,0,Standard Complexity,0.182482875908818,10.301463414634146,5.6973145411122275,0.46735296,0
b2955abe85833ad8,57,5,2,191,1,6,3,32.64,16.93,6.54,True,1,Critical Complexity,0.5239274758972207,9.882608695652175,6.801755347217559,0.46720874,0
2d3f93addadb5520,55,0,0,59,1,2,3,34.71,8.55,6.3,True,0,Standard Complexity,0.927200086281212,21.946363636363635,5.946774637990019,0.46681315,0
e56cbabadd2d8f8c,67,11,0,213,3,9,10,18.59,8.47,10.83,True,2,Standard Complexity,0.188679622641087,10.374736842105264,5.071360627578998,0.46673787,0
185253d27aee13dc,63,3,0,194,0,11,1,24.55,5.26,6.7,True,0,Standard Complexity,0.08944271909991024,11.338461538461539,7.353234954753096,0.46672615,0
6c78c3c8936702fe,107,2,0,141,0,7,5,22.44,18.41,6.35,True,3,Critical Complexity,0.1649242250250114,9.48521739130435,4.670796291449594,0.4667212,0
4896f66822b131df,83,12,6,214,5,5,1,21.18,4.18,6.67,True,0,Standard Complexity,0.02236067977497756,7.889038461538461,5.807439280657242,0.46661866,0
a029843dc008429a,134,1,0,207,5,2,18,25.46,2.5,6.27,True,0,Standard Complexity,19.87944164205811,10.133,9.027321917379485,0.46660858,0
cf405c79ba6a47aa,46,0,0,198,9,8,0,32.26,11.04,6.3,True,0,Standard Complexity,1.5200328943809809,16.73857142857143,8.324922013485306,0.4661223,0
2e05cff03e6cb3ce,59,0,1,77,0,5,0,36.81,21.53,6.3,True,1,Critical Complexity,0.28017851452235487,15.316610169491524,6.451317986526972,0.46609282,0
575e966b7295e904,80,5,0,256,2,7,3,22.64,10.96,6.65,True,0,Standard Complexity,1.2952219886953549,10.804400000000001,5.5643839407431255,0.4656614,0
73c1dd7d52cd3fd,80,11,0,203,4,6,4,17.28,16.83,9.1,True,3,Critical Complexity,0.03999999999996362,6.375161290322581,5.998364761557529,0.46554732,0
445863ba2c74699a,70,2,0,250,0,5,10,26.93,26.81,6.33,True,1,Critical Complexity,0.5385164807133491,12.200377358490567,5.586080396595023,0.4654173,0
8a99beff5a07be34,74,3,0,217,6,10,7,37.1,11.89,7.42,True,1,Critical Complexity,2.7692959394041434,11.20809523809524,7.148126373924596,0.4648046,0
86ea84cbc9bf9868,58,1,0,327,6,7,3,26.49,9.52,6.3,True,0,Standard Complexity,0.21470910553520942,13.709743589743589,6.877335682377292,0.46479568,0
7cd835b8524912df,91,28,0,13,0,4,0,13.42,12.14,7.35,True,2,Standard Complexity,0.009999999999763531,4.385714285714285,4.30492804146328,0.464792,0
db22eea721777185,70,5,0,256,0,5,10,23.61,12.31,6.46,True,3,Critical Complexity,0.8089499366464311,11.099661016949153,5.130641736747285,0.46455526,0
5df459e7a205e51,101,3,0,33,6,7,0,17.73,12.33,6.3,True,3,Critical Complexity,5.652079263421502,8.80111111111111,4.797456373362971,0.46446672,0
cc609c5e1d5f95ae,67,5,0,148,6,13,1,21.92,12.73,10.87,True,3,Critical Complexity,0.1802775637732499,6.745000000000002,5.055254467113672,0.46430027,0
e87c1ceda7fc5cc6,74,13,1,84,0,6,0,19.35,8.91,8.43,True,2,Standard Complexity,0.009999999999763531,7.627142857142858,5.873962840858147,0.46396846,0
289f52ebaf7538a7,78,3,0,118,2,5,0,16.45,4.48,7.55,True,2,Standard Complexity,0.5632051136130727,11.647179487179486,5.372001464725706,0.46384925,0
39418000aa1e543e,132,4,1,396,1,9,14,25.72,18.15,18.83,True,3,Critical Complexity,5.808347441398351,11.42162162162162,7.740274285772562,0.46351084,0
c1fe8135a7f7277a,24,0,0,184,5,4,1,29.45,21.83,6.3,True,1,Critical Complexity,4.3026154836333665,18.620624999999997,8.583616275170682,0.46349803,0
68f5ce8128315e17,58,97,1,61,5,15,0,17.83,14.73,10.94,True,3,Critical Complexity,0.07615773105934606,2.9947863247863244,2.5768199437909844,0.46343723,0
9d8fde78b16e82b3,59,30,7,210,1,5,2,23.52,22.94,9.48,True,3,Critical Complexity,0.02236067977497756,5.262999999999998,5.236523478688618,0.46296012,0
2c9e38c016338cbf,113,4,0,519,5,14,11,19.0,5.88,6.66,True,2,Standard Complexity,0.3883297567787159,10.139565217391304,4.774907673371806,0.46264198,0
2df97c7e3688a8da,69,5,0,286,0,8,7,23.22,12.36,9.39,True,3,Critical Complexity,0.07071067811861456,12.0,6.045816937273605,0.4623088,0
ffb964d62908dc7,60,8,1,388,2,11,2,23.29,18.62,10.04,True,3,Critical Complexity,0.6675327707309879,10.29320754716981,6.761931111239641,0.4622148,0
ce45a8cc77e0d26c,57,5,0,152,2,10,3,20.92,19.92,9.45,True,3,Critical Complexity,0.21095023109736746,10.694782608695652,6.961397204562998,0.46219698,0
a9c2ad1fedf55fb7,92,0,0,568,3,15,13,20.51,5.6,6.32,True,0,Standard Complexity,0.2844292530661792,10.687741935483874,4.7547312326453355,0.46181327,0
87d0a37939ccc53d,103,24,1,98,1,6,1,15.43,10.16,9.22,True,2,Standard Complexity,0.11000000000058208,7.170000000000001,4.25043310486677,0.4616607,0
d325b4223a3a121a,57,2,0,151,7,1,8,27.66,6.72,6.4,True,0,Standard Complexity,0.3067572330040735,11.830833333333333,8.966181794511096,0.46155027,0
6afc24252930b985,73,21,1,182,3,10,11,21.5,20.84,6.47,True,3,Critical Complexity,0.15264337522459864,4.349411764705883,4.656414892809622,0.46133322,0
723f9a7927e89d58,65,1,0,141,1,5,1,25.39,7.79,6.3,True,0,Standard Complexity,1.5966214329011466,12.075333333333331,8.322218747959518,0.46122083,0
d69bb61db2bac8fc,81,1,0,274,5,10,6,23.8,9.54,15.78,True,0,Standard Complexity,0.5503635162337706,11.104651162790697,5.381890542230041,0.460934,0
327a7786e5ab5b64,67,4,0,158,0,7,2,19.37,5.84,9.17,True,2,Standard Complexity,0.15811388300827517,12.55491525423729,5.253466772371495,0.4606737,0
79de9e8053567e4b,65,3,0,318,2,15,2,23.92,11.56,9.43,True,0,Standard Complexity,0.06324555320374148,8.077727272727271,5.116978362469737,0.4606281,0
8595c106a7da15fb,69,0,0,177,4,12,2,26.51,17.25,6.3,True,3,Critical Complexity,0.9055385138135408,15.792307692307691,5.591677176743592,0.46045542,0
269ea451b440434c,75,2,0,250,3,7,8,23.83,14.61,6.32,True,3,Critical Complexity,0.5825804665449705,15.111891891891892,5.828027267107668,0.46041358,0
1b1d2bb78861683,74,6,0,171,2,5,1,21.74,8.45,6.46,True,0,Standard Complexity,0.022360679775485982,10.548461538461538,6.119478416881177,0.46035352,0
e1ea11183020b3e6,62,0,0,74,4,4,1,35.6,34.67,6.32,True,1,Critical Complexity,0.7576938695799105,8.433076923076923,6.8192085990355045,0.45998812,0
b8d3308d587a026d,67,0,0,152,3,1,10,26.33,2.35,6.27,True,0,Standard Complexity,4.277487580344128,18.313636363636366,6.568279521135545,0.45995426,0
4264082705e02780,82,4,0,107,8,3,3,22.01,20.62,6.98,True,3,Critical Complexity,2.46483265152008,8.097000000000003,5.678569450134427,0.45986304,0
daa84148a54c073c,67,4,0,504,0,8,21,18.36,18.04,7.88,True,3,Critical Complexity,0.1780449381475872,8.6676,6.433410467240528,0.4597456,0
75d8e84b3307c1d0,84,54,0,217,13,15,10,17.13,12.47,9.37,True,3,Critical Complexity,0.12000000000034561,4.224891304347826,3.6412275446150733,0.4595424,0
845b136421bf3496,76,2,0,69,6,13,0,15.99,6.23,6.34,True,2,Standard Complexity,1.404314779527925,9.58206896551724,4.705345001320377,0.4594996,0
7c12f0a8a284cec8,44,0,0,180,7,5,7,35.85,17.19,6.32,True,1,Critical Complexity,1.289961239728428,17.221315789473685,6.376166217808246,0.4594712,0
3f0049671282cf4f,70,3,3,232,2,6,5,23.26,6.52,6.3,True,0,Standard Complexity,0.48083261120694676,10.764893617021276,6.1910875792718825,0.45941553,0
f23179a8b6bfcb59,59,0,0,231,4,11,2,31.92,12.08,6.31,True,0,Standard Complexity,0.607453701939703,12.8584375,7.90903680504736,0.4593274,0
bbfc8565ef0d0bc1,64,10,2,402,3,11,9,20.26,4.15,6.62,True,2,Standard Complexity,0.6007495318349881,10.267543859649123,5.925196948596332,0.45914698,0
8c26a118fcd7ff5f,27,1,0,167,5,4,4,31.2,13.31,6.3,True,1,Critical Complexity,0.8800568163475458,20.61653846153846,5.456667017587605,0.45847923,0
3510dbc1b1081dc6,91,4,0,410,3,9,5,21.77,6.65,6.43,True,0,Standard Complexity,0.0447213595507686,10.478709677419353,4.79520542930761,0.458364,0
e1e401a3cc955cf2,91,1,0,124,0,4,0,28.99,15.66,6.29,True,1,Critical Complexity,2.800803456153233,6.966799999999999,7.590167703022114,0.45835236,0
ea7408dea135a104,69,1,0,309,2,9,5,30.06,28.59,6.3,True,1,Critical Complexity,0.8200609733425451,12.314200000000001,5.4549027819018,0.45825544,0
11988effcbf9926,108,12,1,455,4,9,10,22.94,12.61,7.06,True,3,Critical Complexity,0.010000000000218279,9.126593406593406,5.014131068604344,0.4582096,0
ab4f1ab1a1870173,104,45,3,20,3,4,0,11.35,8.01,7.15,True,2,Standard Complexity,0.03162277660007319,3.6213114754098363,3.317755253085512,0.45772126,0
7809a0e13a8b2c1c,93,1,0,90,0,5,0,22.64,6.14,9.8,True,0,Standard Complexity,0.049999999999954525,10.67095238095238,4.66542490767572,0.4576869,0
fb5657df3f19116d,56,2,0,333,1,16,2,26.97,9.16,6.32,True,0,Standard Complexity,0.9884331034519395,11.110370370370369,6.802666406137828,0.45718542,0
78fcac2af66c044c,69,0,0,9,0,0,0,18.74,18.19,6.34,True,3,Critical Complexity,1.3209466302618464,8.237058823529411,4.251240323794626,0.45716557,0
7f292cf441bb70bf,112,5,0,256,0,8,8,19.82,14.3,6.85,True,3,Critical Complexity,0.5923681287847211,10.372650602409639,4.58473582803427,0.45665768,0
f2faca9f9ed7dcb8,64,2,0,527,6,16,13,24.72,14.98,7.18,True,3,Critical Complexity,0.3534119409412209,14.543846153846154,5.017957044396483,0.45654297,0
15ca92f4ae6635e4,129,3,0,328,5,9,8,20.42,11.14,9.42,True,3,Critical Complexity,0.177200451466635,8.388387096774194,4.683657997468737,0.45636576,0
206c9de6402b4a1f,101,37,4,90,1,4,2,13.23,9.66,11.99,True,2,Standard Complexity,0.3807886552924789,4.338196721311476,3.654153041828435,0.4563115,0
f04763fabdf50d26,63,0,0,207,1,4,3,33.55,12.47,6.3,True,1,Critical Complexity,0.16124515496542952,14.704761904761906,5.338099018731935,0.45627955,0
3c8a189deaeccc56,108,38,0,24,1,2,3,12.75,11.3,11.67,True,2,Standard Complexity,0.03162277660237405,3.4758695652173914,3.417456196142386,0.45626488,0
e404cc23aea15202,75,5,0,567,4,20,12,23.64,6.82,6.46,True,0,Standard Complexity,1.795243716045274,10.254838709677422,7.878444201649305,0.4561654,0
bbd2f402085ca266,82,3,3,402,3,10,6,22.25,7.36,6.3,True,0,Standard Complexity,0.16155494421414152,12.471454545454543,5.978543580073911,0.45613512,0
4500ea9848b65826,60,22,2,137,2,8,4,20.81,16.28,6.88,True,3,Critical Complexity,0.05656854249503313,6.565102040816327,6.385586806796904,0.45597032,0
d0d6ccb1a45f7937,57,42,0,197,5,13,4,26.86,17.62,6.96,True,1,Critical Complexity,0.06403124237427026,4.020163934426229,4.712448631473137,0.4559199,0
a7686b9821399d4b,53,5,0,244,0,11,3,24.67,8.53,6.86,True,0,Standard Complexity,0.13152946437886523,14.2815,8.023257614585237,0.45558974,0
78e2ec13943292e5,87,2,0,285,2,7,11,23.48,8.22,6.3,True,0,Standard Complexity,2.8363709207364827,13.3175,7.834677854470683,0.4555232,0
2c9e10a1dd79691d,60,12,0,257,0,12,5,20.29,17.02,7.29,True,3,Critical Complexity,0.06999999999970896,10.727142857142857,6.4434071273017715,0.4554519,0
37946edf65de0718,48,3,0,52,4,0,1,29.71,8.67,6.29,True,0,Standard Complexity,0.38897300677550223,15.137142857142859,7.389124661643361,0.4554192,0
83d55e3ebf20d9b1,83,5,2,328,3,9,8,24.63,11.37,9.47,True,0,Standard Complexity,0.3501428280005953,10.879841269841268,5.705136224480894,0.45540178,0
419e3edbcc57e3ed,139,21,1,167,19,11,8,11.69,10.37,7.69,True,2,Standard Complexity,0.18027756377359674,4.34275,3.477508438163738,0.45532075,0
6b50970d4884060f,56,8,0,62,0,4,2,19.21,12.89,6.57,True,3,Critical Complexity,0.14422205101845995,9.517777777777779,5.16284412956394,0.4552749,0
26a3fc62d911fabd,94,3,0,284,0,6,10,27.81,9.08,6.3,True,0,Standard Complexity,0.16124515496582434,13.103768115942026,4.831082664822216,0.4552206,0
5bdcae76906f696d,83,1,1,199,1,8,3,34.61,21.77,6.32,True,1,Critical Complexity,0.6041522986796853,13.072000000000001,5.077485641973244,0.45511794,0
94470535c4038bba,87,1,0,116,2,3,8,30.12,18.65,6.31,True,1,Critical Complexity,3.8989485762189107,11.855652173913043,8.22121953615312,0.45500863,0
2bdb59a51e07387a,237,53,0,247,3,5,0,15.31,10.53,8.02,True,2,Standard Complexity,0.12165525060589114,2.7373529411764714,2.811131558667863,0.45495462,0
a3864febd88066b7,99,5,0,273,0,5,4,19.7,4.27,6.55,True,2,Standard Complexity,3.233218211008959,9.357,5.477636442846495,0.45477176,0
a7602918b08e6e20,69,30,0,253,2,8,10,21.93,8.59,7.71,True,0,Standard Complexity,0.009999999999990905,6.505306122448979,5.583960668112173,0.45460185,0
7c216550dcc8c148,64,0,0,116,0,7,1,21.04,1.78,6.29,True,0,Standard Complexity,0.31575306807684433,12.567647058823528,5.89146194721077,0.4545124,0
64f8c7097074a088,78,17,0,126,2,5,2,17.2,4.46,6.97,True,2,Standard Complexity,0.5093132631298145,7.7670769230769245,4.667741909375922,0.4542957,0
2e2b85fcce52eef0,66,1,3,109,7,2,0,20.39,6.83,6.33,True,0,Standard Complexity,0.7433034373659008,10.026,4.996749788056676,0.45419726,0
da2e0433602335ce,50,11,0,78,5,3,0,31.29,10.12,7.56,True,0,Standard Complexity,0.32984845004933344,7.2844999999999995,8.996539598645693,0.45393842,0
b604766ee948e6a2,69,2,1,319,0,10,7,22.89,6.12,6.34,True,0,Standard Complexity,0.20880613017845667,10.34063829787234,5.239712272535469,0.45384225,0
5f09174013e7a7,67,6,0,175,4,9,4,20.35,5.4,6.89,True,0,Standard Complexity,0.5630275304108028,8.317179487179486,5.545382902188714,0.45380825,0
17d2adccc744fa3c,142,1,0,166,4,7,8,23.95,8.58,6.36,True,0,Standard Complexity,8.679089814030208,15.840555555555556,8.259058644383028,0.4537944,0
a055ca3de5ec818,67,4,0,256,0,11,16,24.09,3.49,6.26,True,0,Standard Complexity,1.182581921052394,10.832500000000001,5.8785874305458305,0.45361888,0
6af2a3ac349d117e,43,2,0,85,0,2,2,34.8,4.91,6.3,True,0,Standard Complexity,1.1353413583586924,15.06911111111111,11.269306559011858,0.45341185,0
caf8be74625fe175,76,3,1,338,1,9,8,22.05,7.85,6.37,True,0,Standard Complexity,0.21023796041680898,11.19276595744681,5.082810707660175,0.4533577,0
3c30be2424fee0ab,73,3,0,178,4,9,6,24.22,5.57,9.41,True,0,Standard Complexity,0.6802940540680951,8.785416666666666,7.0589127935106895,0.45333055,0
4e8b1f08029ffb84,71,6,1,203,3,9,7,20.62,8.77,7.28,True,0,Standard Complexity,1.1900420160649772,9.415609756097561,5.213941465322301,0.45301485,0
66b9f482b5f94be1,72,7,0,253,7,8,9,21.25,11.43,6.78,True,3,Critical Complexity,0.12206555615731915,8.95925,6.1116210564383,0.45298314,0
19bb3f73e098ddb0,63,10,0,474,2,7,25,25.28,13.63,6.66,True,3,Critical Complexity,0.13341664064131242,10.338275862068963,7.967444131769336,0.45298117,0
6eb4f390d785f808,80,4,1,204,2,11,5,20.33,11.2,9.39,True,3,Critical Complexity,0.30594117081547834,9.015897435897434,5.261657980848748,0.45289505,0
3b879e4adf2c1f97,80,9,3,362,3,9,11,24.44,9.38,6.84,True,0,Standard Complexity,0.09999999999996731,8.019605263157894,5.00738413713332,0.45267758,0
65873e2819df3986,86,1,0,246,7,0,6,21.65,20.15,7.32,True,3,Critical Complexity,5.57368818647083,7.73625,5.493656426961919,0.4523941,0
12fcf8e0d9900114,101,37,2,163,2,7,0,15.86,12.52,11.68,True,3,Critical Complexity,0.22803508502011874,4.952278481012658,3.9632549432547406,0.45212746,0
1634f30bc02f1a,69,5,0,115,1,5,1,20.14,15.99,6.29,True,3,Critical Complexity,1.1666190466472055,10.901739130434784,6.503211682916113,0.45198333,0
3a169fefa37106ae,78,6,1,243,3,9,2,18.53,11.38,6.61,True,3,Critical Complexity,0.07615773105858101,7.314285714285716,5.596533001122486,0.45197698,0
5097a20fd6ab1350,59,4,0,356,0,9,16,36.65,13.05,6.32,True,1,Critical Complexity,0.33060550509622955,12.372068965517242,8.399180329183336,0.45190814,0
327b5a29ef551cf1,95,1,2,179,4,4,9,21.49,6.3,6.33,True,0,Standard Complexity,0.6811754546377183,8.958214285714286,6.192372066601336,0.4517185,0
77a88d109bb05306,74,2,0,116,5,6,1,21.16,5.85,6.35,True,0,Standard Complexity,0.27073972741360236,10.308269230769232,5.366293922808955,0.4517081,0
f6583e2ee63a9574,78,13,4,396,2,8,11,25.9,4.35,7.3,True,0,Standard Complexity,0.020000000000436557,7.7528571428571444,7.673300117542487,0.45168516,0
1dc76e8ed15574e5,71,1,0,272,3,8,5,26.92,10.83,6.25,True,0,Standard Complexity,0.0500000000001819,15.13546875,5.920802028042606,0.4515952,0
f262a2c6e701c7e,62,3,0,85,0,3,0,21.5,11.06,6.86,True,0,Standard Complexity,0.36796738985948946,9.781333333333333,5.8459572355603155,0.45156533,0
a4d0d5487de47eb5,85,8,1,259,2,9,7,18.89,6.24,6.95,True,2,Standard Complexity,0.060827625302515696,9.624303797468356,4.914962349301251,0.45154402,0
742c5e986bc24437,124,3,0,401,8,28,15,27.28,4.12,7.31,True,0,Standard Complexity,0.3413209633176628,15.36386363636364,7.603662160704684,0.45136327,0
16de4255c85bd6e5,108,1,0,447,13,5,14,21.87,6.75,6.29,True,0,Standard Complexity,2.5188290930508637,9.214137931034484,8.192207195841407,0.45133325,0
4b481d92cfd6ab8a,112,2,0,518,14,8,22,23.76,3.73,6.4,True,0,Standard Complexity,2.92909542350548,8.661714285714284,8.325422850081134,0.45125657,0
5c4809c10606c73a,65,0,0,103,7,6,1,21.34,12.0,6.34,True,3,Critical Complexity,2.1811235636704205,8.72642857142857,5.394693963440714,0.45114207,0
9c30a748baed6d74,80,9,0,305,1,9,8,18.38,10.28,18.83,True,2,Standard Complexity,0.17464249196547985,9.34014705882353,4.92278600359565,0.45109385,0
b9f0928ea36ed868,69,2,0,301,0,10,5,19.85,15.59,12.62,True,3,Critical Complexity,2.8099999999994907,10.00964285714286,6.393942715091961,0.45090148,0
506aa2cf7675b4ac,96,17,2,71,0,5,0,20.36,14.39,6.47,True,3,Critical Complexity,0.10630145812739954,6.904057971014493,4.412037328484847,0.4504951,0
f158cd951aefe7bc,94,5,4,276,1,4,21,18.43,6.68,6.29,True,2,Standard Complexity,0.18439088914613397,7.199677419354838,5.417041499344374,0.45020008,0
1d7ba33d2c2438bb,76,2,0,473,2,9,11,34.34,8.65,6.33,True,0,Standard Complexity,0.2617250465662357,11.893684210526315,5.434759676598614,0.45013,0
d127e0e98f0a9ac8,73,6,1,182,0,6,11,20.32,7.08,6.64,True,0,Standard Complexity,0.23769728647996416,8.672083333333333,5.850577591975191,0.4500403,0
c2e4a2e2bf73662,132,3,0,228,7,9,3,18.49,17.22,6.37,True,3,Critical Complexity,0.014142135623718088,6.140689655172413,5.29306698852994,0.44974363,0
3c698a82b0546420,63,16,0,212,0,6,0,17.89,11.7,7.7,True,3,Critical Complexity,0.346554469023118,9.993,4.765932682417297,0.4496882,0
ec104c28ed3eaff9,76,3,0,531,3,11,14,19.48,11.57,6.38,True,3,Critical Complexity,1.2837834708392766,9.988064516129032,4.886303054889736,0.4496617,0
6e4d627da8dbc54a,48,0,1,22,0,0,0,36.03,4.46,6.3,True,0,Standard Complexity,0.2912043955709559,16.422857142857143,9.58191791972819,0.44961455,0
65a3f98c658b8aba,42,2,0,198,5,10,2,24.77,5.32,6.3,True,0,Standard Complexity,1.0944404963264953,19.46939393939394,5.537321275257361,0.44917977,0
4965595267223070,65,6,0,223,3,11,7,21.11,8.04,6.32,True,0,Standard Complexity,0.9486832980506577,11.102380952380953,5.675886257427666,0.4490441,0
8e3bebd020b3b23b,57,3,2,61,2,4,0,19.99,7.15,6.31,True,0,Standard Complexity,0.7547184905646132,8.791818181818181,6.927348723038166,0.4489238,0
ed1db9ba1398800,76,2,0,377,15,17,6,23.77,6.47,6.31,True,0,Standard Complexity,2.438216561341707,11.939200000000001,7.636206869906027,0.44883934,0
1d5e4fa3c20d5da3,65,2,0,381,2,9,4,25.43,7.99,6.3,True,0,Standard Complexity,2.646828290614434,11.475945945945947,7.1893849902212565,0.4488077,0
5d5f4c67dd1e7b47,98,1,0,487,2,16,16,20.05,8.81,6.65,True,0,Standard Complexity,0.086023252670163,11.789024390243902,4.762663891234456,0.44878325,0
ba2b2b8c7bce2b6f,120,3,2,610,8,26,18,28.11,22.68,12.63,True,1,Critical Complexity,0.05999999999949068,13.103555555555557,7.10665358208788,0.4487652,0
7268d5d6a56ed31f,58,4,0,298,2,12,9,34.83,19.44,7.77,True,1,Critical Complexity,0.2785677655440167,13.254999999999999,8.457484639570529,0.4487287,0
2bf874f7eb2987f5,60,5,1,215,1,8,4,31.71,24.48,7.2,True,1,Critical Complexity,0.8560373823604736,10.94,7.925664870303541,0.44849858,0
55435982c416b3a6,73,22,1,386,0,8,17,19.03,11.59,10.84,True,3,Critical Complexity,0.08602325267090309,7.8076470588235285,4.499539557374032,0.44849288,0
22541f035eb59f60,70,2,2,325,3,9,7,29.85,23.78,6.34,True,1,Critical Complexity,0.583095189484452,11.045625,5.3172457846497,0.4483426,0
502b11a6caa48ece,119,12,5,219,3,10,3,24.49,15.15,6.61,True,3,Critical Complexity,0.02236067977497756,5.995625,4.746713953818473,0.44833308,0
c1db3d89ac83f806,64,6,0,197,1,2,12,20.97,20.46,6.29,True,3,Critical Complexity,0.08544003745317744,8.750833333333334,7.295766989989621,0.44830516,0
e60be7487bba54a0,57,28,0,200,0,8,8,18.31,17.11,12.46,True,3,Critical Complexity,0.29068883707480997,4.6450000000000005,5.183775736116768,0.44827238,0
b819166e2709bd7,46,3,0,60,3,0,0,35.63,9.83,6.86,True,0,Standard Complexity,0.08246211251227821,13.199444444444445,10.446455790374404,0.44824183,0
ef1f411eb8bbfefe,104,2,0,332,0,22,16,17.78,16.16,3.13,True,3,Critical Complexity,6.779564882793059,5.395833333333333,5.85049493395407,0.44816136,0
90bd7c350f89896e,64,11,0,155,6,3,0,18.42,4.52,8.06,True,2,Standard Complexity,0.0,9.1662,5.612786790890956,0.4481501,0
29e7c6693a293d3a,100,1,0,112,1,3,1,17.65,6.04,6.29,True,2,Standard Complexity,0.3794733192202199,10.719107142857144,4.634888377753524,0.4481262,0
ecbf209f0e0d376b,102,9,1,69,2,1,7,16.2,2.96,6.56,True,2,Standard Complexity,0.08000000000004093,4.846315789473684,4.823413522137632,0.4480733,0
fca74d7e0aec4a7f,64,3,0,248,5,9,12,24.06,13.6,6.79,True,3,Critical Complexity,0.9353608929176597,11.441153846153846,7.893971568873143,0.44800392,0
a1773ae4b8e5ee2b,65,4,4,335,12,8,10,19.41,9.01,6.28,True,2,Standard Complexity,0.01999999999998181,10.63235294117647,6.170505298607108,0.447861,0
20446d3a2d26c043,60,9,0,189,2,4,9,23.4,15.97,9.17,True,3,Critical Complexity,0.3036445290137879,11.021333333333335,7.302681577490711,0.44785035,0
cdebdd996abda537,57,13,0,158,0,5,5,25.03,10.01,7.38,True,0,Standard Complexity,0.042426406870993486,9.186041666666666,6.892890280203984,0.44784528,0
9ba6f846b184e61b,71,3,1,186,2,6,1,18.01,5.7,6.29,True,2,Standard Complexity,0.9823441352192075,9.483793103448276,6.094100263874835,0.44784346,0
e18a56207ce6f459,72,2,4,107,0,4,0,19.93,9.57,6.31,True,0,Standard Complexity,0.1920937271229883,10.475178571428572,4.999893209956528,0.44784224,0
799b3f9872a7756e,118,8,0,113,0,4,1,17.29,15.36,6.81,True,3,Critical Complexity,1.231462545106443,6.678461538461538,4.795165053420617,0.4476903,0
91acc5c931bd53a5,114,9,2,253,7,10,10,15.07,13.43,6.72,True,3,Critical Complexity,0.17464249196557097,6.2,4.698894077924672,0.44765505,0
5fd817b825b2fe50,67,0,0,262,2,8,7,31.57,16.32,6.29,True,1,Critical Complexity,1.6701197561852446,14.335625,5.812391900876523,0.44760007,0
bb0405247dcadf6b,83,3,1,136,2,4,2,29.39,16.79,9.62,True,1,Critical Complexity,0.7621679604918897,10.822608695652175,5.111050021780434,0.44756323,0
d65f41a56ef54874,74,14,4,161,1,5,3,25.89,14.16,8.04,True,3,Critical Complexity,0.02236067977497756,7.107959183673469,5.365572407827533,0.4472785,0
36b39f6d0890569f,81,2,0,156,0,11,5,26.76,10.22,6.31,True,0,Standard Complexity,1.722846481843103,12.84483333333333,5.333176192997524,0.44724163,0
4640c64c98963e5a,65,2,0,210,1,4,16,32.6,11.49,6.43,True,0,Standard Complexity,0.18027756377340126,16.185208333333332,5.802995271690637,0.44715527,0
ec4a772935fac1a6,27,0,0,228,5,1,10,27.49,10.33,6.29,True,0,Standard Complexity,2.7426264783968963,21.927894736842106,4.865065130680346,0.44668838,0
a14ec1f55c4d083d,66,1,1,240,3,9,7,25.05,12.71,6.33,True,0,Standard Complexity,0.24738633753672434,11.306730769230766,5.546201306075609,0.44653565,0
4fa948464e0d36f0,142,4,0,592,14,24,12,26.97,16.45,9.54,True,1,Critical Complexity,1.1810588469677057,13.975081967213116,8.246546345751392,0.44653052,0
153f7636e00db5a,59,1,0,296,3,8,3,26.15,10.65,6.31,True,0,Standard Complexity,0.8459905436821132,13.886470588235294,6.915038974137516,0.4465119,0
e6c71ef0186566da,59,9,0,273,2,7,10,24.04,5.92,6.41,True,0,Standard Complexity,0.15033296378374927,10.27818181818182,8.006954724921464,0.446039,0
1ebef8f2297e88ce,76,6,0,220,0,6,9,24.17,10.61,6.49,True,0,Standard Complexity,2.0634921855921777,9.239615384615384,8.753593759035477,0.4459907,0
a6a6cab1271935dc,98,1,1,65,4,4,0,15.15,3.99,6.36,True,2,Standard Complexity,1.5352198539622328,8.193600000000002,4.799500707365298,0.44596523,0
28afeb21336db3cc,71,2,2,105,1,3,1,24.61,12.66,11.98,True,3,Critical Complexity,0.16970562748485823,14.034423076923074,4.898443007520757,0.44594765,0
6c22441ccc1d7608,64,30,0,95,5,14,0,17.14,14.35,6.37,True,3,Critical Complexity,0.010000000002037268,5.11241935483871,4.641795288631423,0.44593632,0
f19756bf00daa374,26,3,0,212,1,4,7,27.74,7.35,6.38,True,0,Standard Complexity,1.6278820596103618,10.985384615384616,9.863887215794652,0.44572374,0
759d32dcfaf1d60c,29,25,0,245,1,9,5,26.23,20.21,6.49,True,1,Critical Complexity,0.6260990337001852,6.660555555555555,8.47285336446952,0.4457011,0
3a2ab7f6df59f52a,57,4,1,385,0,10,18,26.4,15.21,6.3,True,3,Critical Complexity,0.022360679775485982,10.025945945945946,7.542059170917364,0.44545996,0
e99b3cc8fcd8885f,82,3,2,411,7,11,7,20.14,4.57,6.35,True,2,Standard Complexity,0.7244308110510124,11.091935483870966,5.025615943219387,0.4453885,0
6d193163346b15e5,82,15,1,345,1,7,6,22.11,7.76,10.34,True,0,Standard Complexity,0.014142135623235757,10.39138888888889,6.265592395854334,0.4453753,0
58f4ba1dccd8eade,28,0,0,242,3,7,11,36.63,18.86,12.57,True,1,Critical Complexity,5.791200221025054,22.30818181818182,5.614924622147362,0.4449631,0
e9b17471cb8aa2bc,64,4,0,215,4,6,4,20.29,18.56,7.86,True,3,Critical Complexity,2.1317832910505174,9.893703703703704,6.315149420916721,0.44493955,0
43a7da0b6e668fad,68,18,0,116,7,1,10,13.66,10.95,8.02,True,2,Standard Complexity,0.07211102550934033,5.951304347826088,4.855224263255287,0.44492978,0
4e44e928d4f4d124,57,1,0,52,4,1,2,22.86,6.27,6.3,True,0,Standard Complexity,0.3244996147917319,10.598823529411764,5.782695160718686,0.44492972,0
44438e83b20681d8,52,83,5,172,1,5,3,20.21,7.54,11.98,True,0,Standard Complexity,0.05099019513610443,3.6969306930693073,4.004788406809449,0.4447603,0
46b9c68beb7e01f5,118,7,2,190,1,10,4,18.34,15.45,6.41,True,3,Critical Complexity,0.014142135622110313,7.6280487804878065,4.786513940744092,0.444589,0
45df4f42c5bacd0c,63,0,0,54,2,0,3,34.21,9.37,6.33,True,0,Standard Complexity,0.5905929224094149,24.545873015873013,5.413953939009484,0.44451097,0
d1d8d30037d82880,64,3,0,111,1,5,2,24.3,15.03,6.3,True,3,Critical Complexity,0.6198386886925366,16.38081081081081,5.712156963916842,0.4442405,0
756393b0ad44ffa3,40,128,4,130,3,4,6,17.22,10.83,9.12,True,2,Standard Complexity,0.022360679775180928,4.196768292682926,3.947431541595118,0.4442347,0
84236db47e328ee4,69,2,0,205,2,5,6,31.34,5.86,6.32,True,0,Standard Complexity,0.31016124838536896,12.911276595744681,5.821248903442905,0.44407836,0
64ab59a734dcb6d2,57,0,0,45,3,1,4,20.97,3.74,6.32,True,0,Standard Complexity,0.17262676501627564,11.098199999999997,6.4858910536640995,0.4439832,0
3ca4c74947f0e275,18,2,0,113,9,0,1,25.37,3.71,0.97,True,0,Standard Complexity,0.03999999999996362,13.574000000000002,10.043584220784929,0.44390613,0
bb63b67f6ee14dbd,97,3,0,279,3,12,7,20.88,12.15,6.43,True,3,Critical Complexity,3.3533565274218007,10.20175,6.011702707012382,0.44374862,0
4bab9703c9ddecfe,69,1,1,459,8,21,11,23.1,9.77,7.18,True,0,Standard Complexity,1.0241581909056587,12.954571428571429,7.1169874617433635,0.44373098,0
ae995e53256aae7d,57,1,0,115,3,10,0,27.9,20.12,6.31,True,1,Critical Complexity,0.6228964600960537,13.999166666666667,6.828671122960569,0.44361797,0
1c79170c2d4dea81,58,0,0,39,2,0,2,20.83,20.19,4.59,True,3,Critical Complexity,8.866893480808077,9.904,5.593505519797044,0.4436113,0
679416e72c08f6db,51,4,0,553,4,16,15,29.27,12.93,6.33,True,0,Standard Complexity,0.9457801012920455,13.791627906976743,6.6794021909889985,0.4435466,0
435504c6f7665ab1,42,1,0,365,16,13,6,30.61,26.36,6.39,True,1,Critical Complexity,0.05830951894828299,16.00222222222222,7.762890752774135,0.4435357,0
6131d9a44370249b,37,0,1,280,7,4,4,31.43,29.4,6.29,True,1,Critical Complexity,3.729369919973058,18.72793103448276,6.382306025422183,0.44329596,0
94b96c006e064a94,68,2,0,162,5,6,6,20.82,12.15,6.36,True,3,Critical Complexity,1.254830665866964,10.043555555555557,5.553585890837882,0.4431914,0
c1f70c0dcbb80cc6,63,0,0,52,2,4,1,19.91,8.38,6.26,True,0,Standard Complexity,0.32756678708312337,11.01047619047619,5.636939794731988,0.44315144,0
ae13c12ab6026d47,62,4,0,171,2,11,2,30.38,21.73,6.43,True,1,Critical Complexity,0.19104973174558748,14.409056603773585,7.145510601175607,0.44278127,0
401a60f5fe78e8f1,136,11,0,220,6,12,3,15.55,9.1,7.02,True,2,Standard Complexity,0.4904079934095149,5.327692307692308,4.379647838282974,0.44265598,0
b35e5f36a1ba0d5,67,4,0,162,5,11,0,19.19,14.98,6.29,True,3,Critical Complexity,1.143896848496586,11.542439024390244,5.149157061248367,0.44242123,0
eb8136d8ce4223b5,60,20,0,114,3,12,3,18.0,17.61,6.69,True,3,Critical Complexity,0.19026297590491262,5.459387755102041,5.1030220770670525,0.44217622,0
5275f4ea82639b27,34,33,3,159,13,2,2,23.29,5.54,6.49,True,0,Standard Complexity,0.19104973174548037,5.996470588235295,6.524352517955073,0.4421611,0
828a701a0337711f,87,2,0,293,1,7,3,26.67,9.26,6.3,True,0,Standard Complexity,5.693803649582941,12.484615384615383,8.0948360703548,0.4417993,0
810071822edc7a6e,63,6,0,321,0,10,7,24.32,6.61,6.65,True,0,Standard Complexity,0.291547594741298,10.644883720930233,5.749343085667417,0.44179344,0
8623da2a7edb24be,57,0,0,164,6,0,8,28.28,9.42,6.31,True,0,Standard Complexity,1.5970597985048505,13.642765957446807,7.247788129837359,0.44174266,0
960b7f95bcb9dde4,83,5,0,290,2,9,7,22.8,11.27,6.58,True,0,Standard Complexity,0.16155494421452152,10.364035087719298,5.398040859568948,0.44172177,0
a933af7e92334ac3,58,15,6,74,6,6,1,25.71,12.77,6.3,True,0,Standard Complexity,0.31384709652987813,5.4736111111111105,5.821633577908532,0.4416789,0
caf5e96f488fa269,27,2,0,605,5,12,19,25.7,5.62,6.29,True,0,Standard Complexity,1.7426416728636407,14.081333333333333,9.281577356366869,0.44164005,0
b29f5f236479b671,69,1,0,383,3,13,0,23.79,11.85,6.32,True,0,Standard Complexity,0.3313608305156664,12.673170731707318,4.851465676963316,0.44153902,0
cb680060dba70517,64,0,0,106,0,5,0,23.62,7.02,6.4,True,0,Standard Complexity,1.4233762678925728,13.70975,5.813047173170023,0.44149143,0
ca788fb757d28bae,72,3,0,139,5,4,13,30.03,10.55,6.86,True,0,Standard Complexity,2.443808503135514,16.225142857142856,7.54489813295943,0.4412952,0
46d995311e7568ea,115,6,1,145,2,9,4,23.37,15.36,6.53,True,3,Critical Complexity,0.93776329636009,8.7805,4.638851662857953,0.4412376,0
3fd4bcdabeaa1247,66,3,0,350,2,13,4,20.09,13.24,11.06,True,3,Critical Complexity,2.252687284112029,11.45425,5.929001133201106,0.44110867,0
8d79c9b73451046c,101,3,0,108,10,3,4,14.32,6.26,6.51,True,2,Standard Complexity,0.47423622805491156,6.548,4.702384076189438,0.44100535,0
7a152642026105a3,90,2,0,73,0,5,1,17.41,6.58,6.29,True,2,Standard Complexity,0.924553946506051,8.77848484848485,4.783066799381563,0.44074613,0
3def6c788562f258,63,3,0,124,5,0,4,28.84,4.49,6.68,True,0,Standard Complexity,0.27073972741360236,16.152692307692305,6.560706785149757,0.44064832,0
e16e4d99ac8bf1f0,65,23,1,218,0,3,6,19.89,11.68,9.68,True,3,Critical Complexity,0.03162277660165503,4.01764705882353,4.790311950313349,0.44060102,0
a8f313980e96897,69,7,1,67,0,3,1,15.94,13.95,9.5,True,3,Critical Complexity,0.21213203435602856,7.6596,4.847984306905294,0.44058934,0
174b734ac2494bb2,69,5,2,108,3,5,0,23.8,12.44,6.33,True,3,Critical Complexity,0.01999999999998181,10.44876923076923,5.427429057805804,0.44054362,0
f3d4d7eed759324,77,1,0,274,1,9,6,23.52,4.77,6.31,True,0,Standard Complexity,1.0001999800039987,13.063333333333334,5.347301500133813,0.44021636,0
6ed25b05e0b5a8b7,57,0,0,167,6,4,6,29.4,14.35,9.56,True,1,Critical Complexity,1.936620768245832,15.145348837209303,7.143581066923504,0.44020966,0
cb184a547b9f32cb,62,0,0,76,0,6,0,29.03,12.2,12.61,True,0,Standard Complexity,0.22472205054287536,14.316603773584907,5.637115528753519,0.44010743,0
c9eb4cfbcb97bae,67,1,1,217,1,11,4,23.19,18.77,6.31,True,3,Critical Complexity,2.7593115083297035,8.43,7.7989086717686495,0.4400442,0
39e1a8e1b9de1d86,82,6,0,322,3,4,26,21.48,19.12,6.64,True,3,Critical Complexity,0.1562049935170012,7.5516000000000005,5.5298598029244825,0.44002765,0
7bc4ec80a595816b,68,6,0,266,3,13,6,20.9,5.19,6.32,True,0,Standard Complexity,0.0905538513814299,7.590256410256409,5.1445721893250616,0.43999404,0
e3d921ed50251743,80,2,0,55,4,2,2,15.89,15.49,1.64,True,3,Critical Complexity,2.7679956647365644,6.786249999999999,5.251209235737993,0.43981808,0
efaa906522458e96,52,11,0,363,0,8,15,19.91,15.12,7.51,True,3,Critical Complexity,0.036055512755426906,11.440196078431372,6.653707647000229,0.4392817,0
b3225478ad416cd6,56,9,0,360,0,12,9,21.97,18.21,9.04,True,3,Critical Complexity,0.07615773105862952,10.033695652173911,5.853805658713065,0.43924358,0
b5f3851dddc934b4,65,11,0,116,4,3,7,20.85,14.13,7.83,True,3,Critical Complexity,0.07615773105883852,5.273,6.083250857888404,0.43921822,0
6d7a37df5af7de95,91,9,2,234,6,17,9,17.65,17.16,6.32,True,3,Critical Complexity,0.8198780397108293,7.325945945945946,4.632038521206729,0.4390809,0
4d0bcec1f1f6a789,67,5,0,458,1,11,6,20.39,5.61,9.36,True,0,Standard Complexity,0.08944271909991024,9.279,5.97790632245103,0.43892702,0
221be65c41175bd9,68,3,2,196,3,7,7,24.9,7.55,7.39,True,0,Standard Complexity,0.47927027865286737,10.589210526315789,5.946848515934145,0.43883944,0
d656f715321c4caf,93,5,0,190,5,12,0,19.07,18.46,6.32,True,3,Critical Complexity,0.18248287590900492,6.007037037037036,4.9354543599722405,0.4388269,0
a8e29e6e1e8840fa,35,0,0,232,9,5,9,25.34,9.48,6.29,True,0,Standard Complexity,0.028284271246471513,18.309677419354838,5.911546101934465,0.4385068,0
4ff3153b03393da,51,10,1,81,0,4,0,25.24,20.71,6.3,True,1,Critical Complexity,0.01414213562355731,10.085319148936168,6.645019523869891,0.43844482,0
103b6ee9a60241a1,51,7,0,570,5,17,7,24.96,3.66,12.57,True,0,Standard Complexity,0.4623851208679088,13.128717948717949,7.539573945484017,0.43840307,0
aa5dfdafe305bd3,126,18,5,260,0,9,11,20.26,15.3,6.45,True,3,Critical Complexity,0.20024984394499604,7.684512195121951,4.23338362981296,0.43837413,0
3d17ebac4f87edd9,62,63,0,95,0,10,0,14.7,9.97,6.91,True,2,Standard Complexity,0.029999999999972715,3.9612643678160917,4.012697319844143,0.43807644,0
6b0767143730b00a,83,3,0,154,0,6,5,22.86,1.65,6.27,True,0,Standard Complexity,1.043072384832382,7.215000000000002,7.355414672198978,0.4378548,0
3b270494272042ea,150,2,0,153,5,6,9,20.57,5.81,6.34,True,0,Standard Complexity,2.7551043537405113,6.390000000000001,5.903615652951823,0.43747,0
256dba5271d73504,72,0,0,154,4,16,3,26.24,7.87,6.31,True,0,Standard Complexity,0.18681541692246328,14.019824561403508,4.713586369257422,0.4373596,0
d6947acb1becc92a,71,12,0,183,3,6,8,17.4,7.96,7.28,True,2,Standard Complexity,0.060827625302926874,5.388260869565216,5.723843078222968,0.4372212,0
61e6e8fff6fbdd8e,96,4,1,314,4,5,4,27.26,20.6,6.83,True,1,Critical Complexity,0.3041381265151203,11.338488372093025,4.744335794775252,0.43715438,0
c2ff6448079fabcb,61,7,0,178,2,11,4,23.37,8.12,6.96,True,0,Standard Complexity,0.1565247584244362,12.389393939393939,6.451573892725449,0.437105,0
d9cdf52e399a607e,72,11,1,87,12,25,0,14.73,13.74,8.09,True,3,Critical Complexity,5.435034498510183,4.342222222222222,4.821034415922186,0.43705052,0
9e49bc56bab41f77,22,16,5,165,4,5,5,36.77,16.42,6.32,True,1,Critical Complexity,0.12041594578873867,9.45794871794872,8.99751594764574,0.43704808,0
c4539373a6966450,102,0,1,229,1,9,9,28.84,9.69,18.85,True,0,Standard Complexity,3.800894631531006,13.820476190476189,5.905640545227343,0.43680337,0
87dbdb4afa12c635,79,1,0,128,2,7,2,21.07,12.59,6.3,True,3,Critical Complexity,1.6278820596099832,11.984074074074076,6.332214087803119,0.43654925,0
6285ad049f0b1b58,74,2,0,554,6,17,11,26.56,9.98,6.31,True,0,Standard Complexity,1.9502820308868682,11.20738095238095,6.074209358514551,0.43652633,0
1c50f0fc382d5842,60,6,0,57,4,9,2,24.24,21.02,7.13,True,3,Critical Complexity,0.08944271909991024,7.848333333333333,5.485611228984019,0.43641156,0
649b52db36ced5e0,58,1,0,48,0,0,0,23.31,10.64,6.31,True,0,Standard Complexity,0.15524174696245904,12.656400000000001,5.489592247152788,0.43613943,0
bfe0691b9ea6fcef,98,0,0,116,2,3,8,25.53,6.25,6.32,True,0,Standard Complexity,7.356799575902676,11.724,7.826786952511228,0.43611738,0
9e60d13f3fdc3aaa,52,3,0,167,0,5,1,23.29,4.56,6.29,True,0,Standard Complexity,0.26019223662538027,14.681199999999999,6.964608715498668,0.4359425,0
dee164cca24961ea,79,1,0,487,0,17,15,18.89,4.23,6.48,True,2,Standard Complexity,0.12083045973534656,10.833499999999999,4.785940633773052,0.4359154,0
7a048f0ba96dd2e8,25,4,0,56,3,0,0,28.19,12.21,6.83,True,0,Standard Complexity,5.370623799895063,14.091428571428574,10.191354779659962,0.43569762,0
198d3fa781765aaf,90,0,0,146,2,4,9,22.62,19.17,6.29,True,3,Critical Complexity,6.490770370302696,12.966666666666669,7.518197183426947,0.43558884,0
bb758307d8c5be96,94,16,5,439,1,9,9,15.55,12.03,6.95,True,2,Standard Complexity,0.04123105625608396,6.320142857142858,4.661556298324518,0.43551713,0
9ce656abf8886120,58,13,0,269,1,9,11,30.58,8.44,11.23,True,0,Standard Complexity,0.25999999999993845,13.55730769230769,7.597708945005578,0.43532425,0
c31636e5a1cddbb7,78,8,0,473,2,9,26,20.28,7.75,6.7,True,0,Standard Complexity,2.6752569970006257,7.8999999999999995,6.777574541579508,0.435265,0
6de09457b021ff9f,125,0,0,240,0,6,6,21.17,6.69,6.31,True,0,Standard Complexity,0.5035871324805603,11.045102040816325,3.8225958817669907,0.43423918,0
36be9a1cd684a47d,42,0,0,200,3,1,13,25.6,13.17,6.34,True,3,Critical Complexity,1.5867261893596956,17.522142857142857,7.392485739462963,0.4341731,0
661a1bd1b22d4a02,22,0,0,213,0,9,1,32.2,4.44,6.27,True,0,Standard Complexity,3.141162205299232,15.882000000000001,9.748972048375153,0.43413904,0
c2b77c726b93e801,198,69,0,53,5,6,1,19.3,14.87,9.29,True,3,Critical Complexity,0.022360679775485982,2.5868292682926826,2.74641490392643,0.43387648,0
249ff7e488123fe4,70,3,0,226,2,5,4,20.07,18.81,8.93,True,3,Critical Complexity,2.1545533179753136,11.056333333333335,5.033592807881419,0.43382517,0
3399ccdbf531de0c,76,3,0,79,1,2,2,17.89,12.5,6.31,True,3,Critical Complexity,0.3008321791299067,10.008611111111112,4.685363826011676,0.4336739,0
433744990d368d64,51,3,0,345,0,12,9,24.21,3.19,6.48,True,0,Standard Complexity,0.09055385138061386,11.657714285714286,7.00679265762437,0.43276152,0
96250e1c5a9aa48c,77,5,1,123,5,11,2,18.72,3.43,6.34,True,2,Standard Complexity,0.09219544457306698,7.659024390243902,5.164976709922249,0.43260902,0
c9b5ee31d1190484,51,4,2,265,0,9,6,24.67,18.88,6.3,True,3,Critical Complexity,0.10000000000072759,9.79891891891892,6.760127850935471,0.43245655,0
8415e77bae96af7,70,18,0,307,5,6,4,19.36,18.59,8.13,True,3,Critical Complexity,0.0781024967585006,4.121724137931034,4.6094992389895175,0.43219715,0
b1f40d94be9cd4ce,70,0,0,87,2,4,4,19.22,17.93,6.29,True,3,Critical Complexity,0.5390732788778677,8.695238095238095,4.886847868121925,0.43202728,0
74ada79c34cb2be2,49,22,3,71,0,4,1,21.17,5.48,7.91,True,0,Standard Complexity,0.009999999999990905,7.619193548387098,5.940646021779737,0.43200335,0
9ab67c2f955011a,34,3,3,21,3,0,0,31.52,25.49,7.22,True,1,Critical Complexity,0.4257933771208993,11.355789473684212,8.644671200583918,0.4319944,0
2554186b701f8a0a,25,1,0,147,5,4,8,25.98,8.1,12.57,True,0,Standard Complexity,4.468165171520906,21.289166666666663,5.3848041721331175,0.4319041,0
2ba8b757d7a28f,76,2,0,84,4,2,2,20.98,6.89,12.57,True,0,Standard Complexity,1.650757401921532,10.350333333333333,4.8639418056643,0.43178347,0
5755715ee2e4f867,63,7,3,223,2,8,1,17.84,3.0,6.63,True,2,Standard Complexity,0.3436568055487884,9.579268292682928,5.514103597956304,0.4317775,0
7c828282b401c620,53,8,0,73,1,5,2,18.45,5.12,7.5,True,2,Standard Complexity,0.05830951894851696,10.038048780487806,6.026751832965835,0.43166772,0
59c78d83a6062c06,57,2,7,256,7,13,3,31.21,21.92,9.37,True,1,Critical Complexity,1.4515164484084535,11.61125,5.608704033687283,0.43139705,0
cf13101b26ab8589,63,4,0,211,1,9,9,24.68,15.38,6.36,True,3,Critical Complexity,0.2942787793914334,10.361600000000001,7.185652749750714,0.43138555,0
bd1db81b4aa23229,72,8,3,182,1,5,7,17.69,9.01,6.74,True,2,Standard Complexity,0.07280109889279363,8.2175,6.044250424531105,0.43134892,0
2b921dc6df44b0d2,118,0,1,542,10,33,6,27.91,14.01,6.45,True,0,Standard Complexity,0.19849433241243972,14.508548387096775,6.927009746048596,0.43120423,0
5f8271a40e35b7c2,84,4,0,243,2,10,6,16.62,3.26,9.52,True,2,Standard Complexity,0.2580697580128943,8.6256,5.095678231599794,0.43107313,0
2235a05204c19105,53,7,0,459,3,22,6,23.16,17.73,12.57,True,3,Critical Complexity,0.7021395872616629,12.022333333333336,7.734174243073544,0.430894,0
f86589e454255295,84,1,0,271,3,4,20,20.04,14.64,6.29,True,3,Critical Complexity,0.022360679774570822,8.018333333333333,7.781728421258494,0.43034685,0
e2988ca82a557671,54,8,0,147,2,6,4,29.2,5.62,6.3,True,0,Standard Complexity,0.19313207915825117,12.239107142857145,6.830653931460556,0.43000245,0
1f01fc123cfa643b,69,20,12,92,12,4,0,20.89,19.98,8.9,True,3,Critical Complexity,0.019999999999527063,4.892391304347826,4.0784327684639985,0.42999715,0
8e6c25ffe7cf2617,80,1,0,180,3,11,2,21.54,12.6,6.29,True,3,Critical Complexity,0.2061552812808527,14.042222222222222,4.8565751354071915,0.42999107,0
78c55f7293da53f3,121,1,2,303,2,5,7,20.57,9.91,6.37,True,0,Standard Complexity,0.060827625302515696,13.466777777777777,4.625943225807582,0.42960963,0
9f4079aaf2dda25a,100,11,1,176,1,6,4,15.75,4.37,6.46,True,2,Standard Complexity,1.851485889765344,7.452682926829269,4.714296897834079,0.42952386,0
dcf386171a64950a,63,2,0,110,0,10,0,25.88,8.87,6.29,True,0,Standard Complexity,0.11661903789617603,13.099152542372881,5.354329560694544,0.429507,0
cf57940614b38794,51,9,1,56,0,4,0,19.35,14.77,6.58,True,3,Critical Complexity,0.050990195135881475,7.907027027027025,5.512486006534848,0.42949072,0
7c952030d1afd368,67,2,0,296,2,7,10,24.38,4.02,6.3,True,0,Standard Complexity,0.9219544457284798,13.732413793103447,5.935278894282323,0.4294226,0
3cbed3fc5b8ed61f,52,4,0,197,2,5,0,31.33,10.08,10.78,True,0,Standard Complexity,0.38418745424583456,15.714411764705885,7.6082486935819205,0.42942008,0
155c0467ecbed1bc,61,12,0,103,4,4,0,21.52,19.81,7.01,True,3,Critical Complexity,0.08544003745317744,8.780638297872342,6.341210168499895,0.4294054,0
7c5841f4bf05b359,58,3,0,241,0,7,7,24.6,19.49,7.22,True,3,Critical Complexity,0.5303772242468068,13.558648648648647,7.082482830103747,0.4292423,0
dc8444056078de08,55,1,0,183,1,6,12,26.52,22.43,6.31,True,1,Critical Complexity,0.8516454661414701,17.775000000000002,7.975527198305395,0.42907304,0
9bee5565f8b5d8cf,345,57,0,74,11,15,1,15.62,14.91,6.77,True,3,Critical Complexity,0.12041594578781344,2.501030927835052,2.534772396515366,0.4290041,0
80122c619ae43f0b,66,5,0,592,8,8,11,20.54,8.91,12.73,True,0,Standard Complexity,1.2088010589012637,11.951951219512194,5.451453249749632,0.42883676,0
3aa501cb4413b18a,57,1,0,133,6,6,4,21.85,8.31,6.29,True,0,Standard Complexity,1.4741099009232896,13.028666666666668,6.794844974112523,0.42873064,0
9afdd0811d6d6f51,72,59,0,221,1,4,4,17.5,4.71,6.9,True,2,Standard Complexity,0.014142135623718088,4.660816326530612,4.444917912850399,0.42869774,0
203fed170e6d5df9,127,5,0,62,5,2,0,13.22,11.01,9.42,True,2,Standard Complexity,7.182040100138684,7.380666666666667,4.707052108863419,0.4286034,0
c4f0e45a025bff8a,52,1,0,85,2,6,0,26.08,16.25,6.53,True,3,Critical Complexity,0.07071067811859044,9.504666666666667,6.625303884015854,0.42821348,0
a6b688e0719ac526,67,3,1,120,0,11,1,24.07,9.16,6.3,True,0,Standard Complexity,0.28861739379203627,12.642241379310347,4.937178463770105,0.4281311,0
46e4395ab75b8679,58,111,2,206,10,13,9,18.97,10.05,10.45,True,2,Standard Complexity,0.022360679774875877,3.594264705882353,3.4403805860674224,0.4279668,0
cdf743843d2a580e,100,55,4,168,3,9,8,13.71,8.09,7.47,True,2,Standard Complexity,0.1802775637732499,3.371973684210527,3.3841546482863345,0.4277316,0
a97ca7ab73fe80f9,53,2,0,108,2,3,1,30.57,20.22,6.81,True,1,Critical Complexity,0.5755866572464784,14.222222222222221,7.199015407644727,0.42773092,0
9c917eef1842172f,83,135,0,170,8,21,12,12.17,10.81,9.63,True,2,Standard Complexity,0.03162277660143933,3.122727272727273,2.777780874719512,0.4276019,0
a4edabcfa974f714,78,3,0,123,2,5,0,19.63,17.65,6.35,True,3,Critical Complexity,1.0568348972284676,11.023414634146341,5.415645631738318,0.42754537,0
6a3d0869264be48c,41,0,0,157,8,0,10,32.5,19.14,6.31,True,1,Critical Complexity,0.470425339453343,20.032564102564102,4.74265192392736,0.4274764,0
aee1cfc0ad1fa54f,117,4,0,631,7,18,12,18.4,14.05,12.57,True,3,Critical Complexity,10.508249140555572,8.409629629629631,6.577322139707956,0.42744905,0
7b925810a31d5b36,52,3,0,249,7,5,4,29.08,18.71,6.3,True,1,Critical Complexity,3.454185866452286,15.095806451612905,7.532585031240045,0.42736748,0
a5133789ff5db7a2,88,48,3,34,0,0,1,17.06,4.58,9.43,True,2,Standard Complexity,0.2549509756796749,3.3105,3.147054932790338,0.4272507,0
7cd955588da9e9c8,88,1,0,465,6,9,10,24.99,7.96,6.34,True,0,Standard Complexity,4.232363405946222,12.07512195121951,5.902917063891096,0.4272385,0
bab5642fb77889a3,87,8,1,21,4,4,0,13.79,6.13,7.57,True,2,Standard Complexity,0.3721558813184555,6.213333333333334,4.741992958896313,0.42720675,0
da4b02c8f89f447b,51,6,2,140,4,2,10,26.87,13.43,6.39,True,0,Standard Complexity,1.5294770348063238,15.482244897959184,7.312415571549897,0.42701703,0
4cbec49842d41ecc,61,12,0,622,0,9,12,31.58,20.06,10.51,True,1,Critical Complexity,0.20518284528616879,9.505666666666666,8.260036998840999,0.42630595,0
859b8cd230c07e0a,53,4,1,634,0,18,24,20.4,16.69,6.29,True,3,Critical Complexity,1.7551353224184258,9.7045,6.514752854099686,0.42620865,0
a5fae7be8c58f36b,78,19,3,257,1,10,7,19.89,8.66,6.37,True,0,Standard Complexity,0.01999999999998181,5.990740740740741,4.960713379049523,0.4259154,0
2c9610d9d641e28e,66,1,0,284,4,6,1,20.24,4.68,7.75,True,2,Standard Complexity,1.1936498649101115,12.238139534883722,4.976605855499824,0.425851,0
23650183112205e,69,11,1,199,5,6,6,15.47,9.12,6.51,True,2,Standard Complexity,0.9170605214489307,6.676666666666667,5.1571360778296835,0.42581195,0
d848ef0f67cf0ce8,63,9,2,247,2,9,2,19.39,7.03,8.35,True,2,Standard Complexity,0.6499999999998496,10.18478260869565,6.034337159352386,0.42580435,0
b16b9409946c3bb6,21,1,0,77,0,4,3,37.91,34.41,6.38,True,1,Critical Complexity,1.6690416411823756,19.91190476190476,7.524667130146098,0.42554998,0
5f50f6a7cabb7b03,35,112,0,233,6,16,7,14.69,13.0,11.9,True,3,Critical Complexity,0.01999999999998181,2.871159420289855,2.829025814930237,0.42554644,0
a7f09d653b0fade1,59,9,0,284,4,12,12,21.06,4.56,6.85,True,0,Standard Complexity,0.1140175425099497,10.801470588235295,6.517082138662679,0.4254804,0
329afa99bb3be9d0,53,5,0,201,4,5,1,24.82,6.11,7.21,True,0,Standard Complexity,0.13892443989440034,9.695000000000002,7.105342306019766,0.425071,0
63ed4097be3263f1,59,3,0,392,3,10,23,29.32,10.35,6.3,True,0,Standard Complexity,1.1734138229966835,14.201666666666666,8.615011349705558,0.42490992,0
97ae4a15bed2f357,140,24,0,287,0,9,9,16.34,13.71,7.75,True,3,Critical Complexity,0.10049875621159261,3.9004651162790696,3.765488296256973,0.42461702,0
8c183f5dfa8af620,57,13,1,87,0,10,0,17.39,7.15,7.84,True,2,Standard Complexity,0.03999999999996362,8.960384615384616,5.750167208785679,0.4245212,0
abf973a0f482dcb5,76,15,0,314,0,7,7,17.65,11.74,6.9,True,3,Critical Complexity,0.019999999999527063,8.620727272727272,4.858373036519888,0.42447057,0
397175c94dc6285d,128,4,0,182,5,3,22,15.9,15.24,6.31,True,3,Critical Complexity,0.10198039027185213,4.843000000000001,4.949212159525999,0.424371,0
f36b4890d527e774,85,3,0,332,0,9,15,26.46,5.39,6.34,True,0,Standard Complexity,1.5749603169602489,8.610344827586207,6.06666896203238,0.42404708,0
eea09494d75c5735,28,43,4,137,0,16,0,20.29,13.87,7.95,True,3,Critical Complexity,0.1118033988748878,5.029384615384616,5.74298525344631,0.42388082,0
dca8797b3508a656,70,25,0,152,19,14,2,14.76,14.62,9.38,True,3,Critical Complexity,0.2505992817226054,4.325263157894737,3.551892554712432,0.42379096,0
e17f8540a6c437e0,88,2,0,682,13,25,12,24.34,8.96,12.57,True,0,Standard Complexity,0.15999999999985448,12.593846153846155,8.342833748235087,0.4237587,0
34ff4de8b23e84c3,152,32,0,206,2,4,1,15.91,9.02,8.86,True,2,Standard Complexity,0.009999999999990905,5.822647058823529,3.604306772016649,0.42364222,0
4be4a6f507ff573a,82,2,0,207,3,9,6,21.7,6.73,9.4,True,0,Standard Complexity,0.09433981132060075,9.244375,6.121187897462524,0.4235893,0
bc3132e9d625e3e2,96,10,7,184,3,12,0,21.32,19.48,6.52,True,3,Critical Complexity,0.17000000000005938,8.208181818181819,4.309364682519008,0.42339772,0
8fca3c188ad974fd,42,0,0,208,10,1,6,27.63,15.23,6.29,True,1,Critical Complexity,11.094291324820727,15.316000000000003,8.086211144081428,0.42337722,0
38b053875abc08ef,59,0,0,328,7,13,8,29.67,18.34,6.32,True,1,Critical Complexity,0.8287339742040698,14.643846153846152,5.7838848249804435,0.42313972,0
bf8ccf1b6b483bb4,111,3,0,355,5,7,8,19.93,9.95,7.61,True,0,Standard Complexity,0.2109502310976046,9.128205128205126,4.749062186393237,0.42306408,0
eaabbbf2744861d8,74,5,0,273,6,3,1,23.84,6.07,6.66,True,0,Standard Complexity,4.034959727184139,7.099000000000001,5.759355779946226,0.423058,0
5c4f6763a38f2833,70,9,1,293,1,7,7,23.64,16.2,7.4,True,3,Critical Complexity,0.3189043743820703,9.556721311475409,4.771263612851035,0.42280442,0
5cf9e8cffab650ee,64,3,1,290,1,8,5,24.22,16.12,6.32,True,3,Critical Complexity,0.23409399821375224,13.382931034482759,4.979009736961858,0.4227138,0
682eae96aba45099,61,13,1,606,2,11,24,23.44,7.61,7.79,True,0,Standard Complexity,0.3511409973217939,10.293636363636363,6.945488755270342,0.4227009,0
c944a147d4c27d54,95,7,2,344,2,7,8,17.59,3.95,9.51,True,2,Standard Complexity,0.022360679774672505,8.624657534246575,4.916707351885718,0.42269552,0
8291da4e831a2dc8,59,4,0,374,4,9,10,26.39,5.29,6.38,True,0,Standard Complexity,0.16031219541866817,12.311224489795919,6.623567887615347,0.42237732,0
8d8407efad09e2c2,69,10,0,256,7,8,10,18.38,4.94,6.68,True,2,Standard Complexity,0.028284271247516566,7.156938775510204,5.299108205326795,0.42223808,0
80c858da89b67256,80,0,0,217,2,14,3,23.76,4.17,6.3,True,0,Standard Complexity,3.200906121709146,16.2284126984127,5.997743545634794,0.42213535,0
e268705c6ca671ae,156,13,0,338,6,6,3,15.92,13.93,6.36,True,3,Critical Complexity,0.15231546211734862,5.369,3.914084950534416,0.4221042,0
93d5bd90c673b528,63,1,0,552,1,16,5,20.41,12.13,6.34,True,3,Critical Complexity,0.835703296631087,11.443137254901961,5.045234012021945,0.42205203,0
52eb1a245339ca5b,114,4,0,459,2,24,7,24.0,11.17,6.3,True,0,Standard Complexity,1.5623699945914735,10.181219512195122,7.175300179026064,0.42197388,0
f91d5dc1d28d2036,52,18,1,77,3,6,1,16.49,10.9,6.43,True,2,Standard Complexity,0.0640312423744478,6.302857142857143,5.468997159623763,0.42181483,0
be9f3cb6fbf067ef,61,9,0,415,0,9,10,24.81,16.6,7.28,True,3,Critical Complexity,0.6264183905350651,11.564468085106386,6.297034360581427,0.42180592,0
e11d7abaaf570a23,75,18,1,214,6,5,13,18.49,16.05,7.88,True,3,Critical Complexity,0.0921954445733136,5.191463414634145,4.617320287667449,0.4211638,0
62c121cbc89dcdac,58,3,1,444,7,7,4,25.16,6.67,6.3,True,0,Standard Complexity,2.455463296406811,10.486153846153845,7.762262793067435,0.42116052,0
ed20ed412b1d5054,79,9,4,128,0,6,9,19.44,8.31,7.32,True,2,Standard Complexity,0.06999999999993634,8.185510204081632,4.981276396227192,0.42110315,0
9b5cd3374b21b477,40,3,0,324,0,14,10,36.64,14.2,6.3,True,1,Critical Complexity,0.4045985664833251,14.176785714285714,8.528948207458537,0.42108384,0
2a06e13de36f54ed,66,7,0,171,5,6,11,16.52,6.78,6.89,True,2,Standard Complexity,0.4601086828131347,8.55241379310345,5.007878382882394,0.42098188,0
768ca65db82426da,91,1,0,115,1,6,2,21.2,10.07,9.32,True,0,Standard Complexity,0.33376638536564046,13.545454545454545,4.644274214041049,0.4209474,0
8e53f8f1d1616b31,77,0,0,271,4,7,0,24.83,15.43,6.3,True,3,Critical Complexity,4.488763749630789,9.78184210526316,5.891613511131134,0.4206347,0
6d0cd92fb411f10b,56,11,0,86,0,5,2,20.24,3.05,6.35,True,2,Standard Complexity,0.22203603311298714,8.249736842105262,6.12056562867832,0.42061594,0
1814e910b6903ae0,85,1,0,403,3,13,6,20.65,10.6,6.81,True,0,Standard Complexity,2.4177882454838726,10.290000000000001,6.041827246006644,0.42049712,0
84da002c20afba7c,118,4,0,71,4,4,0,16.42,13.59,6.36,True,3,Critical Complexity,1.1344161493912452,7.614,4.56839227737724,0.4204897,0
572400fef477de37,55,1,1,162,8,3,12,25.19,10.13,12.59,True,0,Standard Complexity,0.9207062506578824,14.2965625,7.436406478171682,0.42041755,0
3e11ca2a4cde3b4e,62,25,12,87,2,2,0,25.36,19.45,6.37,True,3,Critical Complexity,0.05830951894859494,5.5630434782608695,4.742770334665701,0.42019632,0
139b0293e14d1f11,100,2,0,228,3,8,7,24.75,3.78,6.32,True,0,Standard Complexity,2.8834007699243727,9.114117647058823,6.57956109641466,0.41972235,0
d666081097941f8f,61,20,2,213,2,6,12,20.58,2.97,10.04,True,2,Standard Complexity,0.07615773105862952,5.162285714285715,5.509745177262497,0.41947356,0
b5674c737e2f707b,70,2,2,260,1,4,10,21.45,10.7,7.61,True,0,Standard Complexity,2.258782858090062,12.165161290322578,7.41758541313022,0.41939294,0
358ad0e8e166cb83,99,32,14,134,3,12,1,15.92,8.04,7.65,True,2,Standard Complexity,0.028284271245506847,5.066338028169013,4.494617826563647,0.41927132,0
b4a0b4b4983bd3b4,79,8,0,192,4,11,0,18.74,11.97,8.86,True,3,Critical Complexity,0.9228217596045278,8.15983870967742,4.869977310649762,0.41923517,0
2f1086936c914e5,88,0,0,204,3,11,5,20.31,19.78,6.29,True,3,Critical Complexity,17.445973747544556,8.565384615384614,5.511944533862682,0.4188803,0
28fc3480f1df8fbb,62,1,0,440,2,11,20,25.25,5.7,6.29,True,0,Standard Complexity,2.621545345783726,15.338636363636363,8.413047926478438,0.4188042,0
3800d28cc8424fe1,85,0,0,443,5,16,9,21.01,6.39,6.33,True,0,Standard Complexity,0.14142135623724117,9.755510204081633,4.824677661316884,0.4186187,0
91cce9a56a7c13f6,62,11,3,424,7,20,13,21.5,9.91,10.63,True,0,Standard Complexity,0.08602325267003084,10.381636363636368,6.034803232052125,0.41851297,0
5447a0453cb24d15,66,1,0,584,1,13,18,25.15,10.05,9.41,True,0,Standard Complexity,2.750890764825088,12.951212121212121,5.948619273246095,0.41824266,0
61cb9ec60a4557d0,123,21,0,262,5,6,8,18.89,6.62,7.3,True,2,Standard Complexity,0.22671568097456554,4.3116666666666665,4.060688114465695,0.41812825,0
c6c2c56a3451cb1e,52,0,0,114,1,5,1,31.75,20.36,6.29,True,1,Critical Complexity,1.2662543188478779,16.072285714285712,7.789894217405481,0.41793227,0
3cdef5cc592c2c04,73,4,0,66,0,4,0,22.96,20.42,6.28,True,3,Critical Complexity,0.17029386365764043,7.426829268292682,4.92798451802307,0.41785857,0
27eca8685e8a04fd,100,50,1,14,1,7,0,16.3,15.09,6.86,True,3,Critical Complexity,0.020000000000436557,2.9279104477611937,2.952101976817982,0.41766003,0
91ee406defd7b016,54,11,0,211,4,4,10,24.86,7.83,6.85,True,0,Standard Complexity,0.09899494936666972,10.672459016393443,7.3088903097389375,0.41758233,0
7a132a8302d03459,67,0,0,518,7,16,7,25.08,8.42,12.54,True,0,Standard Complexity,1.349740715841311,16.50717391304348,5.827127587952403,0.4174521,0
e2f06c676f7ea9e5,50,41,0,175,2,8,6,15.46,12.9,9.03,True,3,Critical Complexity,0.07071067811860651,7.383962264150944,5.019146864145243,0.41736424,0
f6cf84a0ea36446b,52,7,0,102,12,4,6,17.33,4.21,6.96,True,2,Standard Complexity,0.10440306508850965,7.961785714285716,5.706421854599698,0.41730815,0
d834833ff49a88c,71,2,0,144,2,4,7,33.28,10.69,6.3,True,0,Standard Complexity,1.3792751719649494,16.418947368421055,6.266039120559958,0.41710082,0
4cb1d768d93f2259,110,3,3,119,5,4,7,16.1,10.39,6.78,True,2,Standard Complexity,0.948472456111108,7.065806451612902,4.9545122960359365,0.41705823,0
684368b4ed081ce0,57,8,2,194,2,10,2,22.7,13.12,6.32,True,3,Critical Complexity,0.5300000000006548,8.708076923076923,7.347333906427853,0.41699004,0
591f13d0b5ab808,65,0,0,454,11,15,6,23.6,6.25,6.3,True,0,Standard Complexity,0.5408326913187912,15.462619047619048,4.854227445533482,0.41679028,0
4134456353862a48,60,4,0,262,8,8,9,31.97,11.97,6.57,True,0,Standard Complexity,0.12529964086132994,11.384222222222222,8.217749486160061,0.41672006,0
fb74cf679519ddf4,197,14,0,122,7,3,8,15.24,10.72,7.41,True,2,Standard Complexity,0.14317821063372907,4.9023076923076925,3.6017114603736626,0.41668254,0
8a7ad2751777cb70,71,0,0,332,7,11,13,23.68,4.37,6.31,True,0,Standard Complexity,3.2667568014772654,15.385365853658538,6.262243850001595,0.41662732,0
b2fd16715230942,72,3,1,96,9,7,2,16.61,15.91,6.3,True,3,Critical Complexity,6.055947489864776,7.2875000000000005,4.924919838603128,0.41661546,0
8dc507498eb77d2b,63,3,2,621,5,21,18,21.01,15.11,8.51,True,3,Critical Complexity,0.8452810183600674,8.274736842105263,6.86394268196306,0.4163866,0
1f7b9d8150d5a4a2,119,5,0,152,5,8,1,16.48,9.08,6.32,True,2,Standard Complexity,0.7513321502506042,6.900999999999999,4.671270598027907,0.4162446,0
add35e12374be4b2,71,8,0,411,2,9,6,21.89,4.65,9.43,True,0,Standard Complexity,0.020000000000436557,9.12275,6.294979740833167,0.41598916,0
6ead7636998172a7,73,23,0,214,0,7,5,16.97,13.79,7.14,True,3,Critical Complexity,0.010000000000005116,6.102682926829269,4.839906280281017,0.4158044,0
7a3e4f58f1c87b78,24,1,0,151,6,1,7,25.02,10.12,0.08,True,0,Standard Complexity,0.695844810285116,18.573333333333334,5.5770527575339885,0.41532862,0
6165e8c1bfcf75aa,81,0,0,601,5,10,11,26.13,10.1,6.35,True,0,Standard Complexity,0.4738143096197038,12.133555555555555,5.661494170880474,0.41523635,0
18a65edc45818c67,64,3,0,279,6,8,6,26.18,19.94,6.31,True,1,Critical Complexity,0.40311288741492746,8.635531914893617,6.164303832416369,0.41515282,0
e554b580f6a41d43,62,5,1,123,10,10,3,20.57,11.11,6.61,True,3,Critical Complexity,1.953586445489552,8.390000000000002,5.830929028322445,0.41510493,0
8745654abff05bdf,58,8,0,89,0,4,0,20.48,6.84,6.36,True,0,Standard Complexity,0.30528675044982295,10.320370370370371,5.775700362522333,0.41477406,0
7a5a73fe4c8f3299,51,8,0,250,3,6,12,22.77,6.45,6.43,True,0,Standard Complexity,0.28844410203685683,13.507560975609755,7.253908880814539,0.41466564,0
7bb1cb86d296b3de,133,4,0,242,7,6,1,19.52,17.75,6.36,True,3,Critical Complexity,1.3861096637704355,10.430793650793653,4.341103400657232,0.41437134,0
dab08980b176a0a4,83,40,2,463,7,14,3,15.02,11.48,9.21,True,2,Standard Complexity,0.0640312423744478,3.8122000000000003,3.4418107385502763,0.41435075,0
c170c15639738d3b,69,5,1,176,4,8,5,24.64,6.57,6.37,True,0,Standard Complexity,1.504725888658809,8.841304347826087,5.99470368005961,0.41432297,0
6f8cd5bdda9e344,94,3,0,301,7,11,6,18.58,6.21,6.36,True,2,Standard Complexity,0.3482814953457156,9.38983606557377,4.558421675300215,0.4142733,0
5f3d1294130cac10,69,0,0,467,6,12,11,21.75,4.1,6.33,True,0,Standard Complexity,1.1173182178776775,9.4453125,6.148382909541643,0.41411653,0
7284bcc254349ee,61,1,0,141,0,8,7,37.28,30.73,6.34,True,1,Critical Complexity,1.4187318280777683,12.250434782608698,6.831354489322756,0.41409773,0
91a5e3759d9892d8,54,1,0,111,2,4,7,26.88,13.55,6.36,True,0,Standard Complexity,0.07999999999992724,16.870377358490565,6.794521089726093,0.41394022,0
10494d1792fc226c,106,23,0,108,7,14,0,12.95,9.64,7.51,True,2,Standard Complexity,0.07280109889273897,5.1032692307692304,3.8753221807274127,0.4136451,0
34a814da4a35c967,69,16,0,112,1,8,0,14.91,13.29,7.98,True,3,Critical Complexity,1.0538026380675165,6.0312820512820515,4.671400810873725,0.4135097,0
3c029fa874cfb3d3,58,4,0,358,2,11,3,23.2,8.89,6.31,True,0,Standard Complexity,0.4816637831511782,9.956666666666667,6.193871799064609,0.41348183,0
575eb6984f9f122d,56,5,0,174,2,6,3,31.55,12.2,6.46,True,0,Standard Complexity,0.08602325267066521,12.791951219512196,7.313968666610286,0.4134389,0
491131568567fd3c,57,44,0,107,3,8,3,17.68,5.03,8.74,True,2,Standard Complexity,0.020000000000436557,3.6870769230769236,4.991413465011512,0.4131956,0
764116a6ce429b7d,74,4,3,187,2,6,3,21.9,5.72,6.27,True,0,Standard Complexity,0.8156592425765546,9.321666666666667,6.059634660787911,0.41304535,0
1b70cf1e50f8686e,57,6,1,90,1,5,1,30.57,12.12,6.54,True,0,Standard Complexity,0.020000000000038654,8.402916666666668,6.817495556267141,0.41275248,0
a01d547a49ad5aca,25,0,0,143,8,0,11,22.79,15.03,6.73,True,3,Critical Complexity,3.4032484481736063,18.506190476190476,5.797508065819541,0.41271058,0
4c50933304e074f5,64,13,3,174,1,6,6,19.07,3.28,7.18,True,2,Standard Complexity,0.4997999599840037,7.162105263157895,5.821553490396807,0.4125511,0
bd96592b25e15b3b,45,84,3,179,8,14,7,25.64,25.42,8.17,True,1,Critical Complexity,0.050990195136149025,3.538135593220339,3.438180428596001,0.4123719,0
6e50b1516fe05125,51,2,0,226,6,4,11,24.27,20.17,6.29,True,3,Critical Complexity,0.9264987857517446,13.37,8.238269582520696,0.41234598,0
621072f6da0508be,84,2,0,233,2,8,6,31.54,11.11,6.29,True,0,Standard Complexity,4.676109494013475,9.713636363636361,9.155573337617687,0.41225177,0
db4ca0be248e4ca4,83,3,0,314,5,7,8,19.05,6.31,6.52,True,2,Standard Complexity,0.12206555615728189,8.823636363636364,6.217410460751773,0.41217494,0
b9d06b980757e32c,53,5,2,144,0,6,3,25.07,7.69,6.37,True,0,Standard Complexity,0.15811388300827517,11.768775510204083,6.691225638210168,0.41214755,0
b8432f75b9370be1,144,6,1,165,2,5,2,18.15,17.8,9.64,True,3,Critical Complexity,0.07615773105865939,4.2332558139534875,4.075244447472107,0.41200185,0
849cb004ee2bf7f,70,4,1,125,0,6,2,26.03,10.0,6.32,True,0,Standard Complexity,2.1260761980699465,11.31875,6.060196031276546,0.41173005,0
fb886e94dffc6ede,63,7,0,94,3,4,6,25.97,25.2,6.51,True,1,Critical Complexity,0.3052867504494673,7.336538461538462,5.984821147837055,0.41167155,0
b5736e05a44ee182,59,0,2,188,4,5,3,31.97,14.07,6.3,True,1,Critical Complexity,0.3758989225843255,14.684186046511627,6.065421334531237,0.41164786,0
9108292380162992,89,0,0,554,4,14,11,35.07,12.61,6.3,True,1,Critical Complexity,10.972957668741854,14.916842105263159,8.363283825357733,0.41155335,0
dde85d85926ec59e,75,1,0,255,1,7,5,20.0,12.23,6.31,True,3,Critical Complexity,2.28652574881652,11.088918918918917,5.14405286834659,0.4115439,0
5b618283e932f5e,75,2,0,188,4,8,11,32.59,19.06,10.91,True,1,Critical Complexity,2.010397970551862,15.707656250000001,5.618302051717755,0.4114046,0
8eeda24f543bb650,60,4,0,223,6,10,4,23.21,5.29,6.35,True,0,Standard Complexity,0.8405950273468772,13.368,6.581453074468325,0.41124338,0
8b43e40465e72f1,55,15,1,100,1,7,3,21.02,17.41,6.37,True,3,Critical Complexity,0.080622577483166,6.58,5.303305384380574,0.4108969,0
eb346e1cce0e95bb,59,10,1,298,3,7,7,26.34,6.43,7.55,True,0,Standard Complexity,0.08062257748294037,9.92796875,5.8028010961537735,0.4106817,0
f1bb6d505feaf89c,60,25,4,174,1,5,3,19.46,11.87,8.45,True,3,Critical Complexity,0.020000000000209184,7.061607142857143,5.363407358062634,0.4106803,0
ae47a5335a552ac0,47,1,1,29,0,0,0,36.98,4.2,6.31,True,0,Standard Complexity,0.06708203932503437,17.48375,11.386149229253643,0.41064933,0
c5a5509d980259ab,76,6,3,88,0,10,0,19.64,10.57,6.66,True,3,Critical Complexity,0.10000000000003553,7.727837837837838,4.807017468938136,0.41062632,0
f967fe0656e6f744,62,17,1,252,0,9,9,18.92,14.76,7.36,True,3,Critical Complexity,0.09219544457356023,7.142500000000001,5.281262278092236,0.41053453,0
655ba0d86aee1cfb,52,7,0,687,5,14,11,27.73,22.77,6.8,True,1,Critical Complexity,0.364005494463876,12.162448979591835,7.638539108807697,0.41045412,0
c47de868a6b0c8e9,54,6,0,72,5,4,1,19.5,7.65,6.37,True,2,Standard Complexity,0.31999999999970896,9.471333333333332,5.127551549120583,0.41036487,0
af176ad9e8aac995,55,3,0,47,2,4,0,21.1,3.91,6.77,True,0,Standard Complexity,0.15811388300805945,10.459999999999999,5.776544938678434,0.41034478,0
f06bd6cda9132ad2,53,2,1,117,0,8,1,24.15,5.7,9.42,True,0,Standard Complexity,0.3352610922846349,11.942727272727273,6.811477067032579,0.41014478,0
5ac71dfacee54b50,120,10,0,49,2,0,3,19.88,7.06,6.38,True,2,Standard Complexity,0.03162277660167301,7.463454545454546,4.092277968956485,0.41007578,0
cb460f170110f557,28,0,1,116,2,3,4,34.92,26.0,6.3,True,1,Critical Complexity,1.9502820308863051,15.733928571428574,8.831245398051866,0.40944022,0
c1eacb076a4299c2,61,3,1,219,1,5,1,27.09,12.98,9.29,True,0,Standard Complexity,1.5805062480105814,12.536216216216214,8.28651048109218,0.4094331,0
387b6ad4a192f25f,60,24,0,228,0,9,2,17.16,6.97,7.84,True,2,Standard Complexity,0.028284271248079286,6.719843749999999,5.410052417776185,0.409432,0
6914ba23c5ffd8b4,59,0,0,323,3,4,2,23.03,17.73,3.18,True,3,Critical Complexity,12.657622209561904,10.328181818181816,7.6594609568010945,0.40942734,0
d3d380dcb46bbe96,67,1,0,59,7,6,6,17.82,16.47,6.27,True,3,Critical Complexity,17.582292228262048,8.63,6.262146596814865,0.40837443,0
299eb04f1007cb81,55,5,0,123,1,6,5,25.32,3.42,6.75,True,0,Standard Complexity,0.18110770276263383,18.055172413793102,7.264657298175093,0.40826923,0
d9e9a553e1b4962a,72,17,5,67,5,4,5,16.68,15.49,9.77,True,3,Critical Complexity,0.06000000000005912,6.7626470588235295,4.56987534185982,0.40809166,0
11e582ae7bbabe83,173,11,0,702,11,27,12,28.72,8.98,6.41,True,0,Standard Complexity,0.07999999999998408,9.8015625,7.47422032278911,0.40781605,0
6c22e46c826f85fa,63,7,0,145,1,6,6,28.73,19.47,9.08,True,1,Critical Complexity,0.11401754251040835,8.89758620689655,6.387709996641132,0.40776005,0
f9f466e8de1f41f7,72,11,0,53,4,5,0,17.82,13.02,6.3,True,3,Critical Complexity,0.291547594742226,6.426666666666667,4.686853481340713,0.40756315,0
f955beae6d238112,78,88,2,123,8,12,4,19.04,9.94,10.6,True,2,Standard Complexity,0.02236067977497756,3.731864406779661,3.3976756634231386,0.40755475,0
b5e9566762441f3a,59,0,0,94,0,4,3,37.39,15.31,6.3,True,1,Critical Complexity,3.5610251333008702,12.47709677419355,7.006538049725247,0.40735236,0
2a48fb2712abdbe9,74,10,0,347,0,11,8,19.43,18.86,11.5,True,3,Critical Complexity,0.06708203932483099,9.341884057971013,4.578121339703678,0.4071908,0
e64ca69c08e035af,52,0,0,72,4,1,1,25.75,19.09,6.31,True,1,Critical Complexity,0.6576473218985027,9.01470588235294,6.4371391322242255,0.40713415,0
3567b1f90582847e,56,9,0,171,1,7,4,19.29,18.89,6.29,True,3,Critical Complexity,0.1562049935176999,7.750000000000001,5.664174550041103,0.40708,0
aefa6912a1057c22,91,1,2,176,0,5,2,19.69,3.26,6.31,True,2,Standard Complexity,3.9849717690342255,8.721724137931034,5.4061325770962645,0.40707114,0
fdaa49163d1d12a3,34,0,0,143,2,6,6,37.7,18.01,6.29,True,1,Critical Complexity,4.0194651385472415,19.15892857142857,6.197410945182625,0.40704966,0
57532a7d64a443d2,72,4,0,369,0,9,13,18.85,10.79,9.43,True,3,Critical Complexity,0.02828427124775773,9.174166666666666,5.897926130335042,0.4070437,0
47ae2760a483df64,106,12,0,202,6,12,5,16.93,11.41,11.81,True,2,Standard Complexity,0.20396078054370426,7.383880597014925,4.424102558534272,0.40656465,0
2a21e5c84d06267c,23,1,0,169,8,0,12,25.38,4.84,6.3,True,0,Standard Complexity,1.842199772011819,18.244545454545456,5.8632745483860855,0.40649256,0
de042c108d5eb2f0,97,79,0,45,9,8,1,14.53,14.13,9.42,True,3,Critical Complexity,0.028284271247436175,3.1126168224299064,2.8898382506391584,0.40610206,0
7a702a0b05cffffe,90,5,0,154,8,11,2,15.86,15.71,6.62,True,3,Critical Complexity,0.18439088914569005,6.796666666666667,4.672568346155565,0.40602475,0
4f316805646036fd,90,6,0,215,1,9,1,16.66,13.78,6.85,True,3,Critical Complexity,0.08485281374263008,9.120493827160495,4.633348761294476,0.4056954,0
ee47d6939dd72462,59,3,0,461,8,7,15,28.54,7.59,12.64,True,0,Standard Complexity,4.035665992125201,13.568,9.07079357057584,0.40563288,0
dfb723bb3978b913,63,2,0,31,2,0,3,18.67,5.25,6.35,True,2,Standard Complexity,6.30341177458678,7.764285714285713,6.443505827338002,0.40536872,0
3d62a9fc8298c55e,69,1,0,324,3,19,2,22.7,11.72,6.29,True,0,Standard Complexity,2.7380650101846102,11.483333333333334,4.915383852019943,0.40510374,0
f44a5755582d7d70,65,6,1,316,1,4,12,22.03,5.9,9.47,True,0,Standard Complexity,1.8100276240999045,8.219767441860464,5.467208159764523,0.40488678,0
b7a00a839f8a8b8c,87,7,1,258,3,10,3,21.61,11.36,11.64,True,3,Critical Complexity,0.2147091055360063,9.852537313432835,4.461515820075819,0.40473768,0
48042fee19eac7e5,27,4,0,216,11,18,5,21.9,7.05,6.29,True,0,Standard Complexity,0.5990826320301219,11.557692307692308,7.826938839522968,0.4047285,0
47fef59d6fd61ba0,51,0,0,218,6,2,10,28.27,2.42,6.28,True,0,Standard Complexity,5.08189925126429,10.098571428571429,8.761822101059359,0.40418917,0
11d96a42f257f558,34,0,0,152,7,5,0,31.12,12.9,6.33,True,1,Critical Complexity,0.48836461788299573,17.706764705882353,5.803171405050981,0.40416023,0
669df7401fbe0759,542,31,0,49,3,6,6,17.28,15.61,12.52,True,3,Critical Complexity,0.09848857801807925,3.0625316455696203,2.994277017343835,0.40413478,0
c05c4630dfdb904f,59,10,0,482,3,9,13,20.31,15.5,6.91,True,3,Critical Complexity,0.085440037453071,9.771282051282052,5.980499584434517,0.4040071,0
6e8ddb19ed493c8d,57,0,0,324,1,8,14,21.41,8.57,6.31,True,0,Standard Complexity,0.8683317338433688,14.767826086956523,5.39374029821022,0.40388712,0
37528355e6ad3274,39,8,0,70,1,1,0,20.8,13.21,6.3,True,3,Critical Complexity,0.47539457295931614,10.61409090909091,7.166529944560408,0.40375572,0
dc21dd31b52f3aa5,50,7,0,153,5,3,1,26.35,15.06,8.5,True,3,Critical Complexity,0.76164296097318,9.604827586206897,6.768386259403374,0.40362874,0
90b713997ffbef10,63,7,0,341,1,9,8,21.88,12.64,6.64,True,3,Critical Complexity,0.03162277660179884,12.193541666666667,5.330333201586047,0.40353096,0
22b4a953bec437d8,41,2,0,227,3,8,8,30.8,25.77,18.85,True,1,Critical Complexity,2.720294101746434,18.508750000000003,8.06567214728568,0.40331575,0
b0630026aaa67a08,61,23,0,343,0,8,15,18.04,15.13,10.76,True,3,Critical Complexity,0.04242640687083271,8.101940298507465,4.934101330205354,0.40318504,0
28b6dcce29c726f0,99,80,0,232,14,14,11,18.83,16.59,7.85,True,3,Critical Complexity,0.036055512754417915,2.47688679245283,2.7607991607597926,0.40306383,0
2967fa6881c1a83a,66,17,1,92,0,4,0,19.56,9.13,8.95,True,0,Standard Complexity,0.010000000000218279,6.852187499999999,4.904970205296231,0.40289637,0
fdc8dc835d9b81ac,31,0,0,107,6,0,6,28.66,5.91,6.32,True,0,Standard Complexity,0.11704699910687612,15.445333333333332,8.618535735391612,0.40287778,0
1b3e9e0ceaa4a6ef,50,12,0,252,9,18,1,14.87,2.7,6.76,True,2,Standard Complexity,0.06403124237435903,4.391578947368421,5.117914113713345,0.4028755,0
d4ac96c40f32afe8,54,1,0,544,8,5,14,33.73,9.57,6.29,True,0,Standard Complexity,3.0923292192131298,14.351599999999998,8.667081483406049,0.4028527,0
3c884700d005814e,106,15,2,83,4,5,0,20.81,12.14,6.81,True,3,Critical Complexity,0.14764823060229212,5.606222222222223,4.403307993310327,0.40277177,0
a96d40b9c26f964f,62,2,1,233,3,8,8,34.66,27.15,6.31,True,1,Critical Complexity,1.1415778554267748,12.62060606060606,7.139765694905196,0.4023337,0
16e804d63e3faee8,59,4,0,360,1,10,5,25.05,2.82,6.84,True,0,Standard Complexity,2.873882391469991,10.33409090909091,8.967827678120427,0.4019587,0
a49441f8f0842816,64,4,0,113,7,10,5,17.3,5.68,6.3,True,2,Standard Complexity,1.5520631430446865,6.934375000000001,5.347210684962302,0.40187073,0
7a4fca5d613add9c,55,20,3,154,3,5,4,16.46,11.5,7.42,True,2,Standard Complexity,0.041231056256194255,6.1269387755102045,5.538775081587519,0.40159488,0
73052d22c33a112c,178,18,0,160,3,9,8,13.12,6.39,6.31,True,2,Standard Complexity,0.049999999999954525,4.367916666666667,3.5356246255867654,0.4011939,0
abbefb9dd8a5ec9b,53,12,0,242,2,4,20,24.7,17.76,6.51,True,3,Critical Complexity,0.07071067811929786,10.78595744680851,7.264417113450276,0.4008249,0
3ec1a4e5b383f99d,210,7,2,157,0,7,2,19.45,2.65,6.35,True,2,Standard Complexity,0.44407206622331175,4.942564102564103,4.363298985946603,0.40076095,0
6e409d24043e069d,53,0,0,54,0,2,2,23.64,9.46,6.35,True,0,Standard Complexity,0.7955501241280417,14.346666666666664,5.305390402247647,0.4007102,0
6c34de8891e3ef53,25,20,1,27,1,0,3,22.17,21.52,10.08,True,3,Critical Complexity,0.08062257748384284,4.333928571428571,5.47336103275656,0.40070537,0
10f3910cac41aa74,61,9,0,160,2,8,2,26.1,17.53,6.43,True,3,Critical Complexity,0.1838477631086567,7.755625000000001,6.018713492879936,0.40013838,0
f024ba884951721,55,0,0,94,5,6,0,29.16,7.81,6.3,True,0,Standard Complexity,2.4021656895391743,16.4795,7.1009171766751376,0.4001021,0
3aeb87bb4573f739,50,6,0,299,14,10,7,19.38,14.55,6.31,True,3,Critical Complexity,0.0948683298051808,9.403513513513515,5.8884913941064765,0.40006486,0
bfa6e075c1e716fa,19,1,0,176,8,4,5,26.69,2.51,6.3,True,0,Standard Complexity,12.175520522753873,19.889444444444443,6.027171321258629,0.39993936,0
c0c3ef92f2a51db8,61,2,0,405,3,14,7,31.25,16.17,6.31,True,1,Critical Complexity,0.07071067811762578,12.727592592592591,5.67489041668882,0.3999099,0
2ecc905002f6856a,98,2,3,107,3,4,0,19.85,8.49,6.35,True,0,Standard Complexity,0.18027756377317739,9.641666666666666,4.583120904168056,0.39976224,0
54f0585b7706b5db,55,6,0,209,2,6,4,18.69,15.85,6.42,True,3,Critical Complexity,0.3269556544864811,9.717560975609757,5.34410492653299,0.39967427,0
46d127777d5bdb0e,62,5,0,321,1,11,5,19.43,15.66,6.31,True,3,Critical Complexity,0.7932212806017346,11.790000000000001,5.918827103887584,0.39954504,0
aefa7301bc8fddf9,58,131,1,25,3,4,0,17.4,17.0,7.0,True,3,Critical Complexity,0.02236067977497756,2.5075714285714286,2.557030608071058,0.39947045,0
9c2868ee3bd3370d,130,6,2,214,1,11,4,19.73,10.73,9.47,True,3,Critical Complexity,0.4004996878901113,7.0206060606060605,4.468494044600478,0.39935347,0
9b3105e361e17b8f,89,2,0,759,7,26,18,37.4,22.54,12.57,True,1,Critical Complexity,6.085211582189018,14.3353125,9.956553427383582,0.3990426,0
7fcc62293d5e97b,30,0,0,238,6,3,14,37.69,24.21,6.31,True,1,Critical Complexity,3.940317246111529,24.25722222222222,3.8360016880362915,0.39903167,0
9dfbec14a5aa4059,63,17,4,190,3,6,4,19.13,3.26,6.81,True,2,Standard Complexity,0.3667424164177346,6.542692307692308,5.093578202533603,0.39879057,0
104202f4f2590dff,119,14,3,125,7,10,4,16.0,5.65,6.78,True,2,Standard Complexity,0.4301162633520573,8.202837837837839,4.331341007084224,0.39864588,0
b6a3db23757bb161,59,10,3,88,0,3,0,17.1,8.38,6.73,True,2,Standard Complexity,0.8635392289874343,8.187000000000001,5.619411090141031,0.3983475,0
5a6ec058b94992fd,61,0,1,370,5,23,9,22.31,14.76,6.29,True,3,Critical Complexity,1.0822661410211625,13.213333333333335,5.687697444680248,0.39777625,0
a6c8d68e1ca0a186,61,6,0,87,0,2,2,25.01,9.29,6.37,True,0,Standard Complexity,0.15297058540844707,7.233725490196077,5.447290011892517,0.39760828,0
9fb34a8b1098f259,57,12,0,168,3,15,1,19.34,7.93,7.32,True,2,Standard Complexity,0.01999999999998181,8.168448275862069,5.720641934597579,0.3975816,0
6d0f02efe21f4f81,59,6,0,254,1,6,0,26.84,15.91,6.84,True,3,Critical Complexity,0.10630145812710008,10.573529411764707,5.519769753485003,0.39730337,0
8b0fb8ac6f52eb5c,137,2,0,89,2,3,4,18.21,17.7,6.32,True,3,Critical Complexity,5.5394043001030004,5.2091666666666665,5.840686972056931,0.3972203,0
1a0562c5d0eb869c,59,2,0,59,7,8,4,14.89,12.17,11.28,True,2,Standard Complexity,0.036055512754922414,7.5680000000000005,5.799459974859728,0.39688924,0
b6548c232447e153,56,9,1,190,2,10,7,24.86,24.42,6.85,True,1,Critical Complexity,0.05999999999994543,9.531951219512194,6.501102803075571,0.39686847,0
af675f391c433ed4,56,2,0,99,0,7,1,25.92,8.0,6.3,True,0,Standard Complexity,0.3818376618410315,10.569361702127662,5.7747544496954974,0.39678454,0
7f4d0b4eb17ee71f,60,1,1,346,1,10,5,21.81,7.5,6.34,True,0,Standard Complexity,0.34481879299127033,10.548157894736843,5.400547172698608,0.39674777,0
676ea729a988b52b,75,24,0,254,0,7,7,15.33,11.96,7.15,True,2,Standard Complexity,0.014142135623718088,7.280312499999999,4.715511295431679,0.39671504,0
4b36cd3a7b623eb6,59,2,1,115,7,2,0,27.11,25.78,6.32,True,1,Critical Complexity,0.09219544457316563,11.59775,5.33484464980003,0.39667663,0
3b6056cf3e64a99b,56,9,1,469,7,6,7,19.32,13.71,6.92,True,3,Critical Complexity,1.3799275343292179,10.083877551020409,5.861138990906165,0.39665744,0
3945d5b253424f00,65,5,0,65,4,4,7,14.8,3.95,10.94,True,2,Standard Complexity,0.16124515496593714,5.811176470588235,5.512727394112583,0.39653337,0
7ad2f893139c7e46,117,0,0,433,11,28,7,25.08,8.38,6.3,True,0,Standard Complexity,0.4118252056390613,13.567951807228917,5.519413439901837,0.39637306,0
35dbbb5f3b317e8b,212,7,0,812,8,29,22,23.28,8.39,6.66,True,0,Standard Complexity,0.10770329614335213,11.634411764705883,7.330024753660342,0.39632118,0
d53da06b009b072e,223,52,0,213,1,5,1,18.42,14.66,10.58,True,3,Critical Complexity,0.14422205101842842,2.9865168539325846,2.5723080621437777,0.3962991,0
cfa35b2150699672,114,4,0,93,3,2,3,15.2,5.14,6.57,True,2,Standard Complexity,1.2501599897613103,7.197317073170731,4.7497681711797695,0.39592165,0
9c3301d9e9a470ed,73,14,3,129,2,4,2,20.17,17.65,6.34,True,3,Critical Complexity,0.21023796041634663,9.32485294117647,4.69148399093477,0.39589486,0
309bc168df4f02d4,28,1,1,208,12,9,1,26.07,14.62,6.29,True,3,Critical Complexity,0.4197618372360987,16.92,6.287233095726609,0.3957678,0
f3fca52ba8958dab,51,3,0,356,7,9,4,25.24,8.74,9.05,True,0,Standard Complexity,0.22022715545526245,13.569230769230773,6.531440091181597,0.39570943,0
d0e40734643e24e4,54,10,0,325,1,5,13,20.59,7.37,6.32,True,0,Standard Complexity,0.33541019662500915,10.866842105263158,6.4030815382591815,0.39563978,0
5e75150d1f1921c7,52,6,0,167,7,3,0,24.95,9.19,6.39,True,0,Standard Complexity,0.19026297590442265,12.204324324324324,5.927045451715857,0.39561015,0
7c6cbb90f8a4a510,29,0,0,60,4,0,1,33.57,4.24,6.29,True,0,Standard Complexity,4.297906467106977,17.674000000000003,7.924117868886101,0.39529735,0
dd163281a1699588,72,38,6,231,0,8,10,19.92,18.49,7.25,True,3,Critical Complexity,0.3982461550347993,4.609718309859153,3.55506857834093,0.39522976,0
6622004311d2e67,64,6,0,86,9,5,3,15.19,2.1,6.3,True,2,Standard Complexity,0.10630145812774178,6.973333333333333,4.776161871442615,0.39518374,0
dd59598c6f1c0a14,51,10,0,523,0,14,25,20.84,11.8,8.1,True,3,Critical Complexity,0.2126029162551413,9.305806451612904,6.29631421839258,0.39507988,0
62219137a64865e7,84,14,1,186,0,6,6,22.94,18.13,7.93,True,3,Critical Complexity,0.04242640687117436,5.861842105263157,4.888712485362883,0.39504683,0
685c6e1b4951dac,43,0,0,46,8,2,0,23.24,17.52,6.27,True,3,Critical Complexity,12.115349767960733,9.267777777777777,6.733030979643529,0.39488962,0
37218de9baa86f43,68,16,2,17,0,0,0,19.38,18.31,9.43,True,3,Critical Complexity,0.6888396039716793,3.37625,4.254328004612871,0.39470586,0
3743171297317c9e,92,6,0,209,7,4,9,15.38,11.73,6.84,True,2,Standard Complexity,0.7406078584512018,8.611764705882353,4.671348928027297,0.39439967,0
64a11c79a871cb2d,62,0,0,168,0,9,0,22.39,6.29,6.3,True,0,Standard Complexity,3.807571404452126,14.509729729729731,7.469710905251626,0.39424303,0
caa31dc070655c7e,54,0,0,97,0,5,3,28.52,4.33,6.34,True,0,Standard Complexity,0.2137755832652844,14.320714285714283,6.1025714302435246,0.39415735,0
edc63e4e1dc4634a,22,2,0,296,7,6,3,36.59,16.73,6.45,True,1,Critical Complexity,5.21751856728871,15.605000000000002,9.434997350291097,0.39415076,0
6ff6f17b11b9081a,60,5,0,226,1,8,5,19.62,18.94,6.35,True,3,Critical Complexity,0.14212670403478178,9.438095238095238,5.29747974134657,0.39400777,0
31238453908b1a97,71,1,0,93,0,4,0,21.25,10.96,6.31,True,0,Standard Complexity,0.33105890714509606,9.456415094339622,4.695166159110767,0.39394248,0
1ecb4ba20d8f74fa,101,1,0,29,3,2,1,15.14,11.52,6.29,True,2,Standard Complexity,5.8411300276573535,8.848749999999999,4.719858148027332,0.3939028,0
a4836ea3bbc4c000,56,1,0,103,1,5,3,34.69,17.13,6.27,True,1,Critical Complexity,0.09055385138109093,13.997708333333334,6.057850017258368,0.39372125,0
78057b05e8d2d857,55,3,0,195,3,5,5,27.22,4.08,6.37,True,0,Standard Complexity,0.25632011235957225,10.387428571428572,8.150245339990741,0.39360407,0
45835d430073da19,66,15,0,79,13,10,0,15.74,15.42,6.98,True,3,Critical Complexity,2.2803508501980208,4.319333333333333,4.230367149813621,0.39272806,0
1b254a843598dc5f,45,0,0,33,0,0,0,34.38,3.95,6.29,True,0,Standard Complexity,0.1000000000001819,13.802444444444442,8.536092563164576,0.3922187,0
854b1551423854dd,54,7,0,77,6,0,2,19.83,19.59,6.67,True,3,Critical Complexity,0.13341664064141467,5.579166666666666,6.011095932153766,0.39212927,0
66ce9921f6d1d3ad,51,2,0,184,2,5,4,23.01,10.66,7.71,True,0,Standard Complexity,1.8514858897651905,13.212962962962964,6.822752683764335,0.39210433,0
9dfcc928a4c2101,83,3,0,124,1,6,7,26.01,11.65,6.3,True,0,Standard Complexity,2.106395024680911,10.566,5.528774186019899,0.39165232,0
efa9b0fe7a800af,78,2,0,499,2,8,19,29.0,17.55,6.29,True,1,Critical Complexity,4.404770141562372,15.675624999999998,8.46085616881501,0.39134943,0
8ab54e62097ac2d6,62,3,0,423,4,12,6,23.85,10.68,7.0,True,0,Standard Complexity,3.6416617086160716,14.707173913043478,6.6649441965906435,0.3911968,0
474d5a618c73709a,51,1,0,216,7,8,4,24.42,5.21,6.35,True,0,Standard Complexity,1.1543396380616417,16.676285714285715,5.940822014172924,0.39118168,0
1a92606dbf3604ee,37,16,3,113,9,6,3,21.44,13.89,7.3,True,3,Critical Complexity,0.022360679775079245,7.162571428571428,5.916101198234789,0.39113352,0
bc2cf75e0a287e9b,83,5,1,208,4,6,8,21.29,12.41,8.29,True,3,Critical Complexity,0.036055512754670165,7.339795918367346,5.4484259062879685,0.3910574,0
926c6e2f58f68c94,36,0,0,235,6,6,9,22.36,9.28,0.07,True,0,Standard Complexity,0.0894427190995035,17.372499999999995,5.235754840517267,0.39074695,0
fec2e65441254dd7,81,5,6,132,3,10,0,18.45,15.19,6.55,True,3,Critical Complexity,0.14866068747254513,8.088297872340425,4.910866508949198,0.3906723,0
396a3a7d086eaaf8,65,8,0,655,10,35,19,26.71,7.11,6.92,True,0,Standard Complexity,0.6181423784195677,12.42259259259259,9.044722051128348,0.39064908,0
eb3f88acbba4200,34,0,1,24,1,0,1,36.28,23.29,6.32,True,1,Critical Complexity,1.3576818478568429,20.542424242424246,5.317404829712392,0.3905324,0
c5339e0910ff4cb9,56,4,2,91,2,6,5,20.59,14.57,6.32,True,3,Critical Complexity,1.0872442227944175,10.1075,6.148278519227963,0.39051735,0
dd086fb7a9aaf8cf,75,4,1,290,8,22,11,19.74,13.39,6.3,True,3,Critical Complexity,3.203529303752348,9.053513513513513,5.99003957764131,0.39037535,0
4316ea34c0b5f81a,44,1,0,17,1,0,1,32.81,21.88,6.29,True,1,Critical Complexity,2.768754232502574,11.01666666666667,9.84201379574097,0.39016473,0
226b3bbe386b5acf,30,0,0,231,7,7,12,25.27,1.68,6.3,True,0,Standard Complexity,0.8203657720796498,15.068333333333335,8.299348870041955,0.39004627,0
b6ba79c39250ac1a,54,0,0,291,2,10,3,34.94,24.11,6.44,True,1,Critical Complexity,0.44687805943002434,11.428125000000001,6.384599359738636,0.3900225,0
c458c6e62dff405d,54,10,0,134,2,11,0,28.49,8.34,7.33,True,0,Standard Complexity,0.144222051018523,5.772,7.022939270704253,0.38997343,0
130f7fc8ee15a9f8,58,158,0,201,10,13,10,14.2,11.46,10.12,True,2,Standard Complexity,0.01414213562355731,3.386444444444444,3.2103957219255737,0.38995677,0
bfe7327af967fa77,108,6,2,114,1,6,1,17.37,10.04,7.83,True,2,Standard Complexity,0.21023796041634932,9.760333333333334,4.460276137440621,0.38982347,0
4da8be024544dc,33,0,0,220,8,5,13,25.48,11.25,6.29,True,0,Standard Complexity,1.1299999999999955,14.769499999999999,8.23516695337745,0.38961524,0
625d9708013024a6,59,4,0,284,0,7,8,32.81,28.66,7.53,True,1,Critical Complexity,0.2668332812827271,9.732702702702701,5.927564856484535,0.38960728,0
27997e87b7184342,90,46,0,163,2,5,0,20.28,11.25,7.26,True,3,Critical Complexity,0.07071067811826888,2.6167307692307697,3.056227388561217,0.38925424,0
8ae9f28f2e2beecc,39,1,0,448,2,11,12,33.86,17.89,6.59,True,1,Critical Complexity,3.747665940288766,18.84125,6.994499215157103,0.38920453,0
eac32e813efd2d8b,80,0,0,324,4,6,0,23.41,6.61,6.29,True,0,Standard Complexity,2.280000000000655,13.181212121212122,4.792232198031839,0.389171,0
48fcba6a6a421252,63,18,0,140,1,6,3,17.55,7.66,9.43,True,2,Standard Complexity,0.009999999999990905,7.413166666666668,5.38543978138173,0.3891699,0
f97d2341894714be,71,0,0,436,3,2,28,21.37,13.77,12.56,True,3,Critical Complexity,5.835837557711741,13.084782608695651,8.326882014486324,0.38897923,0
ca77fd6b50857d1b,60,9,0,326,0,10,7,20.03,8.25,7.12,True,0,Standard Complexity,0.06082762530341281,9.16943396226415,5.549433224534154,0.38884732,0
d00227d0aa3a1472,72,9,0,44,4,4,0,14.37,5.4,6.3,True,2,Standard Complexity,1.3435773144865069,6.2328,4.7513951803654475,0.38861653,0
5f19a653d5f3dfa5,52,3,0,69,0,3,3,23.99,14.16,6.31,True,3,Critical Complexity,0.049999999999954525,10.701666666666666,5.135355932703746,0.388604,0
6cbe3b6ba1bd4af6,99,0,0,248,1,7,4,18.54,11.29,6.33,True,3,Critical Complexity,0.9414881836753557,9.48955882352941,4.339036025304784,0.38848317,0
8f44889efbd310d7,88,3,0,321,1,10,14,18.75,15.71,6.87,True,3,Critical Complexity,0.1360147050873394,12.486060606060605,4.434898406402878,0.3884688,0
9c2b3d7b561eab1e,55,12,0,153,1,5,4,19.98,18.96,6.65,True,3,Critical Complexity,0.5748912940721639,8.611219512195122,5.34901413078397,0.3884355,0
8ac02b34c1145456,126,22,3,181,0,8,5,12.66,5.79,6.89,True,2,Standard Complexity,0.3162277660168667,5.014000000000001,3.903574399304961,0.38830224,0
c68a8a30bf65c56d,58,3,0,260,2,14,4,17.26,13.32,6.29,True,3,Critical Complexity,0.19646882704436597,7.688095238095237,5.352464157970447,0.38822892,0
12a31b6605d17fd3,52,2,0,356,3,15,7,19.98,4.8,6.31,True,2,Standard Complexity,0.24331050121215606,9.77512195121951,5.404705773427729,0.3881386,0
2a54d111a143cf0e,60,6,0,407,0,8,16,19.32,8.02,6.7,True,2,Standard Complexity,0.07211102550959257,12.483636363636364,5.517195388843655,0.38779405,0
eee9758eb4c63534,51,2,2,137,1,4,3,25.14,18.62,6.32,True,3,Critical Complexity,0.7589466384405117,12.49409090909091,6.613292852684803,0.38774318,0
8b1e956e631447f9,61,0,0,401,7,3,24,28.1,8.94,6.29,True,0,Standard Complexity,4.668640058946105,15.717500000000001,7.232228477447322,0.38771966,0
8532b342ba5c8b76,64,3,0,380,2,6,7,21.62,5.5,6.31,True,0,Standard Complexity,0.022360679774265767,13.21764705882353,5.814789321705876,0.38746494,0
b5b77bd5370e988b,88,7,0,371,4,7,12,18.84,9.57,6.42,True,2,Standard Complexity,0.1802775637732499,9.151250000000001,4.7788713037180655,0.3874221,0
17a08a39d5b98fe,69,0,0,98,0,5,0,31.17,20.96,6.32,True,1,Critical Complexity,0.26476404589769104,12.696818181818182,4.659775374704206,0.3872006,0
cd2daff8ebdb4735,48,37,11,40,4,3,0,16.29,7.0,7.95,True,2,Standard Complexity,0.06324555320316626,5.644571428571429,4.720165156225025,0.38712183,0
a8ad12abb085a57e,161,11,1,170,3,9,5,17.97,16.09,6.48,True,3,Critical Complexity,0.04472135954995512,5.819809523809524,3.5636546198296357,0.38702258,0
c788138bf9a80a2e,80,1,0,339,9,11,12,24.55,11.49,6.3,True,0,Standard Complexity,2.739945254927822,16.503863636363636,4.822764774723525,0.3866249,0
4c674b44a58089c2,54,23,1,278,4,6,8,18.64,8.49,6.64,True,2,Standard Complexity,0.17117242768630703,4.444411764705882,5.221632712417736,0.3862504,0
5d08dd76f593eb96,96,13,0,103,4,11,5,16.52,15.83,6.57,True,3,Critical Complexity,0.46818799642750447,6.896212121212122,4.063136482597737,0.38571513,0
a1d35c40ce5cf82a,72,8,4,161,4,6,4,21.09,9.01,9.42,True,0,Standard Complexity,0.05830951894859494,5.784545454545455,5.576100565866899,0.38562295,0
6d1855299cfca700,49,2,0,520,3,11,9,35.8,12.3,6.29,True,1,Critical Complexity,3.624803442946818,14.29516129032258,9.01019024215315,0.3855122,0
868d1339ee6dd24d,58,4,0,585,0,15,29,20.77,10.35,6.48,True,0,Standard Complexity,0.08602325267050662,9.298823529411765,6.5154020076891115,0.3854349,0
7ea8a822e4c81e82,74,4,0,55,1,4,0,19.11,18.31,6.43,True,3,Critical Complexity,0.020000000000095497,5.652857142857143,5.833775337967477,0.38541186,0
39a4baa4a8fc2dc6,71,0,0,155,1,4,8,22.98,4.79,6.31,True,0,Standard Complexity,1.808977611801925,13.347714285714284,4.799705994397267,0.38528556,0
73ebe9db758922dc,77,4,0,162,6,7,4,16.43,13.72,6.34,True,3,Critical Complexity,0.2863564212655304,4.628571428571429,5.051997516979261,0.38526347,0
77f7f1a20031f983,17,8,6,125,3,4,8,31.52,10.15,6.35,True,0,Standard Complexity,0.05830951894878991,11.19551724137931,9.215704955992765,0.38523257,0
fee1bd57c20d6f96,122,13,0,151,2,7,13,18.55,15.37,7.36,True,3,Critical Complexity,0.9244457799138805,4.817142857142857,4.480229472074949,0.38509202,0
482c5418b11d2765,85,2,0,295,4,10,7,34.52,6.47,6.33,True,0,Standard Complexity,3.846036921300106,8.430689655172413,7.337101246186367,0.3850591,0
de91e1a302098212,58,22,0,70,12,12,0,23.99,8.05,9.03,True,0,Standard Complexity,0.058309518950973596,3.8853571428571434,4.508120040662228,0.38502914,0
f7adc929ebec64ef,55,5,0,270,8,2,5,21.79,10.44,6.38,True,0,Standard Complexity,0.40049968789012835,10.289130434782608,6.492906439066023,0.3849239,0
b26a447111aa7fab,61,10,0,328,2,11,6,17.25,16.3,6.76,True,3,Critical Complexity,0.08544003745317744,6.775757575757576,5.289458373087402,0.38487622,0
da9be28270548ed4,99,9,0,395,0,17,13,16.2,5.4,7.29,True,2,Standard Complexity,1.4674126890550998,6.9695081967213115,4.530361121287912,0.38481104,0
5e0271adebf2a610,73,21,5,29,3,4,0,18.56,13.18,6.41,True,3,Critical Complexity,0.34928498392845997,5.011538461538462,4.370654787804881,0.38450012,0
2da46efbc463047b,38,5,0,175,0,9,3,25.68,9.01,6.29,True,0,Standard Complexity,0.050990195136149025,15.226666666666667,9.181807041947437,0.38448063,0
117b51ebbd079e64,55,8,2,229,5,10,9,21.34,10.35,6.86,True,0,Standard Complexity,0.2915475947424756,9.702857142857143,5.99753095456959,0.38424754,0
9e8bd343e07885f6,85,2,0,258,4,8,0,18.04,4.52,6.3,True,2,Standard Complexity,0.284604989415111,10.674634146341464,4.705222888145333,0.38414043,0
8e2d1b7b6cedcda1,61,5,0,128,1,3,0,21.83,13.97,6.29,True,3,Critical Complexity,0.6276941930589739,13.115636363636364,5.214413159219484,0.38410956,0
61025f1ed7b04cd7,58,2,0,334,2,10,5,23.98,9.5,6.55,True,0,Standard Complexity,0.22022715545571672,12.603250000000001,5.725880887470503,0.38386598,0
11f3d5001dd06356,56,6,1,110,0,7,4,20.83,11.39,3.17,True,3,Critical Complexity,0.02236067977500298,11.638301886792451,5.409502378623755,0.38379848,0
166547e9152c903a,51,2,0,270,12,8,13,22.24,21.92,6.34,True,3,Critical Complexity,3.0700651458886514,9.324285714285713,6.779772135114987,0.38364834,0
4c11590504e9ebd0,96,8,0,102,2,11,0,15.15,5.2,6.54,True,2,Standard Complexity,2.490180716334344,7.404444444444444,4.688127110314857,0.3834962,0
3e437f59af9de2ba,38,139,3,207,7,13,7,20.33,12.31,10.17,True,3,Critical Complexity,0.0,2.6279487179487178,2.791580224750187,0.38335437,0
29c7c14e3a937c7b,60,16,3,166,0,11,3,17.48,6.54,8.89,True,2,Standard Complexity,0.09999999999990905,7.668214285714285,5.117863361076872,0.3832912,0
cd990b408053d4c1,60,1,2,443,2,8,9,23.45,6.16,9.85,True,0,Standard Complexity,0.3905124837965438,13.713888888888889,6.448695078066303,0.3830018,0
6fc3976df5c22f55,48,7,0,122,3,2,3,24.95,10.97,6.44,True,0,Standard Complexity,0.47801673610865913,12.868823529411763,7.703510950784592,0.38258892,0
52ec301e1836c800,48,2,1,472,0,16,17,36.88,14.46,6.29,True,1,Critical Complexity,0.12165525060592851,12.26,8.046959900258212,0.38198996,0
312570cc06aa77a,45,59,0,197,14,15,9,13.99,10.73,8.14,True,2,Standard Complexity,0.05385164807150718,3.2105714285714284,3.4682667081964262,0.38193974,0
ad63d227971ae15e,62,9,5,178,2,5,7,23.61,11.52,7.7,True,0,Standard Complexity,0.009999999999990905,10.971666666666668,7.151505086343713,0.38183293,0
d38f89602eb538ef,63,2,1,183,3,5,7,20.17,6.31,6.29,True,0,Standard Complexity,0.4661544808322624,11.689375,5.867910582939638,0.38182575,0
ae4d60731f698b03,59,8,0,157,6,10,6,24.24,2.39,6.57,True,0,Standard Complexity,0.13416407864986535,8.664615384615384,5.484117321938778,0.38175854,0
f60318664d3677c3,159,7,0,104,1,7,0,16.6,15.19,6.7,True,3,Critical Complexity,0.42638011210653304,7.36063829787234,3.885359812060084,0.3813668,0
7d5fbb8156c00dbc,56,60,1,85,2,7,0,16.18,6.34,10.28,True,2,Standard Complexity,0.03162277660151123,3.90367816091954,4.29405660224876,0.38136172,0
f823fbbed5f0b9e2,36,8,1,69,0,4,0,33.1,25.53,6.52,True,1,Critical Complexity,0.15231546211713964,9.60891891891892,6.767045658141505,0.38104326,0
56106ec5fde0b453,66,3,0,467,5,6,18,22.16,14.07,6.44,True,3,Critical Complexity,4.240011792437925,13.224374999999998,7.216630938975264,0.38055912,0
4d76a72b8629039e,47,0,0,53,0,0,0,34.61,5.48,6.3,True,0,Standard Complexity,0.3401470270331952,13.086904761904762,9.109374681402,0.38033414,0
b549592008b7e9d6,36,3,0,308,3,4,5,23.11,7.47,6.47,True,0,Standard Complexity,0.602079728940219,14.952380952380953,8.033107626603142,0.38033077,0
73b1d60f9328647d,106,7,0,225,8,15,5,18.58,8.48,7.2,True,2,Standard Complexity,0.3522782990762134,9.157846153846153,4.408277002432754,0.38029298,0
fd9396a5deb63b6e,94,5,0,381,0,9,9,19.28,9.57,8.73,True,2,Standard Complexity,0.17888543820063396,8.000377358490566,4.670371470121121,0.37983093,0
b6938e97ff2868d3,53,77,0,81,2,8,0,12.68,12.07,9.0,True,2,Standard Complexity,0.07211102550923437,3.8923333333333328,3.5847541524257047,0.37965763,0
b187ecb52b2db1d9,39,1,0,332,7,4,22,25.44,15.27,6.3,True,3,Critical Complexity,3.7188439063773777,17.77722222222222,6.290851210338493,0.37955332,0
ebaf2f0ee999bd8a,49,7,0,285,2,9,0,24.07,10.85,9.31,True,0,Standard Complexity,0.2061552812808527,10.516190476190475,6.663942402562555,0.37947991,0
ec80a2f706376b35,42,2,0,448,8,7,19,31.23,12.24,6.99,True,0,Standard Complexity,0.8343260753445495,16.51681818181818,8.582331420034174,0.37940806,0
ad38b17ca3e84eec,59,2,0,453,2,13,11,23.05,4.21,9.29,True,0,Standard Complexity,0.38626415831657224,12.879473684210527,6.0881394389628465,0.3793742,0
cc5ed4d423176351,36,7,1,65,4,0,0,21.48,3.35,6.51,True,0,Standard Complexity,0.6041522986796872,8.104000000000001,7.100840138086949,0.37924647,0
4a55faf7c491862c,27,2,0,186,1,2,12,36.31,18.7,6.47,True,1,Critical Complexity,3.9940580867099165,15.419999999999998,8.832699797586564,0.37922806,0
6fef26086ce4730a,29,0,0,250,0,4,14,37.05,13.06,6.34,True,1,Critical Complexity,2.664432397340365,14.142307692307693,8.606289429915734,0.37919116,0
bd1b0d5dd3839e78,100,5,0,295,3,9,9,19.72,6.69,8.06,True,2,Standard Complexity,0.6493843238034094,8.509298245614035,4.782608060297014,0.37895873,0
f729865061f63aea,39,7,0,371,1,10,12,33.31,16.66,6.31,True,1,Critical Complexity,0.14422205101842842,10.601153846153846,8.383582549301149,0.37894288,0
b4b1bdc84614bdfe,49,5,0,256,2,14,2,29.13,13.8,12.63,True,1,Critical Complexity,2.573907535246856,14.14758620689655,8.061108272898705,0.37878767,0
6c02b7071592f4fc,83,10,0,143,0,7,6,15.71,8.2,10.97,True,2,Standard Complexity,0.044721359549141644,9.019814814814813,4.656210703335342,0.37848744,0
be6c27cb3d670efb,113,2,0,547,18,29,12,26.31,14.82,6.3,True,3,Critical Complexity,2.1964744478368647,12.676111111111112,9.00384741151673,0.37823623,0
3fa32e5a66a9f20e,27,1,0,320,7,4,11,26.51,4.05,6.29,True,0,Standard Complexity,2.151115989434091,16.575333333333337,6.984655435707301,0.37821728,0
fc214dae659811d9,53,7,0,178,5,4,1,19.35,5.76,7.53,True,2,Standard Complexity,0.3124099870361567,9.379333333333335,5.762231589314065,0.37811172,0
7833583f53b2833b,59,3,0,180,6,15,3,28.48,28.47,6.35,True,1,Critical Complexity,0.50249378105604,8.815384615384614,6.186443759586969,0.37792134,0
cf19a99f84294049,51,15,0,439,1,9,10,17.42,15.13,7.87,True,3,Critical Complexity,0.2102379604163115,8.345365853658535,5.256132816360739,0.37784934,0
c116decce935ca30,116,26,0,71,13,4,0,12.68,12.26,6.94,True,2,Standard Complexity,0.6549045732009615,4.048863636363636,3.8197234644724376,0.37778753,0
a54d14b1a809653,57,3,0,110,1,5,2,26.61,12.53,6.31,True,0,Standard Complexity,0.477598157450162,11.847115384615382,5.874634304997684,0.3777696,0
db1ce96f68e5851e,54,0,1,256,2,13,9,31.0,27.29,6.29,True,1,Critical Complexity,2.1199999999999277,18.360416666666666,5.482449634338245,0.3777425,0
c14921290a4bc577,57,12,0,227,1,9,7,22.18,4.67,6.5,True,0,Standard Complexity,0.1272792206134628,7.84404761904762,5.583448353978207,0.37748665,0
60dcf3c82387b12a,56,4,0,285,2,9,0,21.05,18.35,9.27,True,3,Critical Complexity,0.04472135955056523,10.483809523809523,6.231685147152625,0.3774579,0
a8d5660f264dbb68,76,24,1,199,0,9,3,17.51,13.51,9.9,True,3,Critical Complexity,0.009999999999763531,6.593898305084746,4.666922194478837,0.3771797,0
d5c254a4ff579311,61,0,0,141,1,2,5,22.7,11.18,6.31,True,0,Standard Complexity,8.392687293114294,12.191666666666668,7.321497835522152,0.377146,0
124defc47f00f7ef,39,0,0,158,5,4,4,31.31,20.07,6.29,True,1,Critical Complexity,4.190429572251573,17.308235294117647,7.391076682924618,0.37705535,0
4da4f3446ef86d2c,64,0,0,106,5,6,2,27.34,20.86,7.39,True,1,Critical Complexity,3.4998571399419047,11.2328,5.4617385656949935,0.37691805,0
c3aee68e0491b1b4,53,9,0,165,5,8,0,20.45,10.86,6.41,True,3,Critical Complexity,0.700927956355007,10.538666666666666,5.372388916177482,0.3769135,0
b02d9a20c509ab33,111,156,2,163,1,5,4,17.53,13.44,7.84,True,3,Critical Complexity,0.1044030650890541,2.4688439306358383,2.422663189425963,0.37657577,0
92ef931ebfd5d6ca,67,3,2,246,4,9,5,17.85,3.12,6.53,True,2,Standard Complexity,0.13341664064136993,9.503235294117648,4.795200861025307,0.37653264,0
358fecde21f55508,38,2,0,111,3,4,2,29.39,10.49,6.3,True,0,Standard Complexity,0.15524174696223936,18.5025,6.644834825720735,0.3760518,0
c5dbb869ab4e34f1,72,2,2,165,8,8,0,16.22,9.33,6.3,True,2,Standard Complexity,1.3292479076530659,8.447083333333333,4.852525527295612,0.3759526,0
e77355ae0e2b3ce3,58,5,0,167,2,11,1,25.63,14.02,7.21,True,3,Critical Complexity,0.0223606797753843,9.667924528301885,6.165767747720662,0.37576258,0
dc00366a73c7f45f,60,0,1,207,4,8,4,25.23,5.78,6.34,True,0,Standard Complexity,0.51623637996594,12.082340425531916,5.692696781848468,0.37568542,0
797dfeaf9b7881a6,51,3,0,203,4,9,8,23.93,13.59,6.89,True,3,Critical Complexity,2.6617663308408708,13.459666666666665,7.574020721445703,0.37564158,0
7a360323c0cb05b6,52,2,0,435,6,9,19,34.79,12.55,5.95,True,1,Critical Complexity,7.439092686611896,8.891,11.083929312297151,0.37552896,0
ee913990dbba7286,35,2,1,227,2,3,10,23.94,5.53,6.29,True,0,Standard Complexity,3.858924720696325,15.886315789473686,8.120991779285605,0.37547994,0
a3f25c1382715848,47,10,8,45,6,5,2,26.34,13.21,6.46,True,0,Standard Complexity,0.8207313811472239,7.469117647058823,5.468273933307345,0.3754669,0
ae1347e93d01886b,33,10,0,47,1,1,1,16.69,15.7,6.93,True,3,Critical Complexity,0.09055385138152407,7.953214285714286,5.751393653201078,0.37534565,0
5a020c7af725ef0,93,12,0,215,0,7,7,19.82,11.84,6.74,True,3,Critical Complexity,0.2941088233969729,6.660188679245283,4.389673770732484,0.37506896,0
b62ff06f4004f186,152,16,0,138,5,10,2,18.44,18.34,9.18,True,3,Critical Complexity,0.0905538513812667,3.5715555555555554,3.42754071573551,0.3746939,0
eb76a5432fb4196f,50,9,2,307,6,5,1,24.18,3.67,7.28,True,0,Standard Complexity,0.22090722034399718,10.89611111111111,7.056762429588679,0.37455684,0
45cc4aaa559a98f8,44,1,0,43,2,2,0,34.27,15.28,6.29,True,1,Critical Complexity,0.936055553907225,8.366285714285716,8.685220972833033,0.37445688,0
8b930dba1fd91b10,80,36,1,212,11,11,10,13.77,5.68,6.58,True,2,Standard Complexity,0.567274184147118,3.6703333333333337,3.6298374466205634,0.3742488,0
b87fe464bdcb5237,51,0,0,239,3,5,9,23.49,11.35,6.94,True,0,Standard Complexity,0.21189620100420353,13.486136363636366,5.6728112382699045,0.3741446,0
eab418bd9ab8400e,101,17,0,248,1,11,9,15.87,11.98,6.79,True,2,Standard Complexity,0.6881860213633525,4.9415625,4.419629586695445,0.3740708,0
ea6fcd70bd8b09eb,67,1,0,131,2,4,4,22.76,4.71,6.32,True,0,Standard Complexity,2.250000000000887,15.587586206896553,4.910363182840547,0.3738119,0
93e0dc22d28a9081,52,3,0,314,2,11,0,22.93,9.79,6.34,True,0,Standard Complexity,0.49819674828279176,9.592439024390245,6.589277979798884,0.37365025,0
a130d72b40cf1f99,60,1,0,225,4,11,2,26.17,10.81,6.48,True,0,Standard Complexity,0.48414873747624965,12.985652173913042,6.0843708017288085,0.37328008,0
ba45fd7ed13526c,96,18,1,73,12,12,0,14.97,14.33,7.89,True,3,Critical Complexity,0.0905538513815178,4.773870967741936,3.580841203584175,0.37325177,0
d025c9623b555129,59,3,1,145,7,6,1,25.88,6.69,6.3,True,0,Standard Complexity,0.9138927727036738,9.127894736842105,7.268265976469844,0.3731766,0
9ef8d987cb883e2e,43,2,0,45,1,0,1,30.0,24.5,9.4,True,1,Critical Complexity,0.452216762183799,13.463448275862069,6.368806674269612,0.37301967,0
95ec81e66a638af6,41,14,0,50,5,0,6,17.19,15.59,8.44,True,3,Critical Complexity,0.11401754250949103,6.859523809523809,5.8121698891947124,0.37301016,0
654aeed8ee4ae900,37,2,0,149,1,3,8,35.67,14.12,6.38,True,1,Critical Complexity,3.135761470520498,13.71,8.559407456126854,0.3729459,0
5e38c936051cc8e9,77,0,0,418,2,0,9,29.1,9.78,12.57,True,0,Standard Complexity,7.8415942256661975,16.122692307692308,8.264835871464632,0.37286493,0
5972c05f8d6269fa,95,13,1,72,4,5,3,17.99,17.2,8.04,True,3,Critical Complexity,0.5663920903402947,5.631785714285714,4.3105518817792,0.3727132,0
d1b21f0aa7de9154,53,7,2,126,0,5,3,26.16,12.05,6.35,True,0,Standard Complexity,0.5603570290448371,10.126346153846153,5.747743714124216,0.37257066,0
f2d5d876af366d56,65,1,0,302,1,8,1,25.95,10.93,9.41,True,0,Standard Complexity,3.855035667798044,18.39848484848485,6.252452183773698,0.37250188,0
619ce2fefcc9755b,56,2,0,485,0,8,11,25.09,4.88,6.29,True,0,Standard Complexity,0.9404786015642327,9.897777777777778,5.551052508364273,0.3724876,0
b484b301db852002,114,11,1,221,2,9,7,16.81,10.39,7.46,True,2,Standard Complexity,0.33615472627979953,6.968297872340425,4.071302431131855,0.3724267,0
a49b90841b88b56e,57,0,0,91,0,4,0,22.71,5.15,6.32,True,0,Standard Complexity,1.6119863522996707,16.103617021276595,6.317785912172927,0.3724168,0
26fd4ecddfa3cc1,55,8,1,103,1,4,1,16.71,6.53,8.03,True,2,Standard Complexity,0.05385164807129606,8.850666666666665,5.329846526871107,0.37228933,0
e171013bc120f32d,101,30,0,71,7,11,2,18.35,17.26,6.97,True,3,Critical Complexity,0.17464249196558398,4.0636,3.6808084764084104,0.372115,0
27baebe81670cf45,61,5,0,120,2,3,4,18.82,16.75,6.43,True,3,Critical Complexity,0.1208304597361369,8.440000000000001,6.3675965414185685,0.37189257,0
e9fe90c0b9d426d1,55,3,1,91,2,4,0,21.07,5.71,6.3,True,0,Standard Complexity,0.1208304597361369,10.798823529411765,5.4134368580336245,0.37170622,0
9c8831dccc3275cc,72,4,0,301,3,6,2,16.37,4.31,6.32,True,2,Standard Complexity,3.3301651610692784,9.322380952380952,5.720858164697809,0.37155995,0
2429f7ba8d1b050a,60,2,0,200,4,3,10,21.16,20.63,6.99,True,3,Critical Complexity,0.03162277660151123,7.68125,7.307308734239987,0.37148282,0
66fabac9f8dee789,57,2,0,100,6,6,1,16.93,7.18,6.3,True,2,Standard Complexity,0.573149195236328,9.417666666666664,5.211638695159987,0.37139383,0
97897454b4ac61e,52,1,0,474,9,6,7,22.51,2.57,6.29,True,0,Standard Complexity,9.312147979923877,14.270624999999999,8.07669755279811,0.37113032,0
893aa05eaeb645dc,19,6,0,40,2,2,2,23.36,10.86,6.34,True,0,Standard Complexity,2.039730374338746,11.682941176470589,8.347758955838092,0.37108645,0
b638554a31ea41b2,65,0,2,210,5,11,0,23.53,5.45,6.29,True,0,Standard Complexity,3.703903346471012,11.912592592592592,5.393054925235956,0.37092653,0
8333788c18273c72,55,0,0,183,1,11,3,26.86,5.91,6.32,True,0,Standard Complexity,0.07071067811867887,13.576764705882352,5.1940552674290315,0.37050703,0
d0309a6814e434c5,47,6,1,137,7,2,0,22.85,12.22,6.33,True,3,Critical Complexity,2.87271648444449,10.584827586206893,6.936059012540616,0.3704399,0
be190392531a6f81,64,0,0,282,3,15,3,22.79,8.36,6.29,True,0,Standard Complexity,5.764833041814546,10.572222222222223,6.525544298758665,0.37042958,0
ab49142e9c5b6767,68,0,0,78,8,0,8,17.72,13.47,6.29,True,3,Critical Complexity,16.516204164395827,10.833333333333334,4.729008587666364,0.3703125,0
66bba6edf0a3a9cf,79,4,0,288,1,7,17,20.57,9.83,18.84,True,0,Standard Complexity,3.285909310981912,10.546774193548385,5.895425994674929,0.37023082,0
6f1d060c8ec3efc7,96,6,0,117,0,5,6,15.03,3.95,9.43,True,2,Standard Complexity,0.2507987240796876,6.898518518518519,4.657258535283592,0.37022772,0
53dc952ec7d97086,18,2,1,148,7,0,11,22.25,2.25,6.33,True,0,Standard Complexity,1.4983324063774126,13.421666666666667,9.312250742376351,0.37012932,0
ef1ce47fb52feb51,52,13,4,77,0,4,0,18.0,7.85,6.66,True,2,Standard Complexity,0.3820994634907346,7.403207547169812,5.131412977494934,0.37003273,0
9236070754d6f77,37,3,0,211,8,3,10,26.04,14.49,6.89,True,3,Critical Complexity,2.66810794384324,10.902941176470588,7.693761999335705,0.369884,0
4f97d1c826345c1b,84,21,1,172,0,7,5,13.64,8.78,7.19,True,2,Standard Complexity,0.041231056256139105,6.3813461538461524,4.5314609755006385,0.3698362,0
693d6d99686b39ef,60,2,0,453,0,7,10,27.07,10.78,7.29,True,0,Standard Complexity,0.11401754250984998,14.284081632653061,5.729661071419156,0.36977413,0
b887cda7b28b0e0c,60,2,0,257,2,11,0,22.56,10.89,6.34,True,0,Standard Complexity,0.08544003745317744,10.215306122448979,5.635416469422652,0.36974737,0
9f454547f4ff5254,113,68,4,93,4,6,3,11.71,10.31,7.36,True,2,Standard Complexity,0.04123105625616668,2.4956666666666667,2.815858680955263,0.36972454,0
10a2e7d69c7e8129,33,12,0,76,0,4,0,22.71,13.21,6.35,True,3,Critical Complexity,0.420475920832796,11.582682926829268,6.946730069288871,0.36970964,0
3cb9e60f09b8b65c,40,1,0,40,2,0,3,24.28,7.82,6.3,True,0,Standard Complexity,1.3086252328295147,15.535000000000002,6.449280055579391,0.36943674,0
9875921e11c43eb7,54,7,0,210,4,6,4,22.58,8.59,6.29,True,0,Standard Complexity,0.15231546211760238,8.497692307692308,6.587464965717557,0.369169,0
b3e4c8b414a2a508,37,6,0,377,0,11,9,32.59,11.21,6.44,True,0,Standard Complexity,0.13928388277200834,13.132068965517243,8.40475742918971,0.3689748,0
3761c989c66bc85b,48,7,0,403,0,7,18,25.45,8.43,6.76,True,0,Standard Complexity,0.5100980297944965,10.767419354838712,7.054860126521764,0.3687984,0
e10cd946103a8e8f,51,6,0,326,2,8,0,21.83,10.63,6.77,True,0,Standard Complexity,0.47169905660290734,10.945581395348835,6.080656827405829,0.36874074,0
aeac3201475ae5ee,105,5,0,189,1,2,25,15.78,11.55,6.44,True,2,Standard Complexity,0.17029386365972332,4.684,5.081799287653931,0.36863953,0
38daa3cb63abf0c8,51,38,4,89,1,4,1,18.2,10.02,9.93,True,2,Standard Complexity,0.1878829422805942,5.89078125,4.755995658339948,0.36858064,0
da1d177fc6fa1c54,158,16,0,83,8,12,0,15.6,7.84,6.31,True,2,Standard Complexity,2.235799633240777,3.6154838709677413,3.4548785877641874,0.36818573,0
f6ffca916d8b3900,26,1,0,117,5,0,10,34.94,10.75,6.29,True,0,Standard Complexity,8.437944062388741,18.402500000000003,8.759418859148134,0.36803332,0
583f001c089433a2,48,0,0,117,7,2,0,24.68,9.32,6.31,True,0,Standard Complexity,2.210000000000728,15.5875,6.138734431189109,0.3679315,0
bef38eae37d2d0f8,51,6,0,317,2,11,3,23.79,9.79,6.32,True,0,Standard Complexity,0.03605551275440215,12.157,6.233420650012319,0.36769697,0
d46064809cf1c580,52,0,0,278,0,5,11,33.5,15.3,6.27,True,1,Critical Complexity,0.07211102550951375,14.960000000000003,5.434893575942235,0.36764282,0
24a3375b73965b29,53,31,1,82,1,6,0,25.0,11.55,11.79,True,0,Standard Complexity,0.0,6.225,6.093920272346389,0.36760685,0
783e3f636e345ef7,61,7,0,188,3,5,0,18.65,8.96,8.02,True,2,Standard Complexity,3.169384798348106,9.2376,6.667932381180841,0.36757606,0
b4ae6d7148f09ac5,29,3,1,72,5,1,0,29.28,18.6,6.87,True,1,Critical Complexity,0.23345235059887892,15.555416666666668,7.268313066068968,0.36738193,0
10a6119f881e63c2,56,0,0,219,5,10,13,20.73,2.78,6.29,True,0,Standard Complexity,0.8876936408475129,10.595652173913043,5.562353916860048,0.36710072,0
7dc68b611b7c9837,45,2,0,94,8,0,0,29.11,12.88,6.34,True,0,Standard Complexity,1.004987562111994,13.006666666666664,8.663438629602501,0.3670307,0
adbc4b52208cb847,79,23,0,265,2,10,6,21.72,9.46,6.79,True,0,Standard Complexity,0.230217288665047,6.018732394366197,4.51957056715412,0.36666355,0
1f7f773852c6155,56,2,0,305,2,9,14,22.03,3.54,6.46,True,0,Standard Complexity,0.5456189146282617,12.581111111111111,6.409489685200481,0.36643484,0
d03d768803e50fda,54,9,3,189,2,11,3,31.39,23.56,9.12,True,1,Critical Complexity,0.14035668847743132,10.498793103448275,6.262384991740769,0.3663996,0
e181bb82a06ce57,47,15,0,351,4,9,5,22.71,4.92,6.58,True,0,Standard Complexity,0.509901951359323,9.205227272727273,7.627576014530306,0.36634615,0
1304ee5a657fbd52,25,0,0,350,4,3,14,26.11,4.94,12.56,True,0,Standard Complexity,4.038539339909968,18.676,6.322506148672376,0.36604437,0
3a4f5acea5af91ff,66,0,1,392,0,8,18,21.32,4.99,6.34,True,0,Standard Complexity,0.1699999999999457,12.552807017543858,4.72235919124952,0.3659046,0
3afee1ada295f22a,48,7,0,69,4,5,1,18.73,17.49,6.39,True,3,Critical Complexity,0.4176122603560422,7.650526315789475,5.531594872028758,0.3657368,0
967118e50a17157e,62,3,1,486,0,7,9,18.75,4.78,6.31,True,2,Standard Complexity,0.7710382610480294,12.019795918367345,5.649591457071924,0.36568156,0
fa06507c314c942d,49,5,0,151,1,3,4,24.9,8.2,6.35,True,0,Standard Complexity,1.6858232410312386,13.26142857142857,7.6892753300971615,0.3652727,0
f26b4fe4a0b13358,54,0,1,128,0,3,5,25.99,5.79,6.38,True,0,Standard Complexity,0.10295630140998617,11.506470588235295,5.519346659094045,0.36526084,0
ca3c6631892f92a6,64,0,0,138,4,4,7,28.35,6.78,12.55,True,0,Standard Complexity,6.734656635642092,16.069,7.77192698112894,0.36525863,0
ef08906687894f3,86,11,2,93,0,6,1,17.79,2.66,6.74,True,2,Standard Complexity,0.18601075237743972,6.480192307692308,4.53334419368333,0.36512715,0
b1b90bba30cc3d3c,29,30,31,294,0,11,5,32.08,11.85,8.98,True,0,Standard Complexity,0.05099019513583688,7.136712328767124,6.523171355535864,0.36505878,0
7a22c98103b6f1be,50,3,1,195,3,6,4,24.45,3.6,6.31,True,0,Standard Complexity,0.2262741699796502,15.145652173913042,8.423410352462565,0.36504397,0
e5d04f5275c44a70,48,1,0,290,6,9,6,23.75,14.48,7.46,True,3,Critical Complexity,4.262405424170223,15.030625,8.570214020628365,0.36478034,0
5079d26d7695b6d3,52,0,0,130,3,5,3,28.74,11.6,6.35,True,0,Standard Complexity,0.7580237463299735,18.02979591836735,5.929030443433986,0.3643276,0
d97336f30ca67817,53,4,1,160,5,6,9,20.83,5.0,7.82,True,0,Standard Complexity,0.19104973174502998,8.186875,6.824965859575782,0.3643131,0
c15f83e508862713,45,38,14,50,1,6,0,19.33,4.66,7.1,True,2,Standard Complexity,0.04123105625614169,6.787402597402598,4.581845145987741,0.3640547,0
d3cb4a76dcfa7ba8,60,1,0,190,0,5,6,20.58,5.03,6.72,True,0,Standard Complexity,0.13038404810494583,12.460666666666665,5.4307267367166325,0.3638582,0
2b2995dcc17f43e2,79,8,1,48,7,8,0,14.88,6.03,7.48,True,2,Standard Complexity,0.9243916918714493,5.631904761904762,4.790327177460865,0.36371666,0
e83d3aa86ed0c56,22,0,0,227,2,8,10,30.13,12.02,6.29,True,0,Standard Complexity,5.834595101633972,21.939999999999998,5.207124490018023,0.3636795,0
1d3c85507727ed8,77,6,0,272,17,28,9,15.16,9.37,6.3,True,2,Standard Complexity,3.575765652276724,8.13125,4.910307876039954,0.36365288,0
69f27ebbddb99b2c,48,0,0,108,5,5,4,26.13,8.22,6.29,True,0,Standard Complexity,1.2141251994749804,9.463953488372093,7.869594753177067,0.36362854,0
1e5572d90f0f5892,57,9,1,148,6,4,11,22.99,4.45,6.55,True,0,Standard Complexity,0.014142135624039643,8.0796875,6.964895675984224,0.3633607,0
316f55a2f6746ea9,25,9,1,165,9,16,1,27.93,24.38,7.87,True,1,Critical Complexity,0.014142135623878865,7.61,7.4693908720858895,0.36314148,0
58d2e7c7d3da2305,72,81,0,169,11,17,5,11.98,10.04,6.93,True,2,Standard Complexity,0.03162277660165503,2.9985714285714287,2.8829258097442945,0.36272842,0
e9f777641f8f4bdb,27,0,0,80,2,4,5,33.49,19.24,6.3,True,1,Critical Complexity,0.8336066218547626,19.37888888888889,5.094631403330615,0.36266193,0
3f66c1f79bb4e929,53,4,0,188,0,7,7,22.98,3.17,6.95,True,0,Standard Complexity,1.0198039027186996,9.336666666666668,8.877103631753371,0.36261237,0
921f0850709b28a2,31,2,1,333,2,8,13,26.86,3.76,6.29,True,0,Standard Complexity,0.6918092222571538,16.387647058823532,7.9313684965694105,0.36244863,0
fab264586e45e975,43,8,0,314,0,16,8,31.08,12.02,6.3,True,0,Standard Complexity,0.05830951894894589,12.770476190476192,8.958278680421802,0.36234653,0
6b65c972cc874812,20,0,0,203,7,1,9,33.3,21.7,6.31,True,1,Critical Complexity,2.9964145240602975,23.084375,4.045718367530666,0.36218387,0
f8f5b85d25adc8ee,28,12,0,522,0,14,23,34.09,13.45,6.4,True,1,Critical Complexity,0.03162277660151123,9.440689655172415,8.035025022399287,0.36213547,0
1dc2de8041998ff5,55,5,0,172,4,5,5,33.63,18.37,6.7,True,1,Critical Complexity,3.6672196552700442,12.415600000000001,8.268664743475817,0.36210474,0
e68b6d92f45ca206,50,1,0,307,0,11,19,23.06,4.19,6.28,True,0,Standard Complexity,0.19849433241327594,14.727741935483872,5.8976532838056315,0.36195272,0
246cab311cba4ad5,34,1,0,382,1,20,10,24.51,5.51,6.3,True,0,Standard Complexity,2.827189417070928,15.986818181818183,6.329843733791133,0.3617071,0
40d59c0403e64b0f,30,5,1,33,1,4,0,26.31,25.72,6.31,True,1,Critical Complexity,0.4016217125603875,10.32913043478261,6.988152653221443,0.36168152,0
e5de7dd35a94dbc5,63,1,0,197,2,7,1,19.95,3.92,6.31,True,2,Standard Complexity,0.6262587324733395,9.076944444444443,5.28273856770249,0.3616434,0
339be540c790d1db,44,7,0,76,5,2,0,28.93,27.32,6.32,True,1,Critical Complexity,0.04123105625597367,11.516829268292684,7.0740964911409465,0.3614731,0
65011bbfc1343586,16,3,0,129,3,0,6,34.75,21.44,6.3,True,1,Critical Complexity,0.9774456506624242,17.624000000000002,10.06254295228928,0.36137643,0
df1290608120c182,52,12,3,90,4,6,2,18.71,18.27,6.44,True,3,Critical Complexity,0.06708203932498352,8.419743589743588,5.822006653441348,0.3608896,0
e40377190ec9560c,58,0,0,216,1,5,3,19.76,10.43,6.28,True,0,Standard Complexity,0.799312204335775,11.831176470588234,5.019279944866252,0.3606495,0
7e8e4ee220ba942d,61,1,0,209,1,5,6,23.64,7.4,6.31,True,0,Standard Complexity,0.1500000000007276,12.466153846153844,6.254751881932367,0.36062178,0
490d3081690c0f4e,127,1,0,121,0,10,7,16.76,4.8,6.31,True,2,Standard Complexity,1.356244815658385,7.8889130434782615,4.461933305028833,0.36047065,0
d09c72b9b956ddce,54,6,0,238,3,9,2,17.91,4.72,7.61,True,2,Standard Complexity,0.0583095189478638,9.381724137931036,5.576513599364761,0.36035883,0
c4d07f7a97ba89ae,42,15,0,65,0,5,0,28.26,10.48,8.54,True,0,Standard Complexity,0.014142135623396534,10.029393939393941,7.591831710700629,0.3603583,0
9859cd1b4315b7de,49,13,0,444,0,8,9,22.68,8.8,9.03,True,0,Standard Complexity,0.1000000000001819,9.441764705882353,6.787845164988103,0.36033717,0
2b3649f39f3475d,126,9,4,184,3,9,6,18.45,15.82,6.64,True,3,Critical Complexity,0.10049875621123062,6.49987012987013,4.169410401965351,0.35996696,0
8719427100cc6dd9,54,16,5,174,1,5,3,18.9,12.75,6.3,True,3,Critical Complexity,0.17000000000007276,6.6212,6.012375783332243,0.35973793,0
6e352f81f6e16a12,80,0,0,424,14,17,7,29.14,4.83,3.14,True,0,Standard Complexity,6.5086480931144415,15.252500000000001,7.525015531545433,0.35959476,0
9e980def8273f2a4,54,1,0,111,4,4,8,22.14,4.8,6.73,True,0,Standard Complexity,0.586941223633118,16.103684210526318,5.934468637168804,0.35958156,0
a279927723b820ad,25,31,0,192,5,5,13,31.12,23.32,9.1,True,1,Critical Complexity,0.06403124237572615,6.778222222222223,5.973612080136324,0.35947648,0
c160c1173794b41d,26,3,0,581,3,19,16,22.7,15.66,7.08,True,3,Critical Complexity,2.111516043036502,11.056875,7.373884423041563,0.35946125,0
9661143c7aca9100,45,0,0,137,0,6,6,32.09,11.53,6.28,True,0,Standard Complexity,0.5481788029471143,19.136923076923075,6.569312555787044,0.35932496,0
a86bb2cf333ceb7e,118,10,1,67,0,3,0,17.56,5.09,6.31,True,2,Standard Complexity,0.23086792761259622,6.019538461538461,4.242374310098326,0.35917664,0
6562e89e55ab4750,123,0,0,127,1,5,5,27.64,25.51,18.81,True,1,Critical Complexity,0.2220360331116866,11.52235294117647,3.931999236149415,0.35912713,0
36396e25b6619015,58,1,0,152,9,6,3,23.19,1.18,6.29,True,0,Standard Complexity,6.612299146287973,12.417333333333335,6.398957692902458,0.359042,0
4f3d061d9958ba23,59,3,0,362,4,9,7,24.36,9.08,6.88,True,0,Standard Complexity,0.07000000000016371,12.775283018867928,6.094674013841483,0.3590088,0
f24d597da6e25c2f,20,0,0,270,6,6,14,23.4,1.95,6.29,True,0,Standard Complexity,4.518639175681131,17.9575,6.598260660962099,0.35890916,0
178ff9c12557b1c8,46,6,2,158,8,19,5,19.21,10.37,6.42,True,3,Critical Complexity,1.2976902558005379,9.705454545454545,5.699396082259886,0.35889137,0
d40a43dadeed4dbd,75,16,0,161,1,5,6,19.81,5.15,6.28,True,2,Standard Complexity,0.14212670403551367,7.701666666666665,4.474011971336031,0.35885555,0
3c1f72dd476f6c55,73,1,0,142,5,4,13,21.48,8.9,6.23,True,0,Standard Complexity,2.850631508981724,7.933333333333333,6.503435416933286,0.35862184,0
976dd9928ade1e5f,84,3,2,267,2,9,2,18.75,6.56,6.28,True,2,Standard Complexity,0.4215447781674507,9.493333333333332,4.60832857142611,0.3585371,0
50a33ff6eb8323cd,163,7,0,137,2,8,5,17.57,11.31,9.33,True,3,Critical Complexity,0.04472135955000596,7.29605633802817,3.564935050224476,0.35848042,0
ade3e8805d88a63a,70,3,1,213,1,5,2,21.95,20.82,7.84,True,3,Critical Complexity,0.3538361202592492,10.610000000000001,4.568780815440251,0.35842958,0
cfd76e4c0e51ba22,55,2,0,134,1,4,3,22.24,7.0,6.31,True,0,Standard Complexity,0.48301138702935137,10.9576,6.064531493858368,0.35831204,0
184518d5a279645c,37,10,1,98,3,4,5,25.86,15.54,6.34,True,3,Critical Complexity,0.9265527507918645,12.47725,8.032578660523656,0.3581738,0
29f544df46de5bc6,38,3,0,293,4,7,2,31.29,26.0,7.05,True,1,Critical Complexity,0.42520583250899924,13.238275862068969,8.481928484752265,0.3580343,0
f83038d5b54d4382,96,2,2,205,5,10,3,29.92,28.78,6.36,True,1,Critical Complexity,0.17464249196558398,13.53137931034483,4.219361550117082,0.35800022,0
492a2fc57f0527c7,42,6,0,112,0,3,4,22.13,4.5,8.92,True,0,Standard Complexity,0.28999999999927367,10.617714285714285,7.347332299438167,0.35779434,0
879e0a87bb3fc7f7,54,0,0,37,1,1,0,17.62,1.59,6.28,True,2,Standard Complexity,2.790161285660707,8.110555555555557,5.347683270167063,0.35778424,0
30bf945511f34260,59,0,5,131,5,6,1,16.67,5.27,9.46,True,2,Standard Complexity,0.7156814934032126,9.771176470588236,5.172623503603814,0.3576305,0
eb5fd6e7caebced1,57,6,2,93,1,5,3,19.93,12.66,6.32,True,3,Critical Complexity,0.0,9.084,6.045171012587533,0.35753885,0
d39f43d6eb7bf833,47,0,0,181,0,3,6,30.19,16.9,6.28,True,1,Critical Complexity,0.3956008088979371,14.608518518518519,6.007902637485807,0.35739744,0
c3a51d2ee763a223,84,2,0,301,1,7,6,23.97,6.52,6.34,True,0,Standard Complexity,0.2785677655438943,9.56671875,4.784518018661696,0.35734195,0
ef72ea065de5b91b,56,0,6,94,10,5,1,18.19,16.83,6.33,True,3,Critical Complexity,0.6306346010171364,7.662499999999999,4.967306656193743,0.35731915,0
b467fab43fdcd942,45,1,3,137,16,0,0,16.37,14.5,6.33,True,3,Critical Complexity,5.792495144581238,8.408181818181818,4.7165218659937,0.35726324,0
a1ab381e55a82db3,58,3,0,227,8,5,11,26.05,9.91,6.31,True,0,Standard Complexity,1.2288612614941528,11.310263157894738,6.480658871166738,0.35710058,0
c7d2ba72cb732d4b,58,0,0,127,3,7,7,22.29,15.61,6.3,True,3,Critical Complexity,0.07071067811839751,11.417954545454545,5.525348438023637,0.35704187,0
fa2533aa2312382f,79,3,0,112,14,8,1,15.55,11.95,6.6,True,2,Standard Complexity,0.42755116652869685,6.7807692307692315,4.763281773571439,0.3570355,0
4bbaf36abc9c1c76,57,3,2,264,3,11,9,21.87,11.41,6.35,True,3,Critical Complexity,1.7407182425654215,9.85,5.789587204628669,0.35692364,0
de7334afb3e8c266,53,10,0,119,2,7,0,16.88,4.96,6.38,True,2,Standard Complexity,0.3399999999999984,8.712666666666667,5.244253320434558,0.35691726,0
a381b5c258fe51fe,27,1,0,75,2,1,3,25.33,2.58,6.31,True,0,Standard Complexity,1.3109538512090635,14.392608695652173,7.928853317714828,0.35675573,0
1cfdc37f8014b4c8,80,0,0,282,2,6,17,27.53,10.38,6.3,True,0,Standard Complexity,3.7403342096660745,15.71875,5.0872793256808695,0.35670868,0
3c97866f2d89b9fc,53,4,0,375,2,4,12,27.79,24.87,6.3,True,1,Critical Complexity,2.6109385285756357,11.0190625,8.306528817508175,0.35654676,0
381b2d8ec893826c,62,10,2,353,1,10,10,17.2,5.93,6.35,True,2,Standard Complexity,0.05830951894855595,8.084137931034482,5.124283645303678,0.35653028,0
47e3d21a492c5148,61,5,0,119,4,7,1,19.99,12.26,6.32,True,3,Critical Complexity,0.036055512754607104,10.612244897959183,5.04816000640125,0.35640344,0
6d7629b60719965e,140,18,0,185,1,16,5,13.05,12.53,6.56,True,2,Standard Complexity,0.029999999999972715,3.489677419354839,3.336284860460101,0.35629258,0
3ba20a80cd0f332,92,14,3,90,2,8,0,14.58,12.2,6.37,True,2,Standard Complexity,0.12083045973489495,5.20962962962963,4.359950289796027,0.35596457,0
503b23aaabae1591,37,2,0,216,3,4,3,28.84,17.0,6.29,True,1,Critical Complexity,6.2858094148645725,18.130526315789467,7.588934793628092,0.35595676,0
c9b2cece16ddf70c,38,0,0,213,8,5,9,23.52,5.39,6.31,True,0,Standard Complexity,3.7187228990605945,17.513076923076923,5.921228282940814,0.35589585,0
569782fa478035a7,60,8,0,252,0,8,6,19.88,10.21,6.59,True,0,Standard Complexity,0.02828427124711462,11.44176470588235,6.233276828688748,0.35573578,0
9cd14ce84ac27d49,21,3,0,52,3,6,0,19.64,11.63,6.62,True,3,Critical Complexity,1.467514906227553,10.069230769230767,8.073802327507693,0.35551348,0
78aa6961310fd2d2,60,5,0,72,2,6,0,25.95,19.81,11.36,True,1,Critical Complexity,1.0978615577571886,6.956206896551723,5.219662701345223,0.35541126,0
5f8a3f658f214c30,39,1,1,53,4,0,3,19.46,13.86,6.3,True,3,Critical Complexity,0.22203603311186068,9.778749999999999,6.054069783005478,0.35538617,0
6c803c457cac865c,36,1,0,296,0,12,14,22.06,1.23,3.14,True,0,Standard Complexity,0.08062257748310958,10.392,8.605207493140417,0.35474938,0
6140535aca71c0e5,66,2,0,129,3,7,1,29.74,20.03,6.31,True,1,Critical Complexity,0.3354101966247905,10.65448275862069,4.703025868381785,0.35464785,0
f5d872c6ffb04b1b,56,4,1,142,6,6,3,18.11,14.04,6.3,True,3,Critical Complexity,1.4883883901724708,12.40777777777778,5.476093047212437,0.35443264,0
7ec7a9885b2bc3b5,78,2,0,415,4,27,17,31.02,10.33,6.39,True,0,Standard Complexity,2.2474207438749367,12.119642857142855,8.112207944178442,0.3544186,0
a9e885ae424ee5c,43,1,0,401,2,9,10,27.23,15.93,6.72,True,1,Critical Complexity,1.2924782396620258,14.828620689655171,6.615529652284963,0.35436842,0
2526b18d8f048f4,60,3,0,128,0,5,0,25.5,11.51,6.31,True,0,Standard Complexity,0.35693136595090275,11.821800000000003,5.183604803609164,0.35433838,0
ac47e81ea70c6a76,60,2,0,197,6,6,7,23.97,10.27,6.42,True,0,Standard Complexity,1.052615789355652,14.59457142857143,6.526666768116848,0.35426083,0
723c483631f44adb,55,13,6,162,2,5,4,27.34,16.84,7.34,True,1,Critical Complexity,0.036055512754607104,8.44328125,5.649482292290014,0.35421872,0
34f0623925e3ba9b,58,3,1,331,2,8,8,19.78,10.28,6.31,True,0,Standard Complexity,0.8100617260430879,11.423437499999999,6.063598152796222,0.35404736,0
610ea2ca89531e01,57,4,0,125,0,7,0,26.72,26.39,6.3,True,1,Critical Complexity,0.1972308292331768,9.389534883720929,5.187899137231319,0.35402244,0
9d60bb5146dec794,60,0,0,58,0,4,0,22.25,12.53,6.32,True,3,Critical Complexity,0.19723082923318544,12.740222222222224,5.09853769401423,0.3539711,0
208bca4d528f7373,61,0,0,99,7,6,1,17.91,15.35,6.35,True,3,Critical Complexity,0.4237924020082783,7.434864864864864,5.239432412844499,0.35390618,0
58e9693b65dc5c6f,52,41,3,89,7,12,0,17.77,17.74,10.36,True,3,Critical Complexity,0.00999999999839929,3.7683333333333335,4.256852319104653,0.35385892,0
fb716b3b567d7758,56,0,2,146,1,5,4,20.14,2.84,6.32,True,2,Standard Complexity,0.4866210024238636,8.963870967741935,5.572797222811582,0.35372642,0
1ab754d1d1bd516a,33,8,0,100,1,4,5,23.22,9.55,6.31,True,0,Standard Complexity,0.14866068747386046,13.126896551724137,7.3199750816648965,0.35333902,0
76ff79888791fa95,84,9,1,354,0,8,8,17.55,11.05,7.47,True,2,Standard Complexity,0.7184705978674282,9.715714285714288,4.351041004533197,0.35329804,0
2a9cfcc1697326c0,122,2,0,409,5,9,3,16.14,5.76,6.3,True,2,Standard Complexity,0.6152235366110421,9.852368421052631,3.9626688469492017,0.3532735,0
7f49b669f7dd5fbf,43,0,0,49,3,0,3,26.01,5.44,6.28,True,0,Standard Complexity,4.83264937689455,13.463571428571429,7.4325092928132355,0.3532364,0
52815b591c430634,35,8,0,168,1,8,9,36.01,10.37,6.33,True,1,Critical Complexity,0.5326349594232668,11.649729729729728,8.99252496979349,0.35322055,0
707f27ea3927b4f5,24,4,7,46,0,2,0,17.94,12.88,6.33,True,3,Critical Complexity,0.01999999999998181,9.036999999999999,5.54496447238393,0.35316592,0
471ec230f264aed8,254,31,0,249,0,6,5,11.88,9.37,6.69,True,2,Standard Complexity,0.08062257748350442,3.3629411764705877,2.930175189915889,0.35312366,0
ee8d96815d1eacc3,45,0,0,445,7,14,7,31.14,20.41,6.31,True,1,Critical Complexity,3.5100142449846485,15.178125000000001,7.633502406128853,0.3530124,0
c4b0eb8728af562c,60,59,54,131,5,7,2,16.46,10.04,11.1,True,2,Standard Complexity,0.02236067977497756,3.9838333333333336,3.9154555255068626,0.35294113,0
f5ac4f767964187,83,1,0,572,17,11,19,26.27,6.9,6.29,True,0,Standard Complexity,8.520856764433944,14.35625,8.927964406151046,0.3529265,0
1e72f02b6ead2fde,46,0,0,48,1,1,0,25.86,18.19,6.3,True,3,Critical Complexity,4.639073183298457,16.905185185185182,7.548533029114489,0.35254648,0
cef4e8e09096fcb9,50,9,0,165,4,5,10,25.83,12.51,6.33,True,0,Standard Complexity,0.041231056256194255,12.900540540540542,8.113580522617935,0.35223615,0
1f57504e5f1eafa3,55,0,0,205,1,8,2,24.71,15.21,6.33,True,3,Critical Complexity,1.155205609404347,16.44666666666667,5.6491274786325425,0.35223335,0
7553ffbe01298c91,34,8,2,277,3,6,10,24.3,4.0,9.24,True,0,Standard Complexity,0.18681541692277973,10.341904761904763,8.94678533331685,0.3520919,0
8aa76d6e392ed28a,33,2,0,108,7,0,8,22.57,10.44,6.49,True,0,Standard Complexity,0.377359245282403,9.78875,7.082590340934593,0.35198188,0
e7a6b0a6f7f8f037,53,0,0,64,0,4,0,26.82,10.7,6.3,True,0,Standard Complexity,6.289809218092394,15.588235294117647,6.810150931465658,0.3519745,0
2e019a828feb0d3f,24,2,0,56,0,3,3,24.79,4.63,6.3,True,0,Standard Complexity,0.6236986451806033,10.144444444444444,7.905528460951461,0.35182145,0
b89dbb4f0609a771,78,9,0,328,2,16,3,20.2,8.1,6.75,True,0,Standard Complexity,0.11180339887580296,10.403088235294117,4.379815755375797,0.35174125,0
df7acd071a575e85,17,4,2,402,2,18,8,23.29,1.63,6.32,True,0,Standard Complexity,0.9883825170453223,10.182142857142853,8.643846844160654,0.35163048,0
1a34de69af524a47,20,0,0,129,0,4,5,25.13,2.19,6.27,True,0,Standard Complexity,0.2545584412269256,19.7225,5.589562482878244,0.35141668,0
be048dca69d1f0a7,56,1,0,122,0,4,0,26.57,10.35,6.41,True,0,Standard Complexity,0.16124515496700884,16.608367346938774,5.177118947807758,0.35124716,0
b2b2fe6187ce05cd,64,7,0,102,0,7,0,17.03,15.28,6.83,True,3,Critical Complexity,0.8203657720801417,7.693714285714285,4.695026600085478,0.35122645,0
f6bcab45a26849c6,32,6,7,90,2,2,0,22.45,4.63,7.31,True,0,Standard Complexity,0.028284271247436175,9.218461538461538,6.326574614361615,0.35119385,0
3959d1389a6ebcbe,121,16,1,204,1,8,7,18.77,8.4,7.36,True,2,Standard Complexity,0.01999999999998181,4.413947368421052,4.3186246223547675,0.35079217,0
6d19bfcf8c94def4,44,0,0,40,0,3,0,36.81,20.0,6.31,True,1,Critical Complexity,0.6419501538281619,14.576904761904762,5.364953950938592,0.35052994,0
e34f2674f3990508,81,5,0,117,2,8,3,22.4,9.11,6.48,True,0,Standard Complexity,0.2683281572999341,11.94846153846154,4.645193125328336,0.35031775,0
e3b2f4cedc400827,67,7,0,115,3,3,3,14.43,6.83,6.93,True,2,Standard Complexity,0.10816653826375824,8.399642857142856,4.732294431534739,0.35022923,0
d2c9b3340f5a0741,73,5,0,94,0,4,1,17.17,8.29,6.33,True,2,Standard Complexity,1.053850084214985,9.341794871794875,4.6097615889154575,0.35022104,0
66f08bc63a3246fc,44,16,1,217,1,8,5,20.95,18.68,8.82,True,3,Critical Complexity,0.3238826948141385,8.539183673469386,5.589363016073275,0.35009545,0
61466fe4df0a5fd2,40,0,0,73,0,4,0,35.12,10.52,6.28,True,0,Standard Complexity,0.08999999999991815,19.160000000000004,5.286147353806346,0.34994105,0
f3afbab5c7b6d7f2,59,2,0,293,0,10,4,21.24,11.27,6.3,True,3,Critical Complexity,1.0511898020817867,10.340454545454543,5.862396715331869,0.34977376,0
8ad0d04e9519ae30,48,10,0,378,5,20,9,16.65,16.35,9.21,True,3,Critical Complexity,1.308625232830261,8.172916666666666,6.1741568109652745,0.34970298,0
fd43fefac95ff7a4,31,2,0,272,8,15,3,21.45,3.03,6.3,True,0,Standard Complexity,0.5842088667608399,14.554210526315789,6.66749958324114,0.34952822,0
c93133ee3e1084a5,50,0,1,215,3,5,9,29.89,27.2,6.33,True,1,Critical Complexity,0.1910497317450311,14.080294117647057,5.8251945109125245,0.34942877,0
4665d84ef3273797,35,1,0,73,3,0,2,20.33,6.16,6.29,True,0,Standard Complexity,0.6881860213635244,11.373846153846156,6.831640796787501,0.3493823,0
269fb0687d241163,64,1,0,178,3,5,4,21.91,10.04,7.55,True,0,Standard Complexity,3.337813655672929,11.673076923076923,6.501373091202035,0.34929702,0
c861464cf619c2ac,59,9,3,234,4,14,6,17.85,10.11,6.58,True,2,Standard Complexity,0.1204159457876435,7.126326530612246,5.120227471779502,0.34918058,0
ab2798e1ebd55411,54,5,0,387,1,9,18,22.1,10.01,6.44,True,0,Standard Complexity,0.17691806012946396,11.006176470588237,6.244348039583185,0.34908903,0
dd84714aa7907bb2,49,6,0,365,13,7,8,20.43,8.58,6.3,True,0,Standard Complexity,0.12649110640662012,9.273000000000001,7.52712435130442,0.34906554,0
c7cd46001a3d04f1,58,10,9,149,1,5,1,22.18,10.94,6.3,True,0,Standard Complexity,0.05385164807129606,6.0160526315789475,5.666890700177323,0.34888154,0
5609a24edfd1dbf5,56,17,0,213,7,16,1,15.77,10.88,8.74,True,2,Standard Complexity,0.3827531841801545,5.3824000000000005,4.646158223737112,0.34860513,0
9aef3d2b00b4b852,45,7,0,237,2,10,5,25.64,6.79,6.82,True,0,Standard Complexity,0.5818075283118614,9.824000000000002,7.876515346268298,0.34844846,0
3422813cc5ab0ecb,61,8,0,170,2,8,2,15.62,10.72,9.4,True,2,Standard Complexity,0.20615528128075067,6.871764705882352,5.196390982090775,0.34830973,0
87dbbe3dae96e856,33,1,0,774,8,9,29,24.47,17.61,6.29,True,3,Critical Complexity,1.711286066092338,13.752105263157896,8.661762661835771,0.3482693,0
ce91ca02b5d24bc5,50,0,0,81,2,7,0,29.03,25.7,6.33,True,1,Critical Complexity,0.16278820596130994,13.317931034482758,5.806551222429028,0.34818035,0
e271d8e2158a973a,64,7,0,360,2,17,3,19.26,4.04,6.35,True,2,Standard Complexity,0.13038404810417853,8.351020408163265,4.621373700225348,0.34808752,0
ad24223d856ac847,48,6,0,209,5,11,4,25.7,14.86,7.31,True,3,Critical Complexity,0.6293647591019728,9.63452380952381,6.024036853417969,0.34787646,0
cfb90e55fff2ea13,43,16,0,230,3,11,7,15.61,11.97,7.31,True,2,Standard Complexity,0.1280624847487003,8.310714285714287,5.610770846309437,0.347871,0
52eba1b56db4e147,61,12,0,177,4,7,5,17.47,10.23,7.43,True,2,Standard Complexity,0.04242640687147582,6.175925925925926,5.534939699400032,0.3478202,0
fc5515abbc04bc63,49,4,0,148,3,4,8,22.04,2.23,6.48,True,0,Standard Complexity,0.25495097567930036,10.1204,7.281829704133433,0.34757704,0
f4e742a9cedb9e12,53,4,2,44,0,4,0,21.18,9.79,6.29,True,0,Standard Complexity,0.20880613017825522,8.1316,5.250891490023385,0.3473534,0
369caa562acbcc85,61,14,9,128,1,10,2,17.31,4.44,9.07,True,2,Standard Complexity,0.03162277660172694,6.088500000000001,5.281609390138578,0.3472128,0
f921e247d41c1a94,53,16,0,433,0,16,17,27.41,9.44,9.65,True,0,Standard Complexity,0.014142135623718088,9.114339622641511,6.538045264806329,0.34720072,0
a586daee6fa99603,68,0,0,72,7,1,0,16.12,6.79,6.38,True,2,Standard Complexity,0.05830951894878991,8.369500000000002,4.514378667103592,0.34716743,0
231f5b8876d96b39,66,4,0,126,2,11,0,23.35,5.97,6.74,True,0,Standard Complexity,0.5200961449578154,8.546923076923077,4.813546405103294,0.34714797,0
de7014a544a74d50,26,1,0,183,0,3,7,32.25,26.01,6.31,True,1,Critical Complexity,0.3931920650267625,15.352272727272727,6.540910370206457,0.34702232,0
23eb3a96bc381cb7,61,55,3,58,7,12,0,20.62,19.26,8.28,True,3,Critical Complexity,0.09433981132358933,3.661818181818182,3.763665166044087,0.34682035,0
674a0f619e03cec8,33,11,0,206,0,6,9,23.62,11.58,6.46,True,0,Standard Complexity,0.3405877273186722,10.060769230769232,7.946576874583712,0.34670275,0
f5e1a61ce0cbf6da,57,2,5,89,2,4,6,22.83,7.29,6.29,True,0,Standard Complexity,0.022360679774672505,14.007627118644068,5.799030117324574,0.34668213,0
aad1b8a43be0dcf2,58,1,0,248,0,8,6,34.05,21.62,6.3,True,1,Critical Complexity,1.7123375835387453,10.17325,6.4450688078173375,0.34660617,0
9daa531bfdba36c7,50,3,0,271,12,9,1,21.92,9.71,6.31,True,0,Standard Complexity,3.9021660651490393,9.301,7.738546956632104,0.34615928,0
d2d2c85c6428b311,48,9,1,275,2,14,1,26.76,10.77,7.11,True,0,Standard Complexity,0.05385164807151509,8.247333333333332,5.599567999210098,0.34552154,0
c3f626991880d00b,106,1,1,160,0,11,3,19.71,6.87,6.3,True,2,Standard Complexity,0.5000999900020039,11.62328125,3.6712974778541763,0.34549657,0
32861cdbc06a3ca0,58,3,0,200,1,7,14,22.41,7.54,6.31,True,0,Standard Complexity,0.0670820393249581,11.194117647058825,5.613333977156566,0.34536946,0
b13e2ed84a64060e,46,0,0,112,1,3,3,36.21,35.43,6.33,True,1,Critical Complexity,0.3397057550292729,11.01,6.917316820848963,0.3453343,0
43ff3f38abf0caa2,55,0,0,220,0,10,1,21.95,3.86,6.29,True,0,Standard Complexity,1.310610544747562,13.00945945945946,6.068509744461711,0.3453191,0
9a0b705dbb06fdff,85,0,0,288,0,11,5,22.44,7.96,12.58,True,0,Standard Complexity,0.080622577483166,15.274426229508197,4.38535473436269,0.3453007,0
96376337122dbc74,62,0,0,155,2,5,5,21.22,10.58,6.32,True,0,Standard Complexity,1.1501738998956872,11.417826086956522,5.109235845630537,0.34523198,0
f151f8660bc5d4c5,41,1,0,251,8,6,11,22.61,5.11,6.29,True,0,Standard Complexity,4.783774660244327,17.509,5.5605115771842435,0.34493,0
1022ce4c05fdc3a6,39,0,0,224,0,6,3,25.36,16.87,6.29,True,3,Critical Complexity,2.7577527082750892,16.052500000000002,8.010023798341676,0.3449268,0
e4514912004e965c,56,6,0,125,0,6,0,25.28,13.33,6.81,True,3,Critical Complexity,0.022360679774875877,10.1524,5.3403709833681035,0.3449028,0
cd8eeae3892ea940,62,2,0,72,4,3,6,20.08,19.49,6.29,True,3,Critical Complexity,21.59755773229951,9.538,5.398080770051519,0.34474728,0
7d0cee88fc4964d0,200,36,0,123,2,8,0,14.56,11.69,9.03,True,2,Standard Complexity,0.042426406870350375,3.2602898550724637,2.8862738483342567,0.34437186,0
537d3d8c9229b63f,65,1,0,316,10,29,7,32.7,22.65,7.57,True,1,Critical Complexity,0.9433981132056676,11.989500000000001,5.30812959054317,0.34430143,0
184ca8eb03520e19,48,2,1,170,2,6,3,26.5,9.07,6.29,True,0,Standard Complexity,1.0107917688626629,14.158780487804876,6.82100850676609,0.34420845,0
9b8de863eed1d969,25,0,0,14,1,0,1,14.13,3.81,6.28,True,2,Standard Complexity,5.220124519587482,7.648000000000001,5.795427162858662,0.34417576,0
7650f7ae2857d5c6,47,4,0,265,1,9,7,37.44,34.38,8.74,True,1,Critical Complexity,0.2247220505424302,14.346363636363636,8.752365850955998,0.34417325,0
b20214ff053ce0b8,88,1,0,129,0,6,1,25.15,14.71,6.27,True,3,Critical Complexity,0.26627053911408455,10.54953488372093,4.257984539874045,0.3441074,0
589e991699e9ce3f,31,8,1,187,8,2,11,30.37,3.24,6.34,True,0,Standard Complexity,0.6307138812489993,11.81375,7.750384567071495,0.34410173,0
378d490c4e4f3642,51,0,0,185,2,11,2,26.45,9.15,9.35,True,0,Standard Complexity,0.5239274758973769,10.396590909090909,5.48274729707231,0.3440307,0
5ebf8e6c8e7d2fb5,56,6,0,195,3,9,5,18.53,5.61,6.9,True,2,Standard Complexity,0.014142135622592646,9.501702127659573,5.735256516977021,0.34397322,0
eb8056755d1bbda4,70,10,0,266,17,16,14,15.03,5.09,6.89,True,2,Standard Complexity,0.14866068747334046,4.576410256410257,4.083522541202655,0.34389356,0
1935c4914aeea13,67,14,0,152,6,9,14,15.07,7.54,6.42,True,2,Standard Complexity,0.7696752561964132,6.1219230769230775,4.716665232678673,0.34387287,0
8793550e68f1038,69,3,0,159,1,2,15,17.88,17.09,9.31,True,3,Critical Complexity,2.8244999557455666,7.150909090909092,6.30369942543908,0.34370705,0
d84f94af7e7dbae1,56,2,3,374,2,6,7,21.45,6.63,6.46,True,0,Standard Complexity,0.27294688127923356,11.247346938775507,5.78040489207877,0.34358194,0
16275797844e2d78,51,6,2,236,1,10,3,30.71,25.04,7.88,True,1,Critical Complexity,0.7692203845453506,8.318823529411764,6.0389260657571935,0.34335068,0
47e2d90861b23120,106,5,0,49,2,4,2,14.98,5.15,6.29,True,2,Standard Complexity,0.05385164807134884,7.899,4.304895933701534,0.34303197,0
a39523e78795f03c,98,5,1,184,4,15,1,21.06,9.35,6.62,True,0,Standard Complexity,0.2594224354218784,8.59450980392157,4.471801546740787,0.3429904,0
55619b6a893fcdc,53,5,0,175,1,6,1,21.25,12.64,6.53,True,3,Critical Complexity,0.30149626863477785,11.83046511627907,5.5549621452202205,0.34296224,0
8670100c4704a830,55,1,0,257,0,9,6,25.92,7.25,6.32,True,0,Standard Complexity,0.21377558326434842,11.213636363636365,5.887626505457746,0.34273505,0
6b407ee4b78dfc46,40,0,0,228,8,2,9,23.33,2.68,6.3,True,0,Standard Complexity,0.41725292090123894,20.59391304347826,3.8316629822871775,0.3426672,0
3687ab401c09c27c,51,0,0,211,0,8,6,22.41,5.47,6.3,True,0,Standard Complexity,0.8050465825033464,13.307241379310346,5.501930630776251,0.34255043,0
b2505050d589615f,66,0,0,245,1,9,8,17.05,15.83,6.34,True,3,Critical Complexity,1.5368799562749484,10.55324324324324,4.623601061799186,0.34253556,0
57708296855c52ea,59,12,0,266,2,7,0,21.99,13.54,6.34,True,3,Critical Complexity,0.0,8.22625,6.101287304400059,0.342528,0
24233a99bab2fcd,57,1,0,147,0,6,2,34.83,5.92,6.46,True,0,Standard Complexity,1.2824975633502531,13.936052631578946,5.543027644790718,0.34237826,0
aa0cae7c6918f39b,60,12,0,186,8,15,6,16.33,14.94,8.09,True,3,Critical Complexity,0.4535416188179851,6.066875,5.067235092668881,0.34224913,0
c2cf27ba39edc413,49,3,0,97,0,4,1,36.52,27.23,6.34,True,1,Critical Complexity,1.425798022161487,13.246785714285716,7.594225745154496,0.34224445,0
19269a74718713fa,56,8,0,196,6,6,4,23.55,7.33,6.32,True,0,Standard Complexity,0.9642613753541504,10.21222222222222,6.250645349397981,0.34202954,0
17d48def3c934a57,70,17,0,189,1,8,4,14.3,11.42,6.76,True,2,Standard Complexity,0.20615528128097127,7.714833333333333,4.4039609034242,0.34198117,0
e58e53630f1ec091,31,8,0,287,11,5,10,22.8,11.46,6.35,True,0,Standard Complexity,0.8343260753449909,9.5664,6.678812996334004,0.34182835,0
2dbe118c0651a20c,55,0,0,70,0,0,3,35.16,8.68,6.33,True,0,Standard Complexity,1.2081390648434556,27.16854545454546,4.947299141287944,0.34170306,0
d5e4f705d89cef11,55,1,4,215,1,8,2,26.01,19.29,6.41,True,1,Critical Complexity,0.10816653826404202,12.13075,5.423556668598569,0.3416113,0
fdb60e5aab20b803,65,1,2,509,7,16,6,21.15,9.52,9.4,True,0,Standard Complexity,3.183237345847846,9.0192,5.868668619031066,0.34127977,0
eab136843927690e,56,2,0,203,5,8,10,23.09,3.46,6.29,True,0,Standard Complexity,0.5300943312276923,11.199565217391307,5.982143340091315,0.34098217,0
fae781cdf76cfa97,51,8,0,158,5,16,3,18.96,4.68,6.28,True,2,Standard Complexity,0.8823264701913129,7.2439285714285715,5.791799830848114,0.3409731,0
94d05e4b56a22a8,20,10,4,22,4,3,1,32.29,25.93,6.66,True,1,Critical Complexity,0.32999999999992724,8.113703703703704,7.495251409391568,0.34095913,0
56237e1603f3d732,47,11,1,153,0,4,6,23.54,7.79,6.31,True,0,Standard Complexity,0.45967379738288,10.77727272727273,7.920595811965721,0.34093314,0
f1fb5d9cf86d579e,49,0,0,234,3,7,3,24.5,5.83,6.33,True,0,Standard Complexity,0.9600520819205958,14.127317073170733,5.908374389276195,0.34082562,0
1598874d1792d715,55,0,0,217,6,7,5,20.5,11.53,6.31,True,3,Critical Complexity,1.015332457867441,11.568461538461538,5.15502271300502,0.3408096,0
961e292f67c7367d,46,18,1,178,3,6,4,18.91,15.94,6.51,True,3,Critical Complexity,0.04000000000007731,8.087307692307693,5.904029626314757,0.34042427,0
cd513dc6cf6a3ed6,55,2,0,126,0,4,3,32.8,23.56,6.55,True,1,Critical Complexity,0.07615773105836082,9.593404255319149,5.20484768988253,0.3404155,0
f23af6a0153318dd,37,1,0,342,9,12,3,27.3,9.48,6.3,True,0,Standard Complexity,5.961417616641081,17.283333333333335,6.1346574657614115,0.3403543,0
34c2af7bc094072b,51,2,0,357,5,11,15,20.78,3.68,6.3,True,0,Standard Complexity,2.823118842698247,8.509166666666667,7.6679304664876105,0.340095,0
39d8dccfbc30e3ae,42,9,2,601,0,18,28,23.83,18.8,6.73,True,3,Critical Complexity,0.3569313659517946,8.751153846153846,7.33237516714168,0.34005123,0
27553da72d4f28d8,60,5,1,195,3,7,7,17.54,7.07,9.42,True,2,Standard Complexity,0.1303840481040521,8.623913043478263,5.8992598939855485,0.33960897,0
3a985d6ba6d34b10,49,2,2,156,5,16,3,25.6,25.25,6.53,True,1,Critical Complexity,0.029999999999972715,8.9103125,5.449587991522272,0.3394988,0
cf20dceac66027fe,76,1,0,217,5,1,4,17.35,16.86,6.28,True,3,Critical Complexity,4.8393904574855995,8.202962962962964,4.992965284473906,0.3394106,0
2aeeb0f04d98a8be,137,17,0,327,10,8,1,20.26,20.15,6.41,True,3,Critical Complexity,0.1360147050883173,2.937380952380953,3.246211755205934,0.33902434,0
6f29b169bdff816e,133,6,4,66,4,4,0,17.49,9.63,7.19,True,2,Standard Complexity,0.4601086828131644,5.545,4.520559778864307,0.33879268,0
d9ca84337a6fde87,63,0,0,144,1,10,2,24.8,15.56,6.32,True,3,Critical Complexity,0.20124611797530648,15.655128205128202,4.781192251158471,0.33859926,0
568365d7e2121420,90,10,0,73,8,4,0,12.93,12.57,9.41,True,2,Standard Complexity,0.6606814663664481,4.8132,4.324072820848419,0.3384848,0
7388b6f1ca20c1d2,54,3,0,134,0,3,0,23.0,3.93,6.3,True,0,Standard Complexity,3.8142495985449116,7.519411764705882,7.11791895445674,0.338169,0
1e728fca4addb1df,22,5,0,198,1,11,4,31.93,10.42,7.45,True,0,Standard Complexity,0.09055385138130122,10.76157894736842,8.710711049082583,0.33799046,0
fa7317cbee7c6921,43,0,0,86,1,4,0,23.43,6.84,6.32,True,0,Standard Complexity,0.43829214001670064,14.883500000000002,5.877734916615414,0.33786148,0
72a3a76d44cb8fd6,49,6,0,175,0,9,3,26.39,9.32,6.53,True,0,Standard Complexity,0.22671568097490655,12.706999999999999,7.096389645446479,0.33785257,0
d8cad5b5a717aada,19,6,0,105,3,2,7,28.29,27.39,6.95,True,1,Critical Complexity,0.26248809496804226,11.979444444444447,8.430419438769357,0.3377877,0
e1e0afe960e9ffac,53,0,0,221,3,5,7,17.6,9.42,6.23,True,2,Standard Complexity,0.4904079934095311,10.8896875,5.435819558938997,0.33765343,0
c1d27105640d520c,43,0,0,376,0,13,8,25.71,13.49,6.35,True,3,Critical Complexity,0.42720018726573816,13.67705882352941,6.212048790295387,0.33749712,0
51e3b24b7b43bb68,42,2,0,206,8,5,4,27.8,10.94,6.3,True,0,Standard Complexity,1.1872657663723978,14.217307692307692,6.7154108401109225,0.33744192,0
7873012fe47e00cf,99,10,2,165,1,5,3,17.97,10.3,6.71,True,2,Standard Complexity,0.3052867504495101,7.41725806451613,4.309376187680891,0.3373482,0
d3fcd3d3a5d3bbc6,38,1,0,679,7,14,22,21.7,1.91,12.57,True,0,Standard Complexity,2.061771083316661,13.587,8.074813372456356,0.337024,0
5092df33f4175c90,54,4,0,394,2,12,9,23.77,13.95,6.31,True,3,Critical Complexity,5.240009541976026,10.051428571428572,7.1518530970013945,0.33676925,0
a7545087f82dafeb,52,0,0,214,5,3,7,21.84,3.58,6.3,True,0,Standard Complexity,1.0667708282477157,12.792903225806452,5.8027080405219404,0.33669886,0
a60c5ba76201ea18,98,10,0,98,13,5,1,12.82,5.74,6.84,True,2,Standard Complexity,0.9972462083154635,6.099999999999999,4.130506531955411,0.33664188,0
230447eeabc303cb,46,16,1,143,24,22,1,17.8,16.55,9.67,True,3,Critical Complexity,0.7373601562334243,4.138750000000001,3.8575276111563133,0.33641684,0
6d472e17598345e8,64,5,1,147,2,4,2,26.36,3.06,6.31,True,0,Standard Complexity,2.7930270317346126,8.510967741935483,5.882871997115294,0.33639133,0
e53642c208d9df97,58,2,3,99,2,4,1,24.5,11.9,6.29,True,0,Standard Complexity,0.07280109889273897,12.012195121951219,5.4841841388892565,0.33636582,0
f5a6ffc41c03d9e,48,2,0,214,0,6,0,25.83,21.59,8.57,True,1,Critical Complexity,0.6324555320336039,10.075000000000001,5.5375767786051835,0.33633775,0
a571a41a7bd6d62c,28,1,0,147,7,4,7,28.41,5.27,6.29,True,0,Standard Complexity,3.3688573730561737,22.3348,4.290834063442677,0.33630022,0
33fd22f4dacceeff,34,39,0,61,2,3,1,15.3,11.28,11.0,True,2,Standard Complexity,0.0640312423744478,5.487547169811319,5.07666652836562,0.33615535,0
fd43527a7604fb72,28,1,0,48,0,1,0,18.76,6.11,6.36,True,2,Standard Complexity,4.004509957535403,9.414000000000001,6.743291777759584,0.3355021,0
9bf03f2582691a0a,36,3,1,105,2,5,3,30.26,8.49,6.31,True,0,Standard Complexity,0.8600581375694507,13.946315789473685,7.616900675489802,0.33542627,0
f235c719628c25d7,44,4,0,141,6,3,9,24.05,14.44,6.29,True,3,Critical Complexity,0.15556349186154209,13.10423076923077,7.3326499423820035,0.33532774,0
f5de1cde5bb05985,71,3,1,203,3,5,4,17.26,9.05,6.42,True,2,Standard Complexity,0.16763054614280576,8.49,4.72163999162646,0.33523214,0
1bb9953492c540a8,53,1,0,241,3,6,4,24.42,18.03,6.31,True,3,Critical Complexity,0.533385414124428,12.865333333333334,6.126669967354932,0.33509967,0
ead88d1306d3e8f9,34,0,0,287,0,9,7,22.83,2.39,6.3,True,0,Standard Complexity,3.071481727114105,13.318823529411764,7.656612584098517,0.33508953,0
fae3fe77a5a0d20c,33,8,0,377,0,11,8,22.9,11.01,7.36,True,0,Standard Complexity,0.06082762530337543,10.6128125,6.7210421598769745,0.33508468,0
a06b192d8ad0e8ba,57,17,5,195,7,15,4,16.51,10.09,8.74,True,2,Standard Complexity,0.10440306508901055,5.738604651162791,4.902376064344455,0.33490252,0
b507ed29dcb505e5,36,3,0,283,5,14,6,28.47,4.19,6.29,True,0,Standard Complexity,0.07211102550883583,15.913428571428572,7.612627458133396,0.33473265,0
e9728bcb8237c01d,59,6,0,221,2,11,3,17.96,5.17,6.94,True,2,Standard Complexity,0.01999999999998181,9.178444444444443,6.177074084622394,0.33461484,0
1b19fd2f537060df,95,1,5,191,1,6,2,18.42,10.06,7.81,True,2,Standard Complexity,0.05385164807083162,7.513513513513513,4.689451196044976,0.33441684,0
52d70a0839c89dbf,44,6,1,325,7,13,8,22.6,3.54,6.68,True,0,Standard Complexity,0.743303437367259,10.718666666666667,7.5505958852412585,0.3341833,0
2feb3434ab2e014e,55,13,2,195,3,7,7,19.12,5.39,9.4,True,2,Standard Complexity,0.014142135623718088,8.22904761904762,5.832095845415555,0.3338522,0
1bba57f0f1c3e81a,27,4,0,131,3,8,0,25.82,24.29,6.31,True,1,Critical Complexity,0.1303840481039344,10.091249999999999,8.49518236634741,0.3336966,0
70c7c4ccd26ac3d7,47,0,0,48,2,0,4,35.19,7.3,6.29,True,0,Standard Complexity,0.6280127387241811,27.75404255319149,5.041700008619377,0.33341298,0
5423503964276805,46,6,0,107,4,9,2,26.21,15.15,7.25,True,3,Critical Complexity,0.07810249675908285,9.859666666666667,8.003564407326415,0.33335713,0
dfcae84d98eb63c5,94,8,0,382,0,10,14,17.73,9.22,6.48,True,2,Standard Complexity,0.05830951894816601,9.119428571428568,4.366315506470051,0.33278763,0
db053950d50f5d41,137,10,0,245,2,11,7,16.41,4.29,6.33,True,2,Standard Complexity,0.9677293009927189,3.7336,3.8382442652858875,0.3326603,0
9be094ae2240b40e,71,0,0,343,2,8,5,17.54,7.33,6.29,True,2,Standard Complexity,0.10049875621159261,9.8444,4.319846830617957,0.33263093,0
9fbf09ceed4a1380,160,12,0,192,0,6,5,15.0,14.52,6.29,True,3,Critical Complexity,0.2531797780234375,3.3203448275862066,3.2956925730817717,0.3325196,0
de0293eaabf7c7c1,32,3,0,70,5,2,4,21.17,5.44,6.3,True,0,Standard Complexity,0.1941648783894897,9.535454545454543,6.2819783560687075,0.33232296,0
249ab1adc913b21b,71,0,0,117,1,4,2,32.97,19.57,6.31,True,1,Critical Complexity,0.13892443989440034,12.629193548387097,4.479445637643518,0.33185488,0
54dfbc5d1493bc77,47,5,2,613,0,16,29,32.36,9.06,6.38,True,0,Standard Complexity,0.7355270219373675,11.747931034482757,7.007865226281575,0.331782,0
1822283e68258a1a,34,0,0,172,4,0,7,28.23,7.04,6.3,True,0,Standard Complexity,4.4713532627158825,23.10090909090909,4.776080467087963,0.3317364,0
30b7fa948a205bd6,49,2,2,69,1,5,0,24.22,11.75,6.32,True,0,Standard Complexity,0.9315041599477402,11.657948717948718,5.302326620184175,0.33164522,0
e2da6be19ff2824b,58,3,0,471,6,5,23,26.72,5.08,6.91,True,0,Standard Complexity,4.845307007817118,14.287692307692309,7.985250011833022,0.33147228,0
b5da74c643654b4a,33,0,0,313,0,7,14,23.95,14.52,6.28,True,3,Critical Complexity,0.37483329628023143,14.425294117647057,6.041783061361408,0.3310325,0
2af23c7b3e47325e,33,3,0,53,0,3,0,26.57,5.03,7.0,True,0,Standard Complexity,0.3059411708157459,12.980416666666665,6.360448411319406,0.3310294,0
803231f20325d5ef,39,9,7,95,1,1,5,21.48,17.03,6.35,True,3,Critical Complexity,0.10630145812724981,7.555581395348837,5.4985635766230345,0.3309426,0
5664915b310aaf1d,44,3,0,126,1,4,2,30.22,8.93,6.31,True,0,Standard Complexity,0.22561028345336437,19.049512195121952,7.143693774067877,0.33079794,0
17c40408d2fb4b07,63,13,0,132,2,4,4,16.61,4.1,7.1,True,2,Standard Complexity,0.2353720459188045,6.5713888888888885,4.938659935638062,0.3306451,0
f5530cf0962da8df,50,6,0,80,3,4,2,19.7,3.81,6.81,True,2,Standard Complexity,0.04242640687147582,8.022941176470589,5.911150743652783,0.33060974,0
86849fe7e867d8b3,54,1,1,173,3,5,10,23.77,12.53,6.5,True,3,Critical Complexity,0.20615528128090507,10.17722222222222,6.4655981123649555,0.33051416,0
8b4188bebc8cb426,26,0,0,155,9,0,6,24.2,11.97,6.3,True,0,Standard Complexity,1.349999999999909,20.415,4.135975608096502,0.33051062,0
6c3e7fd2e1e2b27a,48,10,0,53,2,4,0,23.53,17.89,6.34,True,3,Critical Complexity,0.7702596964664691,6.184782608695652,5.517467022470128,0.33033037,0
ae8eded63a435f04,39,1,0,343,9,4,15,18.4,2.08,6.29,True,2,Standard Complexity,1.3240090634132515,11.277857142857144,6.375862046557681,0.33028552,0
6ba7db0afe0aecac,36,2,1,60,10,8,0,18.89,18.71,6.3,True,3,Critical Complexity,9.035485598461129,7.407692307692307,5.606130097897855,0.33014348,0
d0f14ece1b67fe88,52,1,0,331,3,7,19,22.73,17.74,6.3,True,3,Critical Complexity,11.046035487902259,13.196666666666665,6.830140717600351,0.33012098,0
ebd581380907d2a8,66,0,1,228,2,9,7,18.4,4.7,6.37,True,2,Standard Complexity,0.3330165161071025,11.419374999999999,4.556936290905876,0.33005372,0
2b89a1ca24d49dc9,118,52,2,141,6,14,0,10.94,7.84,7.68,True,2,Standard Complexity,0.37107950630574826,3.465135135135135,3.084377042207268,0.32997972,0
5d107152e91ca66c,57,3,0,436,2,7,9,30.74,16.29,6.42,True,1,Critical Complexity,1.5220052562329656,12.366756756756757,6.2087928295516654,0.32993302,0
15b3dd096fc20597,47,2,0,114,6,5,0,24.59,2.69,6.28,True,0,Standard Complexity,0.6888396039717436,13.45909090909091,7.743633695489305,0.32980996,0
80dc136133262c4a,54,0,0,91,2,4,0,26.91,15.53,6.34,True,3,Critical Complexity,0.23769728647998328,12.150625,5.101360687049583,0.32973486,0
fb52b92d906312c5,58,0,1,151,1,9,4,19.18,4.86,6.32,True,2,Standard Complexity,0.17888543820002384,12.6075,4.9812577477982405,0.32961208,0
80fd5e064e0c40ea,22,1,0,249,0,9,2,33.75,10.37,6.79,True,0,Standard Complexity,4.61182176585368,14.435555555555554,10.089064609336091,0.32923922,0
44cef9c9af3c4a55,45,2,0,175,3,5,10,34.06,13.04,6.31,True,1,Critical Complexity,0.4317406628986131,15.074411764705882,7.114820567857125,0.32913464,0
6a31ff441563f5fe,35,0,0,41,0,2,1,21.42,4.92,6.29,True,0,Standard Complexity,0.08602325267034804,11.833333333333334,7.213910430806838,0.32912588,0
be9eb948d1ee875e,77,9,4,76,1,4,0,17.16,6.77,6.51,True,2,Standard Complexity,0.1081665382638213,8.597755102040816,4.480917938623519,0.3290101,0
d6b2bd6dfac4cc53,45,9,0,119,6,0,4,18.35,14.98,6.49,True,3,Critical Complexity,0.45343136195041484,7.309375,6.126634953983713,0.32861,0
3d4c52c396e5b7a7,28,3,0,83,1,4,2,28.9,12.03,6.33,True,0,Standard Complexity,0.20591260281977358,16.3875,7.538168887639188,0.32855508,0
85e10d868be54e79,63,1,0,179,4,12,2,20.09,1.69,6.29,True,2,Standard Complexity,3.8509868865002588,9.935714285714285,6.201027235507857,0.32849103,0
889e31a610265188,45,10,0,609,2,15,25,25.67,7.15,6.63,True,0,Standard Complexity,0.29068883707490384,10.935428571428572,6.990276243410104,0.3284499,0
9004c585b18dbbd1,60,8,1,101,1,4,1,26.79,22.23,9.51,True,1,Critical Complexity,0.09000000000003183,7.2248936170212765,5.0069903782868534,0.32810912,0
a46a917a46eb4c24,37,5,1,208,1,12,8,32.39,12.32,6.39,True,1,Critical Complexity,0.8188406438373675,11.500476190476192,7.878011276839132,0.32803544,0
608a2be215f10ca2,73,6,2,163,0,8,7,25.96,14.56,6.48,True,3,Critical Complexity,0.18027756377319631,7.830188679245284,4.631349487741957,0.3279088,0
74167d5691831cec,51,3,1,108,4,11,0,21.05,8.64,6.44,True,0,Standard Complexity,1.5134728276383225,10.245,5.821526861571627,0.3278856,0
478b8d59f7587c6d,170,87,2,247,14,16,12,17.7,13.16,9.42,True,3,Critical Complexity,0.05099019513583688,2.5946153846153845,2.5451316149741827,0.32785448,0
effc9f93ab43c7b2,108,2,0,87,2,4,0,16.2,12.73,7.09,True,3,Critical Complexity,0.15264337522562646,6.873421052631579,4.457076736297121,0.32765055,0
6c6c1f4f5f2c0f81,52,5,0,83,4,1,1,14.01,10.39,6.4,True,2,Standard Complexity,0.5547071299341495,7.107272727272728,5.360500470036002,0.32762575,0
43cfd583aef34f65,93,12,1,219,2,6,4,17.05,6.59,6.61,True,2,Standard Complexity,1.4141074923782397,4.9799999999999995,4.3581825977757696,0.3276096,0
2b38273bd4f19054,35,2,0,209,3,3,8,23.11,8.02,6.34,True,0,Standard Complexity,0.14212670403606162,12.82421052631579,8.307884217188212,0.3275912,0
c84b52cf38d9da76,42,4,1,246,2,5,5,25.12,3.05,6.41,True,0,Standard Complexity,0.24698178070388443,14.20032258064516,7.731253073693172,0.32756075,0
9682d48fdaad9ce3,69,3,1,106,2,9,1,16.13,6.64,6.28,True,2,Standard Complexity,8.956840960963817,8.376956521739132,5.426659181086911,0.32742137,0
345d1501bf446934,75,1,0,98,0,4,0,15.86,4.96,6.02,True,2,Standard Complexity,0.9300537618868954,8.036052631578949,4.5757803703007776,0.32741675,0
94e9700547c68182,41,0,0,300,4,3,15,22.68,4.57,6.28,True,0,Standard Complexity,6.9093849219734995,15.3575,7.960942286145111,0.32710448,0
4079f391deefd0c,95,8,0,102,2,9,1,19.16,15.3,6.72,True,3,Critical Complexity,0.04242640687115427,7.014390243902438,4.374016989930137,0.3270745,0
68457df108237653,138,44,0,66,1,9,0,10.6,9.05,8.18,True,2,Standard Complexity,0.049999999998544806,3.048474576271186,2.6060306940186244,0.3269633,0
71028b7577234baa,49,1,0,103,0,5,2,27.74,7.46,6.3,True,0,Standard Complexity,0.219317121994989,12.94857142857143,6.305493663476005,0.32657692,0
c196145cce83b8f5,49,13,0,231,2,7,8,18.66,10.76,6.66,True,3,Critical Complexity,0.24839484696778025,8.254146341463414,5.489649229368941,0.3264095,0
e7fa7d649d30e3b4,84,13,0,228,0,6,8,18.44,5.55,9.22,True,2,Standard Complexity,0.022360679774570822,8.814,4.561402635155112,0.32628697,0
81af332f82af1d62,92,6,0,181,0,10,3,20.62,5.26,6.31,True,0,Standard Complexity,0.41677331968352427,6.715277777777777,4.526389587808068,0.32627532,0
f35d7e14b0be3c05,38,0,0,184,7,10,1,24.46,8.4,6.35,True,0,Standard Complexity,2.99300851986763,14.50307692307692,6.850428268044364,0.32620084,0
1e00aee38a0caab,44,11,2,80,1,5,0,26.27,14.77,6.36,True,3,Critical Complexity,0.08485281374234872,7.351071428571429,8.29646367835878,0.3261632,0
45903e2e09a8a2c3,58,6,0,190,0,6,3,22.71,9.65,7.24,True,0,Standard Complexity,0.009999999999308784,11.971874999999999,6.456058735872968,0.32599336,0
30b80a8b28273a84,97,47,0,160,7,17,1,11.02,9.58,9.07,True,2,Standard Complexity,0.08944271909991024,3.2880327868852457,2.9927424890027536,0.32593894,0
56ab8fa87a523f0b,23,4,0,147,0,4,4,35.15,12.89,6.53,True,1,Critical Complexity,0.09219544457375752,12.634347826086957,8.530290695942188,0.32584453,0
19b8a2ca543c9542,108,137,7,70,1,4,1,11.57,5.14,7.89,True,2,Standard Complexity,0.009999999999990905,2.3744444444444444,2.3774114463393134,0.32572013,0
39cfaba738939dde,47,12,1,152,6,3,0,18.23,8.58,9.44,True,2,Standard Complexity,0.08062257748310958,8.851842105263158,6.134850770399329,0.32556742,0
80b70b11240eb313,40,1,1,323,1,10,5,32.2,11.69,6.3,True,0,Standard Complexity,4.794267410147189,12.504999999999999,9.238090982448702,0.32548416,0
9075bafc9bdd6fda,55,13,0,169,3,4,11,17.74,9.95,7.27,True,2,Standard Complexity,0.24698178070459792,7.745675675675675,5.069119834331571,0.3252751,0
3579937744d9320c,51,5,0,160,0,4,8,21.92,13.57,12.44,True,3,Critical Complexity,0.2334523505984309,7.21611111111111,6.49281238403829,0.32522276,0
b4d8bce24a73f293,74,2,0,94,2,6,0,15.62,7.19,6.32,True,2,Standard Complexity,0.8841379982783881,9.770571428571428,4.547741004597553,0.32516882,0
82329bb071e41670,54,3,4,319,1,8,5,28.28,4.86,6.46,True,0,Standard Complexity,0.05656854249422924,13.143541666666666,6.135070119669692,0.32495376,0
8fe8c95723080e7a,50,7,1,147,6,7,1,21.22,12.83,6.45,True,3,Critical Complexity,0.092195444572956,8.332666666666666,5.9743451152034694,0.32478857,0
75d3b9843748b28d,31,6,0,102,2,4,6,23.05,14.87,6.31,True,3,Critical Complexity,0.16492422502477702,10.008666666666667,7.917409396738024,0.3247519,0
160647399f738c59,48,0,0,89,2,4,2,24.51,8.02,6.35,True,0,Standard Complexity,0.5000999900020039,12.932307692307692,6.1968790579752,0.32458884,0
bbbc071de61999b,27,4,0,37,0,0,0,22.65,9.36,6.32,True,0,Standard Complexity,0.6511528238451839,10.926451612903227,6.066936064884862,0.3245628,0
b7dd62927674507d,34,1,0,105,5,5,3,27.09,9.32,6.9,True,0,Standard Complexity,2.6874523251585556,10.058823529411764,8.34978469771945,0.3243581,0
663443b28ddb7b24,53,2,0,133,2,4,1,23.13,18.26,6.31,True,3,Critical Complexity,0.8538149682459801,11.692903225806452,5.348080266695878,0.3241033,0
2e2cbbb458b7e88b,83,1,0,277,2,4,22,20.61,8.28,6.51,True,0,Standard Complexity,1.5264337522474225,9.577297297297298,4.753674907672015,0.3240671,0
939901c2a852bc80,51,7,1,118,3,8,3,19.3,9.65,6.35,True,2,Standard Complexity,0.05099019513610443,7.873124999999999,5.15824831227052,0.3239482,0
5364c3fc9fee117b,37,87,0,147,6,9,9,14.99,12.45,11.44,True,2,Standard Complexity,0.05385164807138051,3.723084112149533,3.6020999615657616,0.3239068,0
60462a031b1f4af,50,0,1,181,2,8,6,24.44,6.92,6.3,True,0,Standard Complexity,0.16278820596086296,16.595106382978727,5.5836725778619725,0.32379666,0
69c90a47ee00be72,50,64,0,210,10,14,10,16.8,12.51,7.43,True,3,Critical Complexity,0.05830951894859494,3.6068674698795173,3.3420507836158166,0.32370895,0
36bdfbf1797c0926,61,4,1,91,2,5,1,20.17,4.64,6.3,True,2,Standard Complexity,3.1752952618614745,11.947297297297297,5.920310277044538,0.32334092,0
98855d43770932fb,18,7,0,329,0,13,8,23.67,16.53,6.64,True,3,Critical Complexity,0.04123105625707659,10.110434782608694,6.670898823645275,0.3232488,0
e7d7f601bcd9aee1,68,9,10,191,1,7,4,18.76,9.91,7.81,True,2,Standard Complexity,0.036055512754607104,6.400746268656716,4.735321487748939,0.32322598,0
674f288f113f50a2,24,3,0,236,2,5,5,28.65,13.88,6.29,True,1,Critical Complexity,0.8249242389456228,14.554761904761904,8.208307417342283,0.3231847,0
d2c02f1e38e0f56c,35,11,0,519,1,8,9,26.09,4.57,10.0,True,0,Standard Complexity,0.05830951894847796,11.006944444444445,7.76416941949951,0.32318065,0
db14380b257346cc,43,0,0,437,2,13,9,30.79,10.99,6.31,True,0,Standard Complexity,0.09486832980432584,14.348571428571427,7.610056182581099,0.32317623,0
50ab919c6f4c2117,156,3,2,300,11,29,10,17.9,12.08,9.47,True,3,Critical Complexity,0.8220097323024859,8.315555555555555,4.196422050353295,0.32310396,0
d652327fb8ba7010,40,3,0,276,7,7,4,25.95,23.71,7.96,True,1,Critical Complexity,0.7829431652413296,9.6615,7.097365197733593,0.3230267,0
5918daec712ec847,50,2,0,205,1,11,3,22.38,4.97,7.21,True,0,Standard Complexity,0.1476482306033085,12.674285714285716,6.054019185575788,0.3229388,0
90ff3225b2265765,48,3,0,46,6,3,4,19.36,18.64,10.61,True,3,Critical Complexity,1.2998846102635737,7.166923076923077,5.268655330735049,0.32292113,0
b9e2e0d78017a2dc,22,5,0,284,0,8,8,28.51,6.21,6.29,True,0,Standard Complexity,0.08062257748271476,11.915263157894739,7.991468061179573,0.32288355,0
dd357edb03a79354,47,3,1,145,4,1,3,28.05,19.72,6.41,True,1,Critical Complexity,0.5135172830587484,13.707391304347825,7.277336599149148,0.32282794,0
7edf5ed6c03c0498,33,2,0,116,13,5,0,19.34,1.65,6.3,True,2,Standard Complexity,3.295238989815679,11.326363636363636,6.885546486171097,0.32275087,0
fc5b7889cad1128d,53,5,1,80,2,9,0,19.48,7.9,6.54,True,2,Standard Complexity,4.402022262554071,9.661428571428571,5.806809865694461,0.3224664,0
6f750748fce7ca49,36,5,3,109,9,6,2,19.36,3.86,6.57,True,2,Standard Complexity,0.2580697580113613,9.3644,5.8220773474765855,0.3220241,0
59842c47dca86f50,51,0,0,261,3,12,6,21.27,13.06,6.29,True,3,Critical Complexity,13.279472881105667,13.712857142857144,6.3053553525910795,0.32199702,0
53ce0da47421257a,58,11,0,89,3,4,2,19.58,3.53,6.29,True,2,Standard Complexity,0.6768308503609296,8.869259259259259,4.926032079056706,0.32196447,0
a7090078e17fdac0,44,9,0,354,0,8,8,24.69,9.06,6.51,True,0,Standard Complexity,0.04999999999998295,11.713111111111111,7.0361567231052184,0.32190818,0
ff22d78fee9e85e8,49,5,1,186,4,2,7,21.08,4.07,9.47,True,0,Standard Complexity,0.03162277660172694,8.704473684210527,7.418729036193826,0.32181096,0
a221ab4ad4bd5f8a,43,3,0,222,5,5,5,29.38,15.94,6.41,True,1,Critical Complexity,0.2061552812798132,13.35780487804878,6.996828031223348,0.321645,0
5f057fb1a529ba65,47,3,0,277,4,8,6,29.17,7.97,6.3,True,0,Standard Complexity,0.6923149572266988,13.471923076923076,8.196053937592712,0.3215938,0
adac1ea1e343ca66,109,4,1,821,8,28,19,17.43,10.09,12.65,True,2,Standard Complexity,4.132408498684823,8.302812499999998,6.0304489024320365,0.3214799,0
73b64eda01ae715f,41,0,0,36,0,1,0,17.55,5.78,6.35,True,2,Standard Complexity,0.44687805943017367,11.375000000000002,5.624007091854594,0.32141238,0
7586056117915f04,43,9,0,303,0,11,6,22.16,7.87,6.78,True,0,Standard Complexity,0.1843908891461093,9.715,7.151713664104103,0.32140815,0
3df2c9cae88101ad,41,2,0,218,6,5,6,22.61,3.99,6.33,True,0,Standard Complexity,1.054182147449073,13.086400000000001,8.565938071221389,0.3213942,0
71f2cbf1636c180,83,2,0,140,5,9,6,22.88,6.85,6.32,True,0,Standard Complexity,8.06075058539876,8.33,7.758010054131148,0.32138744,0
468dadcf542f93bc,116,3,0,330,12,30,12,20.17,7.5,6.39,True,0,Standard Complexity,12.106196760337227,8.471250000000001,6.601828226900485,0.32121307,0
16026877ec6ccc16,43,2,0,134,1,3,2,28.69,6.59,6.31,True,0,Standard Complexity,0.2846049894151829,13.547,7.219866757773304,0.32117257,0
42935151b06dccb9,77,93,73,365,3,9,21,17.66,3.93,18.98,True,2,Standard Complexity,0.014142135622753424,2.7746341463414637,3.1024401077617374,0.3210876,0
4c1d6eac16399678,48,2,1,186,0,10,5,21.05,12.35,6.56,True,3,Critical Complexity,1.875366630822609,9.625333333333334,5.761837515546196,0.3209371,0
dc019215ecbfab16,38,3,1,424,2,12,9,31.26,17.82,6.3,True,1,Critical Complexity,3.628567210346317,11.784,8.735114423978658,0.32040495,0
5baf8bb8e866765e,34,2,0,462,5,14,6,22.07,6.27,6.93,True,0,Standard Complexity,1.4503103116237257,13.844000000000003,7.5662291797169345,0.32026476,0
2ada69235dada6b4,47,5,0,138,3,4,4,28.46,19.36,7.29,True,1,Critical Complexity,0.18027756377322468,9.97217391304348,6.800985834243471,0.32020426,0
6b43aef89ff296c2,81,2,0,140,3,5,7,14.93,11.71,6.29,True,2,Standard Complexity,4.2323161507621405,8.204374999999999,5.73865290023495,0.32019764,0
c2a1abd1b48295c4,69,1,0,315,0,14,12,15.88,4.69,9.54,True,2,Standard Complexity,0.3546829570193619,9.897209302325582,4.094604689203061,0.32013902,0
c3824cc156740440,75,5,0,325,1,11,6,18.15,6.85,6.31,True,2,Standard Complexity,0.0500000000001819,7.687272727272727,4.604078904838999,0.3200755,0
efdb6d71bb174e72,20,4,0,73,5,0,5,23.64,7.27,6.34,True,0,Standard Complexity,1.6031219541880575,12.285263157894736,8.11241308017408,0.31980538,0
7f2742700079408b,65,1,0,89,0,5,3,18.65,5.8,6.3,True,2,Standard Complexity,0.3860051813120717,9.732666666666667,4.541132335540211,0.3197522,0
3b95774f6b28a412,63,2,0,797,1,11,27,28.08,13.95,6.35,True,0,Standard Complexity,1.7791008965206017,15.571538461538463,5.013668004954588,0.31964886,0
505058aaa807d49e,205,15,0,55,0,4,2,12.62,9.3,6.67,True,2,Standard Complexity,0.18999999999959982,3.487083333333333,3.2621075487669353,0.3193811,0
5d644ba586ffb47a,53,0,1,123,3,6,2,23.51,6.94,6.3,True,0,Standard Complexity,0.932630687892938,11.46904761904762,5.847374587724049,0.31934702,0
15eac950e879dda4,53,4,0,184,2,12,3,21.95,10.38,6.35,True,0,Standard Complexity,0.1964688270435443,10.444255319148937,5.022726963271853,0.31928346,0
1ad831b675e41db6,45,7,5,237,0,8,14,28.64,10.11,6.3,True,0,Standard Complexity,0.4909175083455809,11.23681818181818,6.936241703324803,0.31926516,0
dc470adb42b5eb62,120,36,0,104,4,8,3,15.7,15.16,6.85,True,3,Critical Complexity,0.3482814953453631,3.283529411764706,3.055205665892176,0.31923997,0
2637a9e5f6961579,39,4,0,65,4,1,1,24.43,12.54,7.52,True,3,Critical Complexity,0.7310950690573604,13.20111111111111,6.589792518137332,0.31916142,0
16768a1ae1262cef,80,11,0,95,8,12,0,22.83,22.34,7.07,True,3,Critical Complexity,0.2529822128139593,6.26764705882353,4.0767100769987445,0.31908804,0
9d0fd75f1ab39397,87,18,0,45,0,4,2,15.8,8.32,8.69,True,2,Standard Complexity,0.0948683298051808,3.4738461538461536,3.600349424199179,0.3190658,0
7002fb94650f8b9c,58,0,0,370,11,7,18,19.81,5.02,6.29,True,2,Standard Complexity,3.780608416644302,10.71,5.277026466991931,0.31901836,0
93fcb8e769e95824,48,5,0,157,1,10,4,26.73,5.03,6.45,True,0,Standard Complexity,0.3453983207836036,10.863953488372093,6.156151070095394,0.31901398,0
592020ec1461cccc,48,44,0,81,2,4,1,14.28,8.6,7.57,True,2,Standard Complexity,0.049999999999954525,4.160701754385965,4.442825424564285,0.31877127,0
66592ef4f2547c7f,32,8,3,71,4,0,5,23.25,3.65,7.0,True,0,Standard Complexity,0.9300537618873538,6.722380952380953,6.962179396576434,0.31870097,0
1c67a43c76a4be6b,31,2,0,97,2,4,2,27.18,10.07,6.29,True,0,Standard Complexity,1.0520931517696634,16.831923076923076,7.5479365592044525,0.31851378,0
6823613cd7d1f740,36,4,0,238,2,14,7,23.73,3.41,6.75,True,0,Standard Complexity,0.6573431371818823,10.843243243243244,7.305556957162557,0.3185088,0
6328c9c9e829a816,49,5,1,130,0,9,7,27.62,13.57,6.32,True,0,Standard Complexity,0.26172504656606194,10.0515,5.4850576797331865,0.31850436,0
d6ffea0d64e07d2,36,0,0,92,2,4,2,25.53,4.35,6.31,True,0,Standard Complexity,0.0921954445727217,14.382,6.966570707928789,0.31850258,0
6fb210000306b6cf,47,0,0,136,2,4,1,23.15,5.81,6.29,True,0,Standard Complexity,2.863721355160029,15.874999999999996,7.9240983714237165,0.3183632,0
91237f2f8fb29140,41,19,0,95,3,5,0,17.11,11.8,11.33,True,3,Critical Complexity,0.01999999999998181,7.028181818181818,5.657752233049669,0.3183095,0
3ace69781f210611,61,2,0,318,9,9,9,16.17,0.83,6.23,True,2,Standard Complexity,28.36759595031101,9.688333333333334,5.88706892736577,0.3182321,0
8e4acbd3d55ac94c,45,6,2,160,6,7,2,26.09,11.86,6.59,True,0,Standard Complexity,0.20124611797489972,12.537142857142857,6.6765947571363355,0.31821442,0
7848858afe2f180a,48,14,0,94,6,5,2,23.08,13.36,6.86,True,3,Critical Complexity,0.12206555615729121,4.4308,5.420371145964085,0.31819165,0
76e71c50140cc79b,33,2,1,188,1,8,10,24.98,14.0,6.61,True,3,Critical Complexity,0.2801785145231002,14.807307692307692,5.929965337615848,0.31800652,0
e4f510b9fd3adba1,57,3,1,178,2,5,7,18.12,3.91,6.4,True,2,Standard Complexity,0.3330165161069335,9.4878125,5.122380266032946,0.31797865,0
b48aad4b62e7ad42,46,2,0,228,10,5,9,21.7,17.84,6.3,True,3,Critical Complexity,1.01271911209375,9.409600000000001,6.551972209953275,0.31794477,0
bc887e03db2539e9,56,11,0,232,1,10,3,19.35,12.71,6.85,True,3,Critical Complexity,0.02236067977497756,6.896052631578949,5.074150973561299,0.31793883,0
526226cf7380c1af,28,18,0,85,2,7,1,26.03,6.34,7.3,True,0,Standard Complexity,0.07071067811870299,7.931764705882353,6.113409788224107,0.3178914,0
ab5adec490707e4e,67,2,0,384,5,11,9,21.13,4.88,6.35,True,0,Standard Complexity,7.341559779774414,7.959473684210527,6.703766006533947,0.3178252,0
290d7c352f0df457,42,3,0,440,1,9,23,22.86,15.59,6.29,True,3,Critical Complexity,1.4405554484300367,14.543333333333335,7.522049703773018,0.31766605,0
799c7b5a08fc0b1f,28,0,1,227,0,8,0,35.59,6.52,6.31,True,0,Standard Complexity,0.028284271247476372,15.893461538461539,7.849351243308483,0.31752607,0
21c6eb16573dfe70,68,2,0,229,2,8,1,21.06,14.34,7.35,True,3,Critical Complexity,0.12041594578787009,11.488571428571431,4.5501347815874915,0.3173467,0
b73fdb16d0d10af8,35,0,2,311,3,7,10,34.17,14.96,6.26,True,1,Critical Complexity,2.6065494432297145,17.292173913043477,6.31859984250896,0.31694144,0
b8d019aa858d3c1d,43,6,3,48,2,2,1,24.67,9.11,6.3,True,0,Standard Complexity,0.04472135954995512,11.421052631578947,7.255964801992651,0.31677398,0
34b996a184d8b923,31,1,0,179,3,5,3,29.36,3.85,6.29,True,0,Standard Complexity,16.169316621304105,21.26625,5.767859086134127,0.31665254,0
fc6449257417a8d7,33,9,0,158,0,4,8,21.63,17.13,12.04,True,3,Critical Complexity,0.04472135955005681,8.953461538461537,7.546247637227847,0.31659216,0
33290b1c3ce4ba0a,59,8,0,254,6,9,5,14.86,10.02,6.74,True,2,Standard Complexity,0.9217917335276424,6.178846153846154,5.3785716769439516,0.3165371,0
5b42d2f37a669eba,39,0,0,278,9,6,2,23.09,16.24,6.29,True,3,Critical Complexity,4.053060571962949,15.30578947368421,6.240654752920751,0.31651944,0
8a1e0c2f038df419,104,111,0,70,5,3,4,13.51,10.95,12.18,True,2,Standard Complexity,0.022360679775079245,2.1667857142857145,2.5399283645289636,0.31647682,0
b41e69d8f4cab725,41,0,0,472,5,8,9,27.59,10.2,6.29,True,0,Standard Complexity,0.841189633793629,14.643684210526313,6.786637187984167,0.31647104,0
38923ab71501d650,49,6,0,211,1,6,6,20.95,5.01,6.39,True,0,Standard Complexity,0.9278469701413754,10.401250000000001,7.075949472508972,0.31633803,0
934f6370cc238ca3,55,0,0,614,3,8,16,25.61,5.9,6.33,True,0,Standard Complexity,2.284928882919562,12.105652173913043,7.089390619600381,0.31603804,0
7c85ec43d55efb79,30,6,0,104,0,6,2,24.35,8.03,6.36,True,0,Standard Complexity,0.6830812543173952,12.1668,8.024496355535344,0.31595582,0
3e834a228d6e7d9a,60,1,0,284,3,4,20,22.79,3.71,12.58,True,0,Standard Complexity,5.169535762522887,11.788571428571428,6.666187805931182,0.31580967,0
f50d866eee862865,43,0,1,63,2,1,3,22.52,4.5,6.3,True,0,Standard Complexity,0.9708243919467546,13.95275,5.609001688134886,0.31546935,0
f256cf510b83ef7a,46,2,0,234,1,7,3,34.36,12.4,6.32,True,1,Critical Complexity,0.818352002502038,12.924814814814814,8.397596380257058,0.31544998,0
62f62d1c88412a65,51,2,0,266,1,8,6,22.7,3.63,6.51,True,0,Standard Complexity,1.5223665787188425,13.644499999999999,6.247388234294392,0.31540945,0
1a57a7a789294d1b,46,11,0,88,2,7,0,18.43,14.9,6.5,True,3,Critical Complexity,0.1315294643793147,8.521891891891892,5.5744983232466945,0.31530797,0
55a85944294e420f,59,67,0,201,10,13,9,16.52,14.44,9.38,True,3,Critical Complexity,0.053851648071317176,4.243333333333333,3.2949660679419583,0.3153001,0
a331aeb12d234c95,62,11,0,107,0,9,2,17.02,5.73,12.55,True,2,Standard Complexity,0.10295630140996133,7.261372549019607,4.83273398025924,0.3152714,0
859091767bbfc70e,158,4,0,383,10,13,12,14.2,3.56,6.48,True,2,Standard Complexity,0.07999999999992724,5.1400000000000015,3.701537325413398,0.3152533,0
664877d810b55d50,95,4,1,321,2,17,3,22.04,10.33,7.22,True,0,Standard Complexity,0.08602325267066521,7.741052631578947,4.231706422100186,0.31499478,0
f8c4917400e7367a,50,2,0,195,2,7,6,22.96,9.44,6.3,True,0,Standard Complexity,0.7387827826906808,10.26375,6.822525688543307,0.31493944,0
f05764a4cee9c767,28,2,0,161,1,5,10,32.35,5.99,6.29,True,0,Standard Complexity,3.6773903790591294,15.025555555555558,8.735587000706568,0.31491935,0
29150312ffc99f5c,43,157,0,161,7,12,6,13.12,12.17,9.36,True,2,Standard Complexity,0.02236067977497756,3.88489010989011,3.3604218303710107,0.31482255,0
22b8c90f5d9f287b,96,15,0,191,14,14,8,14.09,5.87,6.91,True,2,Standard Complexity,0.7596051605933453,5.1561290322580655,3.8487372687669703,0.3147958,0
971dd712c7916b60,40,31,1,157,1,5,3,21.41,3.09,6.39,True,0,Standard Complexity,0.20880613017823887,5.871724137931033,5.516322843797629,0.3147264,0
9e4025a21ec64d37,59,7,1,189,6,15,4,18.32,7.12,6.31,True,2,Standard Complexity,2.598557292037462,7.558888888888888,5.167330662231662,0.31468117,0
5bca575c0fda1540,45,4,0,64,3,0,3,18.12,17.27,7.93,True,3,Critical Complexity,0.022360679775485982,6.929,5.721336294957673,0.314443,0
e71d0e9fc0f2acbd,30,0,0,37,0,0,0,24.0,8.33,6.31,True,0,Standard Complexity,0.6847627326310833,11.938076923076924,6.162181818423862,0.31433868,0
7d2cc1f23f8b4ce8,39,2,0,83,5,11,0,19.8,3.43,6.3,True,2,Standard Complexity,4.083062576057491,10.105,7.473709874333782,0.3141631,0
b4ecfc55f269908d,17,1,0,166,2,4,8,23.31,5.06,6.29,True,0,Standard Complexity,5.190183041088345,11.605,9.420689995961018,0.31413507,0
9a1264d2d646998f,40,0,0,328,7,6,5,30.67,7.25,6.3,True,0,Standard Complexity,1.872431574184301,20.841944444444447,3.7023504692173024,0.31394872,0
390663e3b37b49c3,33,3,0,586,7,11,12,22.46,1.42,6.28,True,0,Standard Complexity,5.8623288887608584,9.897142857142857,7.768735352655015,0.31394777,0
fd81b7f261246afd,28,3,1,214,4,4,6,26.37,6.34,12.61,True,0,Standard Complexity,0.8213403679357969,16.103333333333335,7.422984724638885,0.313881,0
376ca10cbf943701,33,1,0,225,11,0,6,28.93,3.04,6.32,True,0,Standard Complexity,0.16492422502455642,20.0565625,4.399128187333685,0.313793,0
916562923315092a,234,7,0,91,2,7,1,14.16,12.57,9.42,True,2,Standard Complexity,0.396610640301088,6.082469135802469,3.4419082171047686,0.3136834,0
7dac58ac6d257243,33,1,0,223,11,18,5,20.9,13.64,6.3,True,3,Critical Complexity,11.123403256198191,12.55076923076923,6.395913913812428,0.31346065,0
b0ea0d45f40e2014,79,7,2,68,5,2,4,16.56,4.55,9.47,True,2,Standard Complexity,0.22803508501974484,7.378064516129032,4.55810403379897,0.31337792,0
5acd51c4f49dec44,58,0,0,137,2,6,0,23.87,12.03,6.45,True,0,Standard Complexity,0.09219544457284502,12.78,4.9221679425738785,0.3133775,0
3ff6332c5716c3b5,60,0,0,51,0,4,0,21.89,16.01,6.34,True,3,Critical Complexity,0.43416586692189324,12.334716981132074,4.708263952690228,0.31332466,0
6c1a3b6dbd193fd0,39,0,0,91,0,5,0,25.04,9.09,6.29,True,0,Standard Complexity,0.43965895873971395,17.343793103448274,5.686116433482949,0.3131187,0
482ec85afa332dd0,35,0,2,248,0,15,1,24.6,6.63,6.31,True,0,Standard Complexity,1.8676188047888496,16.491200000000003,5.823827140291854,0.31305188,0
5427dec22c2a54a9,37,3,1,190,4,10,0,22.04,10.89,6.28,True,0,Standard Complexity,0.06708203932503437,13.200526315789473,8.04125512177782,0.31294706,0
8f31b2425bd9a3ac,41,3,0,58,1,1,0,18.08,1.77,6.32,True,2,Standard Complexity,0.8158431221742819,8.360833333333332,5.962656648303301,0.3129396,0
d01dabad043745b4,46,0,0,76,0,4,0,25.91,10.08,6.29,True,0,Standard Complexity,0.18384776310837997,15.273235294117645,5.313064209811308,0.312916,0
ae59cbfe66fd5fd1,53,8,1,87,2,7,1,16.39,15.14,8.0,True,3,Critical Complexity,0.10630145812741024,6.286,5.246846100277765,0.3128658,0
8e75694e2e6c266c,48,7,0,525,0,14,25,20.72,10.47,12.45,True,0,Standard Complexity,0.17888543819982047,9.204193548387096,6.158948786610213,0.31280097,0
c0efac5869add7b3,82,17,3,59,2,4,4,16.02,3.62,7.18,True,2,Standard Complexity,0.041231056256139105,3.859166666666667,4.25154963578641,0.31257105,0
b631213f061b235e,45,0,0,187,8,2,9,20.93,3.45,6.3,True,0,Standard Complexity,1.9212756179164505,14.249230769230767,5.1406147415561625,0.31252673,0
dcfddce4ebdd7b06,147,124,4,36,1,5,0,12.15,9.09,11.29,True,2,Standard Complexity,0.07999999999992724,2.5834246575342465,1.9691585847754227,0.31250197,0
da338834334b0da3,100,1,0,127,0,7,0,19.15,8.21,18.82,True,2,Standard Complexity,1.1500434774388668,12.216162790697673,3.618209813232084,0.31242457,0
e942ea16f06e2517,41,3,0,496,6,13,14,23.28,2.77,6.31,True,0,Standard Complexity,7.734655777732019,15.755,7.363491019889954,0.3123758,0
78bbddfb3cf47ddd,32,2,0,447,11,8,3,22.89,22.33,7.42,True,3,Critical Complexity,3.1264036847473475,13.450869565217388,6.854605505436523,0.31235102,0
abdfbae321b50c34,29,3,0,634,9,18,17,21.21,2.96,6.28,True,0,Standard Complexity,2.324220299368992,9.202727272727271,8.363383494201038,0.31234258,0
5d42c51d34999e33,67,4,0,127,1,5,3,19.27,9.38,6.35,True,2,Standard Complexity,0.7749193506424653,9.044615384615385,4.7445375317866905,0.31214005,0
c5cc919d652a5303,17,4,0,67,4,0,0,25.65,7.32,6.29,True,0,Standard Complexity,1.2880993750484688,11.605714285714285,8.033013768448404,0.3118845,0
cb2a5f33bf803e09,47,33,4,179,1,6,3,18.63,8.97,7.19,True,2,Standard Complexity,0.02236067977497756,6.5672131147540975,5.67490510678157,0.31164742,0
1dc4577ab46715c,28,0,0,92,7,2,5,26.85,24.09,6.3,True,1,Critical Complexity,3.279542651041888,16.240000000000002,5.63831535123746,0.31163135,0
ab3108a55211ed34,36,10,0,258,2,8,3,24.3,2.99,6.48,True,0,Standard Complexity,0.18973665961009648,10.090555555555557,7.2332476740106335,0.3116175,0
559d8679b4ce9c01,40,7,2,146,4,4,1,23.83,11.56,6.92,True,0,Standard Complexity,0.06708203932513605,11.643181818181818,8.207050398265471,0.3114103,0
ac0d2b95140ee085,30,0,0,46,0,0,0,24.13,5.38,6.27,True,0,Standard Complexity,1.3155227098001314,16.125357142857144,5.750754287260844,0.3113464,0
31a8fbb5faa185af,54,8,2,28,4,4,0,15.94,10.86,6.37,True,2,Standard Complexity,0.3014962686335844,5.976521739130434,5.240877464447485,0.31134632,0
df4b083532ea1d28,43,0,0,267,9,4,16,23.69,8.89,6.3,True,0,Standard Complexity,0.15033296378427297,17.313809523809528,4.334315430311125,0.31134573,0
70a20adf9433c0fb,84,14,4,205,8,14,5,15.55,6.5,6.86,True,2,Standard Complexity,0.07071067811864672,7.35527027027027,4.304043109579195,0.3113333,0
6480d3d68cb1df2c,33,1,0,96,3,4,6,24.84,2.68,6.32,True,0,Standard Complexity,1.6111176245080854,12.265,8.422856107045876,0.31129274,0
aabe5b12352a17ab,36,5,0,223,0,7,2,23.09,10.27,7.11,True,0,Standard Complexity,0.3911521443125356,12.49542857142857,6.9548282685410685,0.31122184,0
ada78339ac8b7792,32,11,0,307,0,7,8,29.16,10.18,10.39,True,0,Standard Complexity,0.3405877273168831,7.702500000000001,6.766704528688351,0.31121224,0
9568016f88bd643c,70,0,0,218,2,12,5,18.47,3.8,6.33,True,2,Standard Complexity,0.11180339887509116,11.071967213114753,4.2092274980182,0.31086934,0
2a691e743547d517,29,2,0,183,0,3,7,24.28,4.62,0.05,True,0,Standard Complexity,0.09848857801807925,14.035555555555552,7.172028140932032,0.31080237,0
49e369b896f35f18,50,6,1,169,0,10,5,21.77,5.65,12.62,True,0,Standard Complexity,1.6144348856486614,8.283684210526316,7.064699651325236,0.31062728,0
26ffd84e04507345,25,8,2,289,3,5,4,30.78,20.08,7.74,True,1,Critical Complexity,0.33376638536545994,11.130740740740737,7.397719831851056,0.31046885,0
90dbc9ea3e6b8f78,82,5,14,318,1,7,2,17.87,6.34,6.47,True,2,Standard Complexity,0.12529964086140252,7.861666666666666,4.679856657348954,0.31044278,0
c33d7ef68780501e,78,1,0,22,4,4,0,13.34,4.5,6.3,True,2,Standard Complexity,8.986478731961668,8.65,4.586466115493652,0.31031778,0
471d0853f7ea090d,17,2,0,72,4,0,9,27.38,26.87,6.36,True,1,Critical Complexity,4.322244787145052,9.87,7.716088531258712,0.31021833,0
2f4bc824e55488b1,112,8,0,156,2,17,5,15.4,14.16,6.32,True,3,Critical Complexity,1.6335544068083532,5.1414285714285715,4.280660035571156,0.3101214,0
b5db70059e5cf3d0,45,3,1,515,7,6,27,23.23,5.56,18.84,True,0,Standard Complexity,1.8431766057546588,14.110454545454543,8.477441979787367,0.30997008,0
dc8208a3b96b44c4,48,7,3,196,5,15,1,18.85,5.38,7.53,True,2,Standard Complexity,0.20099751242313998,7.728888888888889,5.717512948912985,0.3099137,0
9df28f81e4d9e05a,54,2,0,270,2,6,17,33.11,12.91,6.29,True,1,Critical Complexity,0.1910497317448853,10.13375,6.495258727525794,0.30975178,0
88be7543df8b96e9,38,2,0,536,12,16,0,28.76,6.51,6.31,True,0,Standard Complexity,3.6806657006579764,11.862692307692306,8.201674105699073,0.30971897,0
1eaf3cc8dce4b0fc,34,0,0,374,4,15,0,24.29,6.35,6.29,True,0,Standard Complexity,1.2314625451063157,15.609090909090908,5.710605690762749,0.30969432,0
8e38a08891e96ce2,53,15,5,138,0,9,7,20.82,9.12,9.43,True,0,Standard Complexity,0.0,7.3155,5.323038425874205,0.30960393,0
187c36c7842ae2e8,32,4,0,171,1,4,7,26.14,11.74,6.69,True,0,Standard Complexity,0.2102379604163331,14.0034375,7.035584823495042,0.30945373,0
3d9ec0b543bb23e8,39,5,0,76,3,1,2,15.23,14.37,11.0,True,3,Critical Complexity,0.040000000000020464,8.19357142857143,5.594515946305755,0.30941576,0
4bfc4faa529be553,105,0,0,291,3,9,9,19.03,5.51,6.29,True,2,Standard Complexity,1.5905030650705898,8.837346938775513,4.326653877720365,0.3093868,0
22d23b4225e9895b,83,0,0,99,0,3,2,19.66,18.71,9.52,True,3,Critical Complexity,0.30479501308305457,9.4572131147541,4.428247305705017,0.30935228,0
d37d208b1e02e330,122,1,0,256,8,16,5,15.73,15.56,6.53,True,3,Critical Complexity,3.4501159400809547,6.341785714285714,4.203660865051717,0.3093465,0
2ee73f423573930f,57,0,0,143,0,7,6,31.59,15.43,6.3,True,1,Critical Complexity,3.0019327107711,15.94096774193548,5.471663281258775,0.30933163,0
57223729bc0adcc0,67,2,0,168,2,12,1,24.34,13.21,6.3,True,3,Critical Complexity,0.0499999999998181,9.28111111111111,4.557903134957381,0.30910334,0
df783d2aaaff8f54,40,3,0,111,3,0,14,16.63,1.13,7.06,True,2,Standard Complexity,0.16763054614204617,7.9750000000000005,7.16989481559295,0.3089901,0
e4368ede4bd8cf76,38,3,0,147,4,7,1,20.62,4.17,6.29,True,0,Standard Complexity,0.46615448083226213,13.191600000000001,7.470823076475577,0.30891773,0
46830c90a4dae5ce,61,9,0,215,2,6,4,23.04,7.25,6.78,True,0,Standard Complexity,0.44011362169335694,5.694615384615384,5.083434557791912,0.3089043,0
dc720a2a21736370,43,1,0,84,0,4,0,25.92,14.62,6.3,True,3,Critical Complexity,0.5303772242470624,14.863499999999998,5.574346396663917,0.3086124,0
dc95cb90c458d350,43,9,0,150,8,11,3,30.27,28.49,6.57,True,1,Critical Complexity,0.19416487839083052,8.790869565217392,6.585399471586979,0.30857742,0
55a242fd1e9fe49a,91,20,1,249,15,17,13,14.76,5.21,7.54,True,2,Standard Complexity,0.3623534186400475,4.4354545454545455,3.715797635248145,0.30853745,0
41712d19678d57f,59,2,0,143,1,6,3,21.41,11.65,6.31,True,3,Critical Complexity,3.576282986565805,11.919565217391304,6.333027628346403,0.30848438,0
5cc0669d1aecdfc7,41,4,0,194,6,5,7,21.85,18.84,6.3,True,3,Critical Complexity,1.787316424139645,11.49142857142857,6.87959390116146,0.30836266,0
6b9a05fb4a83b115,52,0,0,534,4,21,10,23.85,6.38,6.34,True,0,Standard Complexity,3.5040690632463294,12.705454545454545,7.103455450612961,0.30832666,0
664c94d9ff2a3e4,48,3,0,195,0,6,0,25.99,10.51,6.31,True,0,Standard Complexity,0.12206555615798972,10.873461538461536,7.377929635748716,0.3081707,0
656f1d7b3a4e91ea,80,62,0,55,5,11,1,16.4,14.19,6.85,True,3,Critical Complexity,0.28231188426972614,3.1254878048780483,2.8407166531545904,0.30812374,0
c74072f1f29d9f1e,48,5,3,106,2,4,1,22.06,13.14,6.96,True,3,Critical Complexity,1.0696261028974168,9.61625,6.457982826510148,0.30796236,0
630ac8193bc61268,42,4,1,87,0,7,0,28.88,11.89,6.32,True,0,Standard Complexity,0.16031219541913622,13.115238095238091,6.979098126376815,0.3079017,0
1bbb03578df46189,57,1,0,394,5,12,6,21.45,7.38,6.3,True,0,Standard Complexity,0.8542833253669293,15.289024390243902,4.848148152810539,0.30788475,0
c4ac27834c54ec20,53,24,3,77,0,4,0,18.11,3.01,7.44,True,2,Standard Complexity,0.058309518948205,4.788448275862068,4.910875616047522,0.30782336,0
cc11aa530f047e0,45,1,3,170,2,7,3,26.74,4.99,6.34,True,0,Standard Complexity,0.4964876634922542,14.676060606060606,6.604185513699416,0.30780005,0
46efce82328b5af,72,1,0,570,3,9,16,16.74,12.62,6.3,True,3,Critical Complexity,7.3077629956094725,8.007333333333333,6.27918515591173,0.30771682,0
4f69bdd6663c755e,34,1,0,64,2,2,2,23.62,3.96,6.42,True,0,Standard Complexity,0.2469817807059098,16.40064516129032,6.094362246918879,0.3076566,0
c3fcff5201d983b1,38,3,0,178,4,2,2,21.12,6.99,6.27,True,0,Standard Complexity,0.05099019513597065,13.8968,6.962652207312958,0.3075942,0
ff458bb340a52e75,45,1,0,344,1,6,10,28.38,15.36,6.3,True,1,Critical Complexity,0.570701322935182,15.249166666666666,5.483477391724667,0.3074224,0
fcf904ad3d8dee81,28,3,0,273,1,7,10,30.0,13.16,6.63,True,0,Standard Complexity,0.8158431221745495,14.638148148148149,6.976434957683821,0.30707163,0
43a88175625d95b8,50,4,0,106,3,6,0,18.17,17.14,6.36,True,3,Critical Complexity,0.3220248437623008,7.748620689655173,5.384178433879007,0.30696493,0
90c2c823518f5aef,51,1,1,92,0,5,0,21.97,13.35,6.34,True,3,Critical Complexity,0.08544003745310759,10.848095238095237,5.068891227541186,0.3069621,0
ff84955133e163c9,39,2,0,138,5,4,8,25.36,8.03,6.69,True,0,Standard Complexity,2.1799311915760144,9.808571428571428,7.775616518636832,0.30692735,0
de1948595859c0ff,49,1,0,306,2,16,2,24.03,5.65,6.31,True,0,Standard Complexity,2.206558406206195,10.946896551724137,5.91144541718292,0.30677888,0
ceebe5264287eb30,29,0,0,477,22,9,2,24.22,3.6,6.32,True,0,Standard Complexity,0.4517742799228763,15.064999999999998,6.253685221223869,0.3067218,0
c09d0dc9c0467f5,28,1,0,110,9,6,3,24.29,24.11,6.41,True,1,Critical Complexity,0.47759815745020007,11.054375,5.8783862249238945,0.3066017,0
d0945abd34ec275,58,0,0,118,1,4,2,20.61,6.43,6.29,True,0,Standard Complexity,1.4380890097627061,11.3874,5.018113514060837,0.30658212,0
4561b22999e4f50,41,9,2,316,2,8,10,31.96,26.67,7.08,True,1,Critical Complexity,0.3312099032334817,8.475882352941175,6.669370336998952,0.306549,0
933acb99873b93bd,51,0,0,113,2,7,0,19.76,5.05,6.31,True,2,Standard Complexity,0.1581138830084621,10.559444444444445,4.94960264647827,0.30642402,0
af343ab530f9a436,19,8,2,43,0,1,1,22.1,8.42,8.27,True,0,Standard Complexity,0.13416407864986535,9.794827586206894,6.37645000179927,0.30625278,0
cc0e6ac0d0bd569c,43,1,0,82,3,2,0,26.85,13.47,6.57,True,0,Standard Complexity,4.568588403434954,16.273999999999997,8.27981062585371,0.30619404,0
22f0b6500d59451,90,17,1,177,2,8,0,15.84,9.5,9.45,True,2,Standard Complexity,0.1315294643793147,3.903076923076923,3.9263241462944887,0.30616292,0
ccd7d0ad33f392d3,50,5,0,215,2,6,2,20.33,7.1,6.49,True,0,Standard Complexity,0.9489467845986576,12.698666666666668,6.472013974713659,0.30614877,0
2792000ec9c4a12a,33,10,1,79,0,4,0,22.1,5.01,6.65,True,0,Standard Complexity,0.13928388277200834,7.307931034482759,6.4133693222992605,0.3060245,0
b803b23033a40ec8,38,4,0,342,14,12,7,20.08,12.77,6.23,True,3,Critical Complexity,0.6809552114491526,8.120000000000001,5.741745562567464,0.30589706,0
fab251f507314ba0,51,0,2,121,5,3,0,29.57,9.42,6.33,True,0,Standard Complexity,3.5201278385876678,13.152222222222223,5.24970798717579,0.30587915,0
1a265a836512869,132,69,0,164,1,6,0,12.15,7.88,11.73,True,2,Standard Complexity,0.028284271248079286,2.8221176470588234,2.6411321521239146,0.30584788,0
454aa05055debcac,46,1,0,49,0,1,1,22.91,5.41,6.29,True,0,Standard Complexity,1.9080094339389329,11.108333333333334,6.010985545001937,0.3056823,0
ce5ff90ff81391,39,8,2,255,3,8,6,31.59,19.31,7.44,True,1,Critical Complexity,0.030000000000654836,7.870909090909091,8.26804962661081,0.30563188,0
5d9a506f98c9844a,140,4,0,59,5,0,2,14.14,5.79,9.45,True,2,Standard Complexity,0.02236067977497756,5.588499999999999,4.301569800665798,0.3054965,0
84746c9858dd8108,76,0,0,369,0,13,9,19.78,4.76,6.43,True,2,Standard Complexity,2.766441757928266,11.769347826086959,4.475216488411197,0.30542427,0
a140ad18724dbf90,39,5,0,174,6,8,7,28.45,18.2,6.34,True,1,Critical Complexity,1.185326959113599,12.866875,7.2252571050707255,0.3053756,0
76a164e0918183f0,33,1,0,74,6,3,2,23.44,10.74,6.3,True,0,Standard Complexity,3.1783328963468365,11.176470588235295,6.289055798557542,0.30531254,0
aad5179d6c5752d1,43,15,0,170,3,7,5,19.64,5.3,9.48,True,2,Standard Complexity,0.09999999999994316,7.8360975609756105,6.113374732881029,0.3053026,0
25f65d804fe686f9,60,15,1,84,4,6,2,20.81,4.52,7.28,True,0,Standard Complexity,1.0560303025956344,5.5172727272727276,4.969763894597416,0.30525973,0
ce6ffdd3f0a35402,44,0,0,211,5,3,5,33.4,23.01,6.3,True,1,Critical Complexity,1.2924782396620433,20.745,3.8776497852620544,0.30522317,0
82afbf816bc61482,36,3,1,98,1,3,2,20.01,11.42,6.35,True,3,Critical Complexity,0.6907966415663647,9.617368421052632,5.971585209715884,0.30498376,0
aa2dae2e69d5be25,34,7,0,166,2,0,2,22.52,12.28,7.03,True,3,Critical Complexity,0.8193900170248591,8.826,7.234786382471842,0.30494815,0
294df534464c7c4,24,6,0,209,1,4,14,23.41,7.02,7.06,True,0,Standard Complexity,0.22561028345336437,10.212352941176471,7.699266221272048,0.30493727,0
ac0c032b134e47aa,39,1,0,311,1,6,7,21.18,4.91,6.35,True,0,Standard Complexity,0.6859300255852393,12.990000000000002,6.9377533987755875,0.30492526,0
44d365aae9a66637,47,2,0,55,0,3,0,22.02,18.35,6.35,True,3,Critical Complexity,0.22847319317594084,11.689375,5.495417942192841,0.30480662,0
77e422865ee88bd1,49,2,0,214,3,2,10,20.1,15.76,6.46,True,3,Critical Complexity,2.552900311410672,10.978571428571431,5.966380641493105,0.30463073,0
c32258738c873b51,63,5,0,280,1,9,0,16.31,8.03,9.01,True,2,Standard Complexity,0.04472135955000596,7.950212765957448,4.834251681122196,0.304625,0
da211e5589348255,52,1,0,213,0,11,1,21.02,4.31,6.61,True,0,Standard Complexity,1.3923002549731758,11.243823529411765,5.225449046116899,0.3045811,0
7dde970c1589271f,48,2,0,278,6,13,6,19.59,9.22,6.31,True,0,Standard Complexity,1.3764083696336553,8.905,5.5203317382200865,0.3043192,0
705c3c9706287c75,50,5,0,247,2,8,0,26.25,19.13,6.93,True,1,Critical Complexity,0.03162277660223025,11.707317073170733,6.177940308908805,0.3042734,0
f6021271a41ff467,45,6,0,218,1,7,3,20.8,11.4,6.31,True,3,Critical Complexity,0.7022819946430439,9.991666666666667,5.747529662578717,0.30426624,0
7322cba3344b895b,46,2,0,217,1,11,7,32.9,7.91,6.3,True,0,Standard Complexity,1.5358385331793751,13.299130434782608,8.659721811499026,0.3042092,0
3b74901f36e118ec,83,21,2,81,9,3,0,13.53,11.81,6.72,True,2,Standard Complexity,0.09848857801787148,5.082307692307692,4.011807867640711,0.30419075,0
1d7da97c1007da94,249,20,0,151,6,7,4,15.33,9.91,6.51,True,2,Standard Complexity,0.04472135954995512,3.119122807017544,2.928464228790306,0.3041399,0
787d3cf790e2925c,26,4,0,56,5,5,0,28.23,4.62,12.58,True,0,Standard Complexity,0.7433034373659682,7.424166666666667,7.374265453061899,0.30407092,0
7cd17888caad39b9,78,15,2,146,1,4,6,15.43,14.78,7.68,True,3,Critical Complexity,0.1118033988748878,4.511944444444444,4.048647112475725,0.30402407,0
fb63060ea53669bd,29,2,0,119,0,5,0,24.83,11.86,6.33,True,0,Standard Complexity,0.3023243291566604,13.137142857142857,7.714044176112838,0.3040122,0
38426f0bb85a32cf,34,2,2,199,2,11,7,24.34,10.35,6.29,True,0,Standard Complexity,0.04472135954995512,10.967407407407407,7.878811055535855,0.30395874,0
daeae6b651767810,39,1,0,48,5,3,1,21.71,10.83,6.32,True,0,Standard Complexity,2.0600970850903857,8.558499999999999,5.85539859872921,0.30377707,0
2c19327e76a4629a,46,4,0,84,6,1,1,21.7,15.04,6.4,True,3,Critical Complexity,6.106144446374897,9.953076923076923,6.284610488652645,0.30371276,0
49780b7f821504d9,21,3,0,138,4,4,6,28.34,8.65,6.29,True,0,Standard Complexity,0.16970562748526016,15.681500000000003,8.476171467708756,0.3036543,0
54af5b628912da0d,27,0,0,137,6,7,1,21.46,2.74,6.29,True,0,Standard Complexity,1.5109268678528824,11.832,7.330148429602228,0.30363008,0
c0d41527dfe3c9d4,61,12,0,99,6,6,5,15.91,15.07,7.16,True,3,Critical Complexity,0.07810249676018911,4.4079999999999995,4.930859559955039,0.30361363,0
204a9f94be492684,37,2,0,137,1,6,3,25.28,5.57,6.35,True,0,Standard Complexity,1.9864037857389045,11.172941176470587,8.830138740303596,0.3032367,0
da8e04a72c94cb72,75,4,3,327,0,6,12,18.79,3.0,9.49,True,2,Standard Complexity,0.11401754250998958,8.006964285714286,4.735121027131369,0.3031605,0
5f3061b4b6d9a4bc,80,0,0,190,0,8,2,21.25,10.62,6.32,True,0,Standard Complexity,0.37643060449493077,11.880476190476191,4.444522731736802,0.30310297,0
1aeca8d005b708bb,32,3,0,189,2,11,8,23.71,8.34,10.31,True,0,Standard Complexity,0.1456021977850485,11.115263157894736,7.773633823732936,0.30305052,0
4b3232ea406c711e,31,69,0,122,1,6,0,19.47,14.22,7.08,True,3,Critical Complexity,0.0424264068701896,3.4020987654320987,3.8342780530076657,0.30300814,0
434065efa7cade86,38,1,0,327,5,18,8,24.6,2.5,6.31,True,0,Standard Complexity,1.8753666308218497,12.5825,5.822933109696521,0.3027336,0
eaf2616746dbcac2,24,2,0,473,0,20,5,21.31,3.5,6.35,True,0,Standard Complexity,0.8723531395024963,12.460588235294118,5.896819153116999,0.30265296,0
5f08cb9976ed36a3,51,5,4,282,1,8,5,23.89,20.83,7.14,True,3,Critical Complexity,1.6209873534361157,10.4212,5.986397795001598,0.30261874,0
2c6f8bea009f348a,38,5,0,80,0,3,1,22.26,20.32,6.34,True,3,Critical Complexity,0.18357559750674696,10.523333333333335,5.907301884579419,0.3024559,0
131043a4b498c25c,33,23,0,204,3,5,4,21.69,3.74,6.83,True,0,Standard Complexity,0.16124515496582612,6.284042553191489,5.862598966029239,0.30239072,0
f0e2122f440c6fee,32,13,0,615,0,13,16,21.53,9.75,6.77,True,0,Standard Complexity,0.14764823060219973,6.864799999999999,6.676521321766298,0.30231848,0
5043e793b12eec96,48,4,4,159,6,7,1,21.73,5.67,11.87,True,0,Standard Complexity,0.04000000000000625,9.40121212121212,5.792775938720287,0.30230218,0
5332c885d2e53e96,36,0,0,56,0,3,2,22.66,1.59,6.29,True,0,Standard Complexity,2.671872002922369,14.543125,6.201916758904057,0.30219394,0
c81cf0c6d773f7cc,25,0,0,69,0,4,0,24.06,9.4,6.29,True,0,Standard Complexity,0.3584689665784041,16.438636363636366,6.290170033440017,0.30197835,0
4131773c597c722c,40,5,1,207,0,4,3,22.41,16.04,7.74,True,3,Critical Complexity,0.042426406870993486,11.455357142857142,6.906103140464578,0.3019413,0
45f190c1fbde621f,52,6,0,70,0,4,0,23.08,8.18,6.55,True,0,Standard Complexity,0.5412947441087844,9.292439024390244,4.996991182744704,0.30194122,0
1559e4dcf4c41fb1,56,1,1,93,1,5,2,18.39,2.94,6.34,True,2,Standard Complexity,0.9343446901441499,10.75107142857143,4.893363829343422,0.30192024,0
3237cbd9adc11ef1,42,1,1,155,0,2,5,22.56,7.61,6.31,True,0,Standard Complexity,1.001698557451707,14.41962962962963,5.81879170445745,0.30189034,0
43e91162e13b2b9a,37,0,0,424,13,14,3,29.2,8.7,6.3,True,0,Standard Complexity,0.04242640687101359,11.002105263157894,6.447488763645945,0.30151594,0
b97be6344f8bbb87,49,3,0,46,6,0,0,13.44,10.0,6.15,True,2,Standard Complexity,0.9176055797561072,7.122222222222224,5.086091662078234,0.30134228,0
a507473d20c89b7c,43,3,0,146,6,1,7,18.42,12.31,6.74,True,3,Critical Complexity,0.3534119409416327,10.871500000000001,5.679306977968351,0.30104545,0
a5c8cd1bab4c5f33,24,4,3,492,5,16,10,26.99,13.21,6.31,True,0,Standard Complexity,3.2485381327606433,14.735000000000003,7.322865900724934,0.30099753,0
56dd08da78ce3262,51,4,2,198,4,4,9,20.59,9.56,6.31,True,0,Standard Complexity,1.1313708498983797,9.597441860465114,5.906778562872137,0.30077246,0
c99b640f3d512f94,46,7,0,207,7,6,6,30.56,10.71,7.88,True,0,Standard Complexity,0.32000000000005,9.401351351351352,6.372921669554864,0.30066958,0
35c02d0f7c247c65,39,0,0,81,0,5,0,22.04,8.12,6.29,True,0,Standard Complexity,1.5305227865025852,14.761538461538466,5.831578727381541,0.3006673,0
225762c377460e83,47,15,0,128,0,5,3,25.15,8.87,10.18,True,0,Standard Complexity,0.16763054614204617,8.642888888888889,6.208823335373341,0.30057806,0
c1810a1672fde4e4,32,5,1,273,1,5,9,25.0,7.87,8.91,True,0,Standard Complexity,0.35355339059286217,12.632758620689655,6.645284507311582,0.3005594,0
6ef8c11bd0ee4db1,40,11,0,277,0,9,7,21.87,12.72,11.54,True,3,Critical Complexity,0.13416407865006874,7.946363636363636,5.965457039150514,0.30044544,0
aab946dd9e6d99fe,61,11,1,155,1,5,3,16.98,7.02,11.72,True,2,Standard Complexity,0.13152946437953944,8.333709677419353,4.636303183144452,0.30039367,0
93a75020c186fdc4,22,27,2,14,3,1,0,16.83,15.81,8.35,True,3,Critical Complexity,0.2507987240802678,5.41,4.500587840392732,0.30038655,0
749258a0a26a8f85,76,0,0,184,1,15,2,18.78,12.71,6.33,True,3,Critical Complexity,0.7660939890124666,11.267368421052632,3.8634928866659712,0.30029473,0
95065dcff7877839,81,5,0,156,0,8,1,19.76,18.45,6.28,True,3,Critical Complexity,0.7962411694957651,6.518510638297873,4.766487612989302,0.3002709,0
d66f4bb185b65095,34,0,0,564,2,14,18,22.43,6.74,6.29,True,0,Standard Complexity,0.5508175741569842,13.581428571428573,5.573021994363548,0.30013967,0
dae574dbb9364966,98,1,0,160,7,4,5,17.95,7.27,6.28,True,2,Standard Complexity,1.9121192431430105,7.1285,4.514609922241345,0.30012253,0
70dc37e69bd0dd29,67,4,1,70,1,4,0,14.67,6.14,6.31,True,2,Standard Complexity,0.11401754251002946,8.87625,4.520398961467155,0.3000156,0
b2f52716b2c3bf21,32,3,0,342,3,9,8,29.8,11.02,6.3,True,0,Standard Complexity,0.09848857801807925,11.058518518518518,8.24331140928194,0.29982015,0
c4cbf54d416a2b65,30,3,0,257,6,7,6,22.06,12.29,7.72,True,3,Critical Complexity,1.126143862922678,12.49,7.717019502372661,0.29980853,0
a5e0edee597f8278,27,3,0,117,1,5,4,22.31,14.93,6.49,True,3,Critical Complexity,0.17262676501640736,14.274999999999997,7.388105643532718,0.29974088,0
530c67d70461a0f,34,3,0,245,2,7,4,35.24,7.19,6.47,True,0,Standard Complexity,0.1000000000003638,12.066190476190476,7.833766032339305,0.2997378,0
55a1a1be255e5adc,57,21,0,54,8,3,3,16.19,12.59,7.84,True,3,Critical Complexity,0.1400000000030559,5.0892682926829265,4.4553981455461535,0.2996691,0
cf2da771d937680e,42,5,0,178,7,3,0,18.94,10.31,7.76,True,2,Standard Complexity,1.6601204775556633,12.092500000000001,5.777833540062112,0.2995608,0
9aaed323b692e3ea,233,101,2,205,1,8,8,12.41,12.26,9.82,True,2,Standard Complexity,0.07211102550940339,2.4571074380165285,2.2819139559822714,0.29952186,0
368925524d677bc9,38,1,0,387,2,11,3,23.55,5.14,6.31,True,0,Standard Complexity,0.39446165846646886,14.159,5.674253166717185,0.29946682,0
27b102f821f43b98,70,4,4,182,0,8,4,18.61,6.73,6.36,True,2,Standard Complexity,0.6407027391854473,7.666585365853658,4.579923638598748,0.29937515,0
2e8667423602d82d,73,10,0,195,3,7,7,16.97,11.91,10.11,True,3,Critical Complexity,0.03162277660170896,8.792888888888887,4.497649075892487,0.2993346,0
bd50c36055c7a2dd,44,6,0,64,0,7,0,17.88,9.05,6.55,True,2,Standard Complexity,0.14317821063279212,9.451142857142857,5.257652801354596,0.29921305,0
cc26b658c84bce84,34,7,2,342,0,10,14,21.66,3.85,7.4,True,0,Standard Complexity,0.019999999999527063,9.61485714285714,7.225307653925718,0.29915679,0
f176ca59b10129c2,81,2,0,422,3,9,12,18.74,9.81,6.35,True,2,Standard Complexity,1.333041634758582,10.8415,4.551948785959702,0.29896146,0
22bba3731b1fd61b,75,56,1,59,6,13,1,13.0,11.97,9.8,True,2,Standard Complexity,0.09055385138149268,3.2311267605633804,3.027326971036588,0.29862303,0
88145682aa0664ef,46,3,0,143,2,6,0,32.83,7.02,6.3,True,0,Standard Complexity,0.2846049894156143,12.732631578947368,6.704904208354755,0.29850164,0
9675902da0662b98,63,2,0,129,4,10,2,23.5,11.71,6.31,True,0,Standard Complexity,1.1618089343781437,12.8454,4.805844446088533,0.2984997,0
fc3ad144f1569b16,18,3,0,491,11,8,5,27.16,6.24,6.29,True,0,Standard Complexity,1.249039631076393,15.33736842105263,7.562735401890164,0.29844734,0
22787b14b7538d73,46,6,0,153,2,4,12,25.34,7.27,6.52,True,0,Standard Complexity,0.693541635376072,10.188378378378376,6.610228974859573,0.29833478,0
ce0c7ade51359315,92,9,2,146,6,7,1,13.98,4.36,7.17,True,2,Standard Complexity,2.8533489096147524,6.069629629629629,4.489793760405252,0.29820046,0
db2bb3aca733ec7b,48,12,2,112,2,5,0,23.82,10.91,6.84,True,0,Standard Complexity,0.0640312423744123,6.680344827586207,5.959783890295434,0.29811147,0
d3d52097df8ef682,74,1,0,173,0,6,10,20.25,4.38,0.07,True,2,Standard Complexity,6.95,9.21,8.080423875020418,0.29798734,0
e0fa12a1da2015aa,46,0,0,104,0,4,0,25.1,14.12,6.32,True,3,Critical Complexity,0.5590169943750399,13.467222222222222,5.562837810521968,0.29798335,0
c7da070640854e64,43,2,0,437,0,7,9,23.48,6.98,6.34,True,0,Standard Complexity,0.878009111569735,13.177419354838712,6.884578825050597,0.29794234,0
c731d154f932b5f8,33,1,0,326,5,8,4,22.15,2.49,6.29,True,0,Standard Complexity,0.742495791233803,12.588999999999999,6.945759785653403,0.29779917,0
8219cb5d5c07a5d7,31,1,0,110,9,0,8,22.84,1.71,6.23,True,0,Standard Complexity,26.051015335299677,11.776666666666666,8.1492549079996,0.29768425,0
8630908d70f4f5c2,62,0,0,387,3,7,8,21.31,8.38,6.32,True,0,Standard Complexity,0.2879236009777502,11.392249999999999,4.6737808503929665,0.29766032,0
e4694e80ad7e1c2f,32,2,0,100,2,4,3,28.95,12.26,6.3,True,0,Standard Complexity,0.5243090691562324,14.30625,7.22741701929765,0.29744604,0
d797d64b7cfa1de6,62,1,0,136,0,6,0,24.85,16.17,12.59,True,3,Critical Complexity,0.1526433752247439,15.061186440677965,4.599142913795032,0.2974311,0
6b1af5d08d780a9d,39,3,0,92,2,4,5,24.85,10.13,6.27,True,0,Standard Complexity,0.8732124598289823,17.797857142857143,5.766839332281917,0.29705337,0
4165ea69bb0ba463,29,10,0,299,1,12,14,23.72,10.67,11.51,True,0,Standard Complexity,0.2300000000000182,11.789642857142857,6.184096239631173,0.29698578,0
70670fc67b3fdb6e,77,34,5,143,2,6,2,16.2,9.62,9.51,True,2,Standard Complexity,0.029999999998835847,4.36828125,3.7037799757002894,0.29695165,0
2890133001f72bbc,99,9,0,314,5,10,2,13.01,12.08,6.35,True,2,Standard Complexity,0.042426406870993486,6.1420689655172405,4.221335284178533,0.29667616,0
a5f57e643dd376e2,26,9,4,323,18,9,2,19.69,15.65,7.03,True,3,Critical Complexity,0.022360679775485982,3.9668421052631575,4.491460965726876,0.29653558,0
b8085e92882447d2,118,7,1,100,0,7,1,14.08,11.57,6.53,True,2,Standard Complexity,0.18867962264117738,7.805777777777777,4.02122562239087,0.29648882,0
8305b44ea857c39f,84,5,1,183,0,7,10,19.33,7.57,6.86,True,2,Standard Complexity,0.06324555320331006,11.81467741935484,4.545810448960363,0.29633012,0
d7cf025a6abb5c1a,74,6,3,151,3,4,2,18.83,6.01,9.44,True,2,Standard Complexity,1.6641213898032516,7.854482758620688,4.667400211301936,0.29619807,0
b434c4b96e166b46,48,0,0,104,4,3,0,22.87,5.79,6.29,True,0,Standard Complexity,6.103785710524156,14.564583333333333,6.4142633892278615,0.2958114,0
2bd4cf89bba39624,75,15,2,165,2,9,6,14.99,5.58,7.3,True,2,Standard Complexity,0.11401754250959821,5.344418604651163,4.473760346590286,0.29570985,0
121c5c533f9bf4ed,50,1,2,118,7,4,1,26.45,10.8,6.33,True,0,Standard Complexity,0.4640043103248409,12.0375,5.794643970944202,0.29569393,0
e9ec76c0cc7ac1b6,59,2,0,220,2,12,3,17.9,7.91,6.3,True,2,Standard Complexity,2.8490349243208537,8.913333333333332,5.9242662461739135,0.295653,0
f0d181cdb2e71104,44,1,0,69,0,4,0,23.4,7.49,6.5,True,0,Standard Complexity,0.8158431221747724,12.901951219512195,6.407896127287666,0.29564327,0
ef4e6f06baa20350,39,0,0,211,2,3,8,32.76,9.26,6.27,True,0,Standard Complexity,4.665125936135375,17.83529411764706,6.307437363142451,0.29562452,0
c9c3602422b7bede,61,2,0,89,0,1,0,24.32,8.79,6.29,True,0,Standard Complexity,0.1264911064067999,13.22813953488372,4.807733235554043,0.29554716,0
ff7d286e6b51188,30,0,0,143,1,6,5,23.69,9.65,6.29,True,0,Standard Complexity,1.3792751719658198,15.950000000000001,6.9663141856604005,0.29551747,0
5051efb918d3e361,54,12,0,197,0,9,5,15.48,6.2,6.47,True,2,Standard Complexity,0.667532770731022,5.795517241379309,5.167115907489097,0.2954285,0
66471eb3015bb9c5,107,1,0,181,7,10,4,14.04,7.6,4.13,True,2,Standard Complexity,5.499254494929483,6.241999999999999,4.776448052685175,0.2954146,0
9557d8f4e676290,49,3,0,133,4,11,0,19.3,4.77,6.3,True,2,Standard Complexity,1.2757742747051741,12.06103448275862,5.426869514089027,0.29525927,0
bbec07673f83c808,48,11,3,339,2,8,4,19.72,3.38,8.59,True,2,Standard Complexity,0.03605551275517466,8.743488372093024,6.527988715406105,0.2951866,0
fd8859410dcdc0ce,28,3,0,376,0,9,8,23.96,13.76,6.32,True,3,Critical Complexity,0.34205262752979426,9.738846153846156,6.4186850599954095,0.29513675,0
5041dbb5a2b20e7a,47,16,0,275,2,8,4,22.51,1.94,7.35,True,0,Standard Complexity,0.009999999999990905,9.5324,7.160423328267681,0.2951244,0
dc354e7d20ac1f4b,32,0,0,232,6,12,4,23.02,7.2,6.29,True,0,Standard Complexity,1.0806016842481878,14.007894736842104,5.722763023269319,0.29494298,0
1585101b2289772,25,4,0,566,0,11,28,23.33,5.99,6.77,True,0,Standard Complexity,1.7616185739257477,10.988888888888887,6.6435765876930475,0.29491895,0
b1128b1ac9f4e56a,30,1,0,95,6,5,0,17.65,4.5,6.25,True,2,Standard Complexity,0.49999999999954525,9.549999999999999,6.574548722847136,0.29489532,0
32a25985e7e620e6,10,1,0,208,6,5,14,33.73,11.52,12.58,True,1,Critical Complexity,7.2003124932185765,13.160909090909092,9.62837893893544,0.29456174,0
503b747d4b14f31c,52,58,1,212,9,14,9,13.39,12.7,6.72,True,2,Standard Complexity,0.28017851452241854,3.6656410256410257,3.4475470989302726,0.29454944,0
c02d15833e43f07c,48,3,2,321,2,16,3,22.76,9.54,6.31,True,0,Standard Complexity,0.6628725367671726,9.654615384615385,4.870092320587502,0.29451242,0
9fd19f5d6acc208c,79,7,0,43,5,6,1,14.51,9.46,6.93,True,2,Standard Complexity,3.6090164865239447,6.544666666666667,4.652071748754049,0.29448578,0
b459e8063ae6d5,47,1,0,196,3,11,3,22.4,8.03,12.56,True,0,Standard Complexity,0.9712363255153331,12.950714285714286,6.833540668001068,0.29441822,0
74bb197db4852d52,44,0,0,112,3,3,1,21.41,14.95,6.32,True,3,Critical Complexity,0.7083784299369607,11.685454545454546,6.2944381851056175,0.29440138,0
f890bc24c8909e63,44,1,2,533,4,14,7,24.52,10.92,6.31,True,0,Standard Complexity,0.9708243919472863,13.071904761904761,7.047328179325849,0.2942649,0
f47981c283f45508,175,31,0,133,0,5,3,14.4,5.07,6.6,True,2,Standard Complexity,0.1565247584250463,2.8551063829787235,2.891520157022928,0.2942196,0
3db46659ae514ab4,47,14,0,234,1,10,3,22.85,14.38,6.46,True,3,Critical Complexity,0.1360147050873394,7.487045454545455,5.394055894958253,0.2939798,0
42a04bb8b5363530,62,14,3,157,3,5,4,15.67,10.93,6.66,True,2,Standard Complexity,0.09899494936570506,7.998909090909091,4.7134815053022585,0.29383603,0
ef170734426ec7d2,37,11,2,58,0,2,0,14.63,6.39,6.34,True,2,Standard Complexity,0.2973213749464056,8.099767441860466,5.144873487436855,0.29381418,0
842e60a432685f6,35,6,0,139,2,2,9,22.68,12.06,6.39,True,3,Critical Complexity,0.09219544457129131,8.292,6.677316027666605,0.2937598,0
61e9efe97399f0e9,34,5,1,107,5,4,6,23.22,9.96,7.35,True,0,Standard Complexity,1.1900000000001347,14.465714285714284,7.257684906640797,0.2936863,0
71354f1f80728845,86,23,0,90,9,16,1,13.56,7.41,10.93,True,2,Standard Complexity,0.14866068747269806,3.943157894736842,3.426358436148208,0.29367042,0
446fd1c05fbf3518,80,3,0,135,4,9,7,18.97,4.64,6.26,True,2,Standard Complexity,9.9811923135466,9.232222222222223,6.070707038773762,0.29365373,0
7c8390041fa15028,36,13,0,74,0,4,3,19.66,11.74,6.8,True,3,Critical Complexity,0.050000000000386534,7.181749999999999,5.848946865675906,0.29363075,0
f04d67ca67c77e95,39,5,0,343,3,14,4,22.26,9.98,6.76,True,0,Standard Complexity,0.07999999999992724,12.2325,5.916614635921458,0.29351622,0
a44d5dd7b8600aff,52,1,0,375,2,10,12,19.97,5.97,6.3,True,2,Standard Complexity,2.3721720005091163,10.531875,5.290937675344041,0.29328075,0
8cd2fd034513d945,46,1,0,233,2,12,8,24.86,11.2,6.3,True,0,Standard Complexity,2.4807257002740246,9.561764705882352,8.160721014349678,0.29312968,0
704b438a3beaef78,77,1,0,282,3,10,11,21.93,6.6,6.35,True,0,Standard Complexity,0.19798989873205325,12.946200000000001,4.266429837698025,0.29308486,0
bd98eec99b15cd91,71,2,0,294,1,8,6,22.84,10.21,6.33,True,0,Standard Complexity,0.9234717104486515,13.625000000000002,4.2987944467783255,0.2930041,0
e32706eea2ca69fe,53,0,0,61,1,4,5,20.32,8.7,6.3,True,0,Standard Complexity,10.316171770574856,9.38,5.827406512906635,0.29292607,0
706aedd6a417fb8,50,0,0,179,2,9,7,26.61,5.97,6.44,True,0,Standard Complexity,1.1868024266916788,10.918000000000001,6.145961926338301,0.29288995,0
a84cb3685b772a00,40,18,5,94,4,5,2,21.52,5.88,9.79,True,0,Standard Complexity,0.014142135623396534,6.722894736842105,5.470011983001758,0.29269394,0
52cbb274ff738b09,48,4,0,507,2,13,10,23.96,19.6,6.29,True,3,Critical Complexity,0.1552417469629131,8.20774193548387,5.39310653769709,0.29257536,0
817986391dd95dd6,50,7,1,113,0,3,0,15.95,3.54,6.36,True,2,Standard Complexity,1.8228000438885201,6.446956521739129,5.663075239834156,0.29238537,0
8963712bf4ec449b,50,4,0,485,3,11,11,21.75,17.03,6.46,True,3,Critical Complexity,1.594521871909684,10.978684210526318,5.384890250092398,0.29237932,0
2df5aa3f6833bd1c,50,10,0,310,9,9,8,18.24,17.72,8.08,True,3,Critical Complexity,0.08485281374198697,3.8354999999999997,5.001708183211012,0.29236916,0
ec9d53e751649f71,38,10,2,65,2,4,1,27.33,12.93,6.37,True,0,Standard Complexity,0.02236067977497756,6.7735714285714295,5.669750696387246,0.2923641,0
21c12af5c042ab9d,39,9,0,81,0,6,0,25.31,5.87,6.63,True,0,Standard Complexity,0.009999999999990905,10.0084375,6.907937965384008,0.29235372,0
e92e70497c286a42,42,0,0,82,4,8,0,17.3,6.59,6.28,True,2,Standard Complexity,0.20099751242235944,9.797272727272729,5.520406919963732,0.29212663,0
ace5705dc6d9f3b7,61,22,2,48,6,5,3,22.81,20.56,6.68,True,3,Critical Complexity,0.22671568097520742,4.286341463414634,4.4135615595004785,0.2921147,0
3b6dec9d087f8277,26,0,0,57,1,1,2,31.82,10.48,6.31,True,0,Standard Complexity,0.18027756377350215,16.291153846153847,5.823096801612244,0.29202726,0
37f016b57f1a8770,26,2,0,366,3,10,10,22.18,11.7,6.93,True,3,Critical Complexity,0.9533624704172773,12.680769230769233,7.5471232028537365,0.29199058,0
1aab9cfb422bd33b,36,13,2,217,0,6,0,24.32,2.02,6.33,True,0,Standard Complexity,0.5000999900019993,8.081612903225807,7.19842863532716,0.29177314,0
58cbdfb760fd6cf5,76,0,2,122,0,5,0,20.67,7.74,15.98,True,0,Standard Complexity,0.1063014581272966,12.37294117647059,3.850393432465712,0.29172638,0
1029680a6e4628c3,27,5,0,368,3,10,6,23.12,6.74,6.28,True,0,Standard Complexity,0.07071067811868591,14.073571428571427,7.052036288642206,0.2916062,0
90fb87f35670800b,43,27,1,171,0,10,2,16.7,16.4,7.52,True,3,Critical Complexity,0.036055512754607104,6.4991071428571425,5.379138365941983,0.29155055,0
dec3829455ed1e12,72,0,0,271,2,13,3,18.17,15.36,18.84,True,3,Critical Complexity,0.36124783736425226,11.55794871794872,3.7143037305124036,0.29145715,0
6e24165bc5fe8bf8,22,0,0,275,8,2,5,25.41,25.09,6.31,True,1,Critical Complexity,0.8260750571222354,10.820769230769232,6.601143795455756,0.29139194,0
5aab60f586134078,48,12,1,115,3,10,1,19.03,7.51,6.31,True,2,Standard Complexity,0.028284271247516566,8.578095238095239,5.275965376838287,0.29130954,0
6a448eea287d72f5,25,0,0,40,6,0,0,15.43,14.67,1.6,True,3,Critical Complexity,0.3330165161071025,8.518888888888888,5.033318861887462,0.2911789,0
fa4fefeda8ff046e,50,1,0,151,2,9,4,24.97,7.69,6.31,True,0,Standard Complexity,0.5263078946774717,11.832105263157894,5.241262984542007,0.29108766,0
fff06fa3f7876ddf,98,3,3,161,1,9,3,19.38,4.3,6.31,True,2,Standard Complexity,0.020000000000436557,11.141044776119402,4.4154951495733235,0.2910673,0
3a9689e7f0b29122,49,2,0,189,1,10,4,27.05,19.02,6.3,True,1,Critical Complexity,0.41048751503535175,12.29838709677419,5.03905655325779,0.29103357,0
67023740fda371e8,53,4,0,105,0,13,0,18.05,6.87,6.44,True,2,Standard Complexity,0.5515432893255126,8.504074074074074,4.985565281861047,0.2907368,0
56097a3aeb8e0b9f,32,3,3,642,1,11,17,25.23,3.85,6.32,True,0,Standard Complexity,0.17204650534027316,12.051874999999999,6.736594761775047,0.2906365,0
ae0472e672b6677a,44,0,0,213,0,6,2,26.9,8.19,6.42,True,0,Standard Complexity,0.49030602688526714,11.389333333333335,6.320943987165911,0.29063,0
11f3db46476451ad,19,2,2,94,3,3,3,28.61,17.97,6.29,True,1,Critical Complexity,1.0580170130949047,14.918823529411766,8.108984764447063,0.29062656,0
4584ccc9f347e736,39,2,0,112,0,5,0,21.08,16.27,6.31,True,3,Critical Complexity,0.5544366510244427,10.501724137931035,6.285971282020216,0.29062358,0
873ee2afe3bed8b6,48,0,0,35,2,2,3,19.0,4.05,6.32,True,2,Standard Complexity,0.2701851217221074,12.42093023255814,4.865873957186471,0.29059154,0
c5015cbad6d6665d,47,46,5,60,0,2,1,15.72,12.01,10.86,True,2,Standard Complexity,0.08999999999832653,5.327903225806451,4.625517630003529,0.2904663,0
77d622c753842130,25,8,0,215,0,8,4,26.11,4.14,6.38,True,0,Standard Complexity,0.06403124237427026,10.275925925925925,7.703569763792896,0.29041886,0
1018094c4acb17a4,49,2,0,330,1,9,7,23.15,9.43,7.31,True,0,Standard Complexity,1.1700427342619553,10.975925925925926,5.5089538290685764,0.29039815,0
32f0af426a7bc287,50,4,1,193,1,9,7,22.61,19.68,7.25,True,3,Critical Complexity,0.13038404810414367,8.349999999999998,6.221850548062388,0.29029208,0
1d3217b9a667604f,62,5,0,162,2,13,2,17.65,8.24,6.9,True,2,Standard Complexity,0.8549268974595978,10.261851851851851,4.692593878803647,0.29010132,0
873c60afd7a1da33,45,3,0,162,0,8,2,22.07,8.15,8.05,True,0,Standard Complexity,0.7839005038904061,9.898965517241379,6.288451563602638,0.28997502,0
25ddd32140e2b9d7,40,4,0,286,2,4,9,23.15,6.09,12.57,True,0,Standard Complexity,0.06324555320331006,10.192692307692308,7.603005254853205,0.28991008,0
269ec35502bbb5ab,34,1,0,175,3,5,2,27.22,13.02,6.64,True,0,Standard Complexity,0.7355270219369162,12.254705882352942,7.395081925049965,0.2899084,0
fe962c336b9b3db9,58,16,6,242,1,7,2,15.28,2.5,6.33,True,2,Standard Complexity,0.10295630140957761,6.331282051282051,4.942370021889052,0.28984034,0
f581f390bc4934e1,34,3,0,162,0,4,7,20.34,2.08,6.28,True,2,Standard Complexity,0.9679876032262433,11.830434782608696,7.119188692333631,0.2897999,0
235ce6e670d636df,50,0,0,556,2,11,27,25.92,8.82,6.32,True,0,Standard Complexity,3.522740410532256,14.700999999999999,6.1219995916367065,0.2892217,0
c85981897c8d8750,54,2,0,181,2,11,2,21.32,11.71,6.38,True,3,Critical Complexity,0.3720215047549283,9.985652173913046,4.877312897119511,0.2891986,0
6ebbd3c826cf9eda,25,1,0,91,2,4,3,22.65,2.77,6.3,True,0,Standard Complexity,1.6552039149302553,13.435625000000002,6.9974030618062155,0.28905293,0
fda650cc0f3985c6,25,4,0,140,1,0,13,32.47,9.54,12.65,True,0,Standard Complexity,4.52447787042874,11.282222222222222,9.140170528165797,0.28904074,0
d4ad9395782cca91,47,6,0,152,5,10,4,21.33,5.82,6.28,True,0,Standard Complexity,0.08062257748277116,8.4815,6.827582496755349,0.28900814,0
7a38774810382dbe,34,2,0,190,1,4,13,21.47,1.97,6.31,True,0,Standard Complexity,2.186801316993643,11.9225,7.76777652120176,0.28896257,0
f507dd1480ee6049,47,7,0,169,1,9,2,21.34,2.1,6.75,True,0,Standard Complexity,0.31064449134012573,7.493888888888888,6.768529414289248,0.288828,0
c128775c26eacc49,28,0,0,165,6,0,9,34.17,26.05,9.43,True,1,Critical Complexity,1.0171037311898992,18.80962962962963,4.497469643717356,0.2887943,0
63886e1fd4dff7e7,47,15,1,185,2,7,1,17.56,6.71,6.56,True,2,Standard Complexity,0.12041594578781344,6.615641025641025,5.9850702263822395,0.28879085,0
d961f8e6632059,99,6,4,125,3,8,5,19.05,6.31,6.45,True,2,Standard Complexity,0.11180339887509116,9.865581395348839,3.906609070462683,0.28872478,0
679729e9c034b1e,46,4,0,494,5,12,7,22.64,5.86,6.3,True,0,Standard Complexity,1.4549914089093963,11.343684210526314,7.476684257023589,0.28845924,0
7aedfdbb1aad4cdd,50,3,1,223,3,12,2,21.76,7.17,6.38,True,0,Standard Complexity,1.7745985461505644,8.28090909090909,5.638805409506608,0.2883229,0
4b6d99bbed70c933,172,25,0,287,5,5,1,15.91,15.39,7.22,True,3,Critical Complexity,0.036055512753787294,3.4740425531914894,3.233949340761966,0.288265,0
98183fd6aa57524b,43,2,0,371,1,17,8,20.76,5.02,6.28,True,0,Standard Complexity,1.98927122333767,12.072333333333331,5.692899485811739,0.28802225,0
3e93a6d6e27b7e87,44,5,0,95,9,4,7,18.98,18.0,6.74,True,3,Critical Complexity,0.6262587324741963,6.730869565217392,5.197134589320206,0.28801003,0
c0a37d4660ae5beb,36,0,0,47,2,0,3,18.9,18.65,6.36,True,3,Critical Complexity,20.760828499845577,8.452,6.455259561009146,0.287957,0
237d3ee37994d777,49,7,0,613,3,17,15,22.27,4.53,6.3,True,0,Standard Complexity,0.00999999999839929,10.470270270270273,6.050161260520691,0.28793478,0
c27c9a41e8537861,59,67,0,141,3,19,0,13.17,10.18,8.65,True,2,Standard Complexity,0.04472135954924333,3.5248780487804883,3.043728956516604,0.28782994,0
a7c796ab3e3d7242,37,1,0,29,0,2,3,19.3,6.84,9.38,True,2,Standard Complexity,1.394740119162016,8.856216216216216,5.720698479065794,0.28782314,0
86711864f09c6686,50,0,0,225,0,11,1,24.05,7.19,6.31,True,0,Standard Complexity,2.2980426453832816,12.060810810810809,5.5901493372588975,0.28763354,0
d169189ec4abf75b,29,6,0,79,7,2,5,18.0,17.66,8.89,True,3,Critical Complexity,0.07000000000016371,6.795833333333334,6.0157480254375315,0.28729767,0
b370407decb46523,41,0,0,168,9,3,1,18.62,1.92,6.3,True,2,Standard Complexity,17.875681805178793,8.600000000000001,5.969976397090543,0.28725198,0
12e709bc125b8e8a,66,6,0,54,5,4,2,14.34,5.78,6.49,True,2,Standard Complexity,0.21023796041680898,8.217000000000002,4.353954639175746,0.28721103,0
42ecd2b8c0ad181e,36,3,0,191,4,4,6,23.91,10.13,6.57,True,0,Standard Complexity,0.22135943621180093,15.053142857142857,6.127441214465847,0.28717807,0
88f90507aa406ca7,50,1,1,620,3,15,10,30.16,12.01,6.31,True,0,Standard Complexity,4.560317971369927,14.835714285714284,8.779007195972605,0.28712523,0
50caece4f55efb1a,30,0,0,84,2,2,1,22.06,6.64,6.3,True,0,Standard Complexity,0.5522680508591818,15.406875000000003,5.304980818473805,0.2870711,0
bbe7fc8581ca12ad,31,0,0,476,0,11,9,21.17,13.23,6.31,True,3,Critical Complexity,0.4299999999999997,16.05521739130435,5.301172855924733,0.28703028,0
d48f2d6d931c8258,26,1,0,69,0,4,0,28.26,14.62,6.31,True,1,Critical Complexity,0.5852349955366495,9.543333333333335,5.9268025856180575,0.2869305,0
39129d219c7a440c,44,0,0,91,2,2,2,23.33,6.76,6.39,True,0,Standard Complexity,0.8246211251230688,11.90192307692308,6.082689827086729,0.28683132,0
4781dfab099d192d,58,4,3,83,0,5,1,17.42,16.94,6.32,True,3,Critical Complexity,1.1774548823627962,7.026428571428572,6.0763553539728985,0.2865606,0
99ff08df07baf0e0,46,9,0,208,8,15,7,15.67,4.63,6.32,True,2,Standard Complexity,0.49193495504996393,8.462941176470588,5.1118792040246595,0.2864095,0
34a5b846186d7b49,48,0,0,223,1,12,3,24.38,7.36,6.3,True,0,Standard Complexity,3.3203162499978833,16.056818181818183,5.568153265232914,0.2862614,0
eb9572cff33da1a2,23,1,0,40,0,3,0,19.63,6.29,0.33,True,2,Standard Complexity,0.7910120100235201,9.994736842105262,5.347749520195193,0.2862305,0
1ce8638281324567,34,4,0,340,3,9,6,26.35,8.91,6.65,True,0,Standard Complexity,0.37121422386541403,14.075172413793105,6.048794477038039,0.28612986,0
a48649ae483442c3,48,10,5,130,5,6,0,20.71,6.6,7.46,True,0,Standard Complexity,0.03000000000020009,9.313513513513515,6.23883184501377,0.28611803,0
d8b4bd0913bc60aa,33,5,1,285,2,9,0,24.24,13.33,6.29,True,3,Critical Complexity,1.1100450441310705,9.321000000000002,7.31693849912653,0.28611696,0
133704c71cf909a7,62,2,3,145,5,7,2,20.47,2.7,6.32,True,2,Standard Complexity,3.322002408186946,11.774571428571427,5.678118573137783,0.28583038,0
4c94b1549ff8aa06,21,1,0,173,5,9,1,35.61,35.14,6.3,True,1,Critical Complexity,9.646413841423128,17.98,7.339550394949271,0.28578526,0
e2d35d0170259906,151,33,0,58,11,5,0,13.45,8.64,6.8,True,2,Standard Complexity,0.23086792761277597,2.6978048780487804,2.7425157688544344,0.28573796,0
a4fed8ed2ab6f445,37,3,0,134,1,4,11,22.52,4.44,6.3,True,0,Standard Complexity,0.9118113840043842,14.384375,6.416461708712599,0.28570363,0
f04219ef84a3948a,48,4,0,146,1,8,4,22.16,8.74,6.32,True,0,Standard Complexity,0.282842712474615,9.04029411764706,5.737587874654048,0.28553712,0
213e2fade0a7e8c7,49,6,0,413,2,8,5,17.85,4.44,6.36,True,2,Standard Complexity,1.163486140871331,8.1888,5.336826262864475,0.28526223,0
5d096f22d70deb60,58,0,0,48,4,5,2,18.28,5.17,6.31,True,2,Standard Complexity,3.515238256505529,9.051250000000001,4.977555719175829,0.28524977,0
796df3e9ff86e29e,28,3,0,189,2,6,3,28.53,12.13,6.82,True,0,Standard Complexity,0.06324555320350779,14.030909090909091,7.871763640374205,0.28518304,0
7eb68b5347603703,33,6,0,141,2,4,2,20.19,2.83,6.31,True,2,Standard Complexity,0.2954657340538684,9.10578947368421,6.740210301099446,0.28517437,0
31d5ebbe92831744,51,0,0,90,4,1,5,19.44,18.92,9.42,True,3,Critical Complexity,0.1886796226413461,10.018095238095238,4.627328365315511,0.28497604,0
5f3666acd5995101,47,2,0,171,0,4,1,29.94,7.76,6.31,True,0,Standard Complexity,1.4603081866510592,11.021176470588234,6.952089725909285,0.28488055,0
9fbdbcbd037106c3,26,4,0,69,0,4,2,25.92,13.37,6.33,True,3,Critical Complexity,0.6082762530297902,11.407083333333334,6.432253673976866,0.2847926,0
68ffa1f8563c1cc6,44,4,1,373,0,8,15,23.94,4.47,6.35,True,0,Standard Complexity,0.2961418578991981,10.795238095238094,6.123558815130159,0.2847275,0
cc47501719497d8f,67,6,0,134,0,8,7,17.92,6.71,9.26,True,2,Standard Complexity,0.5020956084251088,7.642,4.56807418003317,0.28471565,0
aa45ad4f3ddc0afa,40,2,0,480,5,13,11,28.16,12.84,6.34,True,0,Standard Complexity,1.1321660655572117,12.738529411764704,7.094120652862498,0.28458384,0
ab65481b5e1ebb60,19,3,0,125,6,4,6,22.53,3.9,6.81,True,0,Standard Complexity,1.6844286865285378,9.895624999999999,8.505736276735542,0.28445813,0
643d922adeed61db,21,1,0,147,3,1,8,25.64,5.93,6.33,True,0,Standard Complexity,4.2502705796219855,17.45894736842105,7.107110520077645,0.2844358,0
56d5f085efdc2737,78,6,3,20,4,4,0,15.75,5.23,6.32,True,2,Standard Complexity,0.6095900261650535,7.817241379310344,4.540443466531712,0.2840488,0
15f026ca2edb129d,37,1,0,73,4,2,0,20.17,2.71,6.3,True,2,Standard Complexity,1.6043067038441678,12.414838709677419,5.66404384834024,0.28392807,0
cbeb1234d7be2af9,45,5,2,159,1,8,2,23.84,15.93,6.53,True,3,Critical Complexity,0.5366563146004782,8.255925925925927,6.9599405378788495,0.28383237,0
606d9d6e55d3113,48,1,2,286,1,7,12,20.41,6.02,8.41,True,0,Standard Complexity,0.036055512754417915,10.837586206896553,6.3808926276287545,0.28382778,0
4b0e7f264e9cb9b1,78,6,4,112,3,6,0,19.01,9.87,9.47,True,2,Standard Complexity,0.060827625302889494,7.820681818181817,4.551361133934288,0.2837169,0
673a4a3216e870f6,25,2,0,160,4,5,5,33.27,11.86,6.33,True,1,Critical Complexity,0.3501428280005953,12.986,6.596381432270272,0.28369978,0
a8703a700ef03bb6,54,2,0,57,0,4,0,15.07,2.86,6.3,True,2,Standard Complexity,2.284228534976397,7.59,5.633883754023166,0.28346565,0
212ecce0d9b0c89f,48,0,1,240,2,5,3,20.89,5.61,6.36,True,0,Standard Complexity,0.490407993409035,12.925135135135136,5.10583218281171,0.28339803,0
a4a4642d99a1db1a,27,10,0,347,1,7,10,24.13,5.68,6.65,True,0,Standard Complexity,0.14035668847743132,8.955555555555554,7.515454365571496,0.2832341,0
677e0b32459ef10a,40,3,1,140,0,1,0,24.01,4.67,6.31,True,0,Standard Complexity,0.11180339887498948,10.58090909090909,5.6913953466382505,0.28304887,0
bff67645dd87e49c,35,3,0,132,5,2,11,27.63,5.59,6.29,True,0,Standard Complexity,1.0378824596259664,11.899130434782606,7.29133608144296,0.2830467,0
e6eb59b5d483d6c0,46,0,0,218,0,11,3,29.42,14.43,6.3,True,1,Critical Complexity,0.4143669871020342,14.130952380952381,5.099989640290043,0.2829788,0
dec9225e0cd6b2cb,54,1,0,178,0,6,7,17.41,5.64,6.34,True,2,Standard Complexity,0.35440090293362925,10.372258064516128,5.117111527513897,0.28291216,0
5d7142db6fa89904,57,0,0,86,3,5,1,28.04,2.56,6.32,True,0,Standard Complexity,1.6457521077003345,11.235686274509803,4.818146765564276,0.28279933,0
b1726afb06f73e8d,50,1,0,75,0,4,4,18.17,13.4,6.32,True,3,Critical Complexity,0.22022715545526245,8.776923076923078,5.093549290887271,0.28276458,0
1ca19a93d0eb9e03,46,12,3,90,2,4,0,24.85,6.98,6.46,True,0,Standard Complexity,0.08062257748291217,8.668085106382978,6.207028150479263,0.28275284,0
497987b5eee2cdff,70,11,3,151,4,5,4,16.66,13.49,6.82,True,3,Critical Complexity,0.13038404810415674,7.541555555555554,4.406034728039641,0.28269452,0
dbd4b6e4603faf1a,24,6,0,66,7,5,4,16.93,13.5,6.28,True,3,Critical Complexity,0.6435060217277597,7.775833333333334,5.925452807357613,0.28269354,0
a32773b7382047d3,27,2,0,240,0,15,2,25.35,10.99,12.58,True,0,Standard Complexity,3.1126997927842943,14.420476190476192,7.042587779388021,0.2825156,0
844ed3687195c591,39,2,0,85,3,4,4,23.84,8.59,6.28,True,0,Standard Complexity,0.05099019513610443,15.633076923076924,6.448827821870741,0.28243986,0
f2cce9d123e11c7f,25,2,0,262,0,5,10,24.96,19.68,6.26,True,3,Critical Complexity,2.0787015177750394,14.212,6.596223768187371,0.2822325,0
b5e624884e1ed38b,40,4,1,326,2,6,2,21.82,9.27,6.3,True,0,Standard Complexity,0.02999999999974534,13.438620689655174,6.964272729382955,0.28221938,0
3a9ea173562aa783,24,0,0,143,4,5,4,22.94,3.07,12.56,True,0,Standard Complexity,9.530047219190442,16.134545454545453,8.817629411001127,0.28220448,0
e2fcd575c392297a,62,4,0,102,0,4,1,17.6,5.58,6.34,True,2,Standard Complexity,0.1769180601295475,9.46046511627907,4.6397212995130666,0.28220198,0
2a343a64ed66e9b7,102,20,2,167,0,7,5,13.79,7.73,6.76,True,2,Standard Complexity,0.02236067977497756,5.781428571428571,3.995200238199665,0.28213546,0
95c46f59dbc9165d,19,3,0,78,1,3,4,23.04,3.83,6.78,True,0,Standard Complexity,4.85685083155737,11.869285714285713,9.203723209569448,0.28203738,0
a49622f80cdc8238,105,14,5,95,0,12,0,15.71,5.18,7.42,True,2,Standard Complexity,1.1175866856759935,6.125306122448979,3.9976769284994,0.28194392,0
3c0058bb2d275025,70,5,0,311,16,32,9,19.29,7.46,6.3,True,2,Standard Complexity,3.2015621187164682,11.259318181818182,5.1860684871399245,0.2818111,0
66111092cfa97217,51,3,2,379,0,7,7,27.94,8.78,6.92,True,0,Standard Complexity,0.23706539182289627,9.77288888888889,4.943591417053541,0.28163671,0
bb77fba61776a4e5,47,4,0,390,3,11,12,22.47,4.78,6.32,True,0,Standard Complexity,0.1746424919657923,10.815416666666666,6.199723434131737,0.28150266,0
ff9fe5042c2cf24b,28,0,0,199,0,10,2,27.86,4.58,6.28,True,0,Standard Complexity,0.6529931086926271,18.34777777777778,6.078198644782193,0.28147036,0
708f2f97efc61459,33,4,4,64,1,0,0,19.09,8.7,6.3,True,2,Standard Complexity,0.39051248379544623,10.196969696969697,5.353966801749264,0.28144914,0
10bb7e015f22a86c,36,2,0,259,4,7,2,31.06,12.42,6.3,True,0,Standard Complexity,4.845172855533898,17.02086956521739,7.375155068697511,0.28135297,0
558f61876e1915eb,41,1,0,185,1,4,14,26.77,4.07,6.3,True,0,Standard Complexity,0.24020824298998597,13.755789473684212,5.99661950013196,0.2812966,0
7386dddd5be186b4,44,5,0,169,5,4,6,20.08,1.28,6.24,True,2,Standard Complexity,1.8200274723201295,8.931818181818182,8.555072730344705,0.28124654,0
e1fc111b42dfd255,27,3,0,160,0,8,2,19.76,17.96,7.84,True,3,Critical Complexity,0.2941088233976532,11.997857142857143,6.892323036301671,0.28122237,0
8a08ec46c15069f0,32,0,0,731,2,18,10,18.93,17.55,9.33,True,3,Critical Complexity,1.8200274723198397,12.04625,6.460197244473268,0.28096768,0
af281c13dd4e5b52,55,1,0,415,6,10,7,21.64,11.1,6.32,True,0,Standard Complexity,4.600271731104954,11.63866666666667,5.47924917808595,0.2808519,0
213894e3d6a01656,37,1,0,77,0,4,0,19.94,4.53,7.1,True,2,Standard Complexity,0.3889730067753385,10.934615384615386,6.020241006400652,0.28070137,0
df6c6ac7cd4ec4f6,33,4,0,75,2,2,3,25.44,15.26,9.47,True,3,Critical Complexity,1.2306502346320995,7.658571428571429,5.771548018565924,0.28053877,0
1abdbf048fea197b,25,1,1,36,1,2,0,24.51,4.15,6.29,True,0,Standard Complexity,3.410630440255807,17.109499999999997,5.663362495020075,0.2805311,0
73fd462d1e41807f,76,0,0,142,2,7,2,21.48,12.5,6.31,True,3,Critical Complexity,0.17029386365923596,11.568235294117649,3.829061066439008,0.2804638,0
16855530e1370e5e,17,44,5,50,0,3,1,16.42,14.13,7.75,True,3,Critical Complexity,0.022360679774570822,3.9971186440677964,4.076930155692903,0.28027564,0
80eabbdc5add7003,62,3,0,140,11,6,3,16.86,4.28,7.79,True,2,Standard Complexity,0.31400636936211584,9.126874999999998,4.7670827278719425,0.28012088,0
dd7711b8bc50dd0d,45,10,2,313,2,8,15,20.91,10.02,8.23,True,0,Standard Complexity,0.13341664064042622,8.181818181818182,6.554581305327921,0.28009456,0
8087a4051ba88571,45,3,0,385,0,10,16,22.78,7.36,6.61,True,0,Standard Complexity,1.4408677940737191,11.904814814814815,6.546848475847478,0.2800878,0
639954522f46a062,48,2,0,146,3,7,5,24.59,10.49,6.31,True,0,Standard Complexity,2.2299103120971218,15.7465625,6.117058938623507,0.2798696,0
aa35e2cd4ef3278e,43,6,0,107,8,3,3,16.63,1.57,6.32,True,2,Standard Complexity,0.09219544457262306,7.577647058823529,5.711769612889393,0.27984712,0
ab9d4d16eaaa98e9,28,1,0,62,3,4,0,19.59,4.74,6.28,True,2,Standard Complexity,0.3811823710510071,11.91866666666667,6.108485755260646,0.27984074,0
30c2f2e39353cdcb,43,7,1,206,2,11,7,19.5,10.18,6.9,True,0,Standard Complexity,0.07615773105868924,10.176666666666668,6.398514063610569,0.27977955,0
a6a5a0bd8da83aa4,53,12,0,101,6,8,4,19.65,18.15,6.83,True,3,Critical Complexity,0.7798717843332629,7.1421875,4.836351759316495,0.27939913,0
68f58124dffc2d22,30,11,0,68,0,4,0,25.58,12.91,6.77,True,0,Standard Complexity,0.022360679774672505,7.512068965517242,5.816287107715857,0.2793672,0
34b869ade86b384c,75,4,0,285,0,4,23,18.66,9.08,6.52,True,2,Standard Complexity,8.074156302673352,6.959285714285715,6.26978407498526,0.2793134,0
6329affa72122b4b,43,1,0,213,3,2,11,20.43,14.68,6.27,True,3,Critical Complexity,1.8740864441109506,11.729285714285714,5.862255129562482,0.27924633,0
b3bcaa33ff8289bf,40,0,0,185,6,8,1,24.52,14.56,6.32,True,3,Critical Complexity,3.575611835756221,17.13611111111111,4.643036170066222,0.2789716,0
b48e221330145456,25,5,2,425,1,5,18,18.04,11.3,7.16,True,3,Critical Complexity,0.2325940669924494,9.787894736842107,5.702429379749033,0.278968,0
f4dc296dd8828a5c,76,71,1,236,9,18,8,11.09,9.16,11.78,True,2,Standard Complexity,0.08062257748310958,3.7878431372549017,2.830216033966929,0.27894592,0
3fa22bed64fbe3e3,24,4,0,233,6,18,9,21.81,4.1,6.96,True,0,Standard Complexity,2.3043654224105237,11.802000000000003,6.930533024234139,0.27893338,0
72abe0ddaa0b40bb,109,6,0,108,4,11,4,14.71,7.96,9.39,True,2,Standard Complexity,0.08602325267188106,6.959574468085106,3.920682722487495,0.27889267,0
aa0270a2e8c74ea2,49,82,30,37,0,4,0,16.78,7.23,6.8,True,2,Standard Complexity,0.12999999999999545,4.045984848484848,3.3152212915417345,0.2788374,0
e6b51ed47364d896,47,0,0,234,3,7,3,23.6,4.42,6.29,True,0,Standard Complexity,2.0447493733952777,15.836,5.520214730122976,0.27874076,0
bdfff358f45e300,30,3,0,59,2,4,3,18.15,5.08,6.29,True,2,Standard Complexity,0.8570297544423444,9.5275,6.203969327508531,0.27864406,0
5a8af9a7bf8921c4,41,7,0,92,0,5,0,17.94,10.29,6.65,True,2,Standard Complexity,0.1303840481043878,10.223333333333334,5.360883011842981,0.27861643,0
c0e68670d4fdd294,35,1,0,412,3,9,15,22.77,5.37,6.32,True,0,Standard Complexity,2.684864987294436,11.256190476190477,6.858213342367902,0.27858096,0
7dd1aac787f84b29,37,0,0,76,0,4,0,21.37,3.44,6.26,True,0,Standard Complexity,0.9835141076772201,13.146666666666668,5.991087207337741,0.27857715,0
c7ef1474c629c0b0,41,9,0,177,1,5,3,18.45,9.76,6.42,True,2,Standard Complexity,0.170000000000046,9.204999999999998,6.424112779209281,0.27856117,0
e8d37cd534d5b0e1,33,1,1,130,3,4,2,26.29,3.66,6.46,True,0,Standard Complexity,0.3465544690232754,14.766190476190475,6.107829071259182,0.2784041,0
ff55b961308a4605,18,0,1,91,2,2,0,30.22,14.9,6.33,True,1,Critical Complexity,12.18213856430757,15.447000000000003,8.071270098317859,0.27838236,0
25a85fe4041d30f7,37,1,0,227,5,2,5,33.01,10.13,6.28,True,0,Standard Complexity,1.544959546395944,10.13478260869565,6.473940987471446,0.2783128,0
a99f634ed5076146,49,7,0,42,4,2,0,21.23,19.33,8.11,True,3,Critical Complexity,2.293141949378589,5.163571428571429,5.2886490404893935,0.27807882,0
c8754b66d9374bd7,125,7,0,76,5,3,4,15.57,15.09,9.41,True,3,Critical Complexity,1.6278820596098806,6.447045454545452,3.7471174251594896,0.27786386,0
e81e5e2f7485155f,34,9,0,264,0,12,7,18.6,7.56,6.89,True,2,Standard Complexity,0.8635392289874343,7.404444444444445,6.266903561322256,0.2778111,0
f5cee66c44a3a172,69,0,0,308,2,12,5,20.47,2.51,6.29,True,2,Standard Complexity,0.36221540552516723,11.882325581395348,3.756181780533972,0.27776572,0
1aabfd73bba51845,48,21,0,236,16,19,11,12.01,3.45,6.97,True,2,Standard Complexity,0.0640312423744478,4.394999999999999,3.8239547935557363,0.27773163,0
ffe6305855af8f4d,118,7,1,51,5,4,2,12.88,4.97,6.55,True,2,Standard Complexity,0.4205948168957117,5.320322580645161,4.118404391830823,0.27767617,0
5482513c6e316877,34,4,0,110,0,6,2,20.98,6.69,6.29,True,0,Standard Complexity,0.0800000000000125,10.3,6.800421730619779,0.27764633,0
a56bf81a6120c42e,39,2,0,34,0,1,0,20.74,15.96,6.3,True,3,Critical Complexity,1.5250245899693788,11.811666666666667,6.272252829371243,0.27754205,0
72b1a154030c080f,53,0,0,138,4,6,1,17.56,8.48,6.32,True,2,Standard Complexity,0.2906888370749351,10.65333333333333,4.898206776936804,0.27736878,0
a1faf4702dabc6ef,66,0,0,324,0,7,13,23.95,13.29,6.34,True,3,Critical Complexity,0.685419579528024,9.929583333333333,3.629343351037791,0.27733177,0
78f61fc3ae52882b,17,2,2,472,3,10,16,18.72,15.75,6.29,True,3,Critical Complexity,0.0905538513815429,11.744666666666669,6.716713349713699,0.27723286,0
86580fac2497f670,25,1,0,340,15,13,8,20.23,8.32,6.36,True,0,Standard Complexity,0.7212489168103304,13.852173913043476,5.032446856257759,0.2770681,0
94b53a1e6ab0dbb,54,2,0,234,2,16,9,20.33,5.79,6.31,True,0,Standard Complexity,2.98303536687075,12.277307692307694,6.224115357402087,0.27695426,0
e50cc3479ca1b963,87,12,2,211,1,9,2,13.14,11.69,7.21,True,2,Standard Complexity,0.7799999999999903,7.072142857142857,3.9275210500568236,0.27681258,0
32cc4cf15bc59a71,53,2,0,172,1,5,6,18.96,13.02,6.31,True,3,Critical Complexity,0.9167878707749678,12.135499999999999,5.117668389999493,0.27679953,0
659a0369f6cbfcb7,25,2,0,110,3,8,2,20.25,1.55,6.37,True,2,Standard Complexity,0.736002717386119,14.055714285714286,7.19022423084259,0.2767726,0
c498e87a135db8ec,91,10,0,36,5,2,0,16.84,6.72,6.31,True,2,Standard Complexity,0.1392838827716329,3.2119999999999993,3.9578297083123726,0.2766855,0
aa40b45d51355629,34,38,0,86,10,18,0,15.13,11.39,6.87,True,2,Standard Complexity,0.20024984394483708,3.6206382978723406,3.690468692055781,0.2766651,0
765ffe2ed10a7cbd,45,0,0,198,3,8,8,29.42,9.66,6.28,True,0,Standard Complexity,0.0948683298048213,12.290384615384614,5.895139771794565,0.27665445,0
c0d1089d316f4796,27,0,0,79,1,4,3,21.53,2.9,6.35,True,0,Standard Complexity,0.5671860364989735,11.6035,6.15906427552108,0.27664423,0
3b721cc3a72b1d1,47,3,0,226,0,14,2,22.63,9.83,6.37,True,0,Standard Complexity,0.2563201123593203,12.076785714285716,6.246504195817637,0.27651837,0
aa101f0a3502d3d0,37,9,0,107,2,4,0,17.14,5.88,6.97,True,2,Standard Complexity,0.45276925690775466,7.267619047619049,6.05940112140741,0.27648693,0
86e73c9150cbcd1b,34,3,0,388,0,7,13,18.77,11.17,6.63,True,3,Critical Complexity,1.044030650891246,11.513214285714286,5.840126621408275,0.27633953,0
103583c20f51f86e,31,10,0,272,4,1,6,20.25,8.95,7.79,True,0,Standard Complexity,0.15652475842535135,6.421250000000001,7.641213806555867,0.27623326,0
2d4149e85c157525,46,1,0,116,3,9,5,25.16,16.18,6.04,True,3,Critical Complexity,3.1246279778559325,13.735624999999999,7.337724416287041,0.27619666,0
e0ac45ce1964921d,34,3,0,217,1,11,5,25.64,7.47,7.33,True,0,Standard Complexity,0.019999999999527063,12.941428571428572,7.74850433230537,0.27600068,0
a2b1423c941b516e,34,11,0,114,8,6,3,18.02,3.6,6.29,True,2,Standard Complexity,0.466154480832345,7.684736842105261,5.360271368249395,0.27593756,0
75924eb4673ad691,45,30,0,391,2,13,10,20.9,8.15,9.53,True,0,Standard Complexity,0.03162277660194264,5.7372000000000005,6.297555093843958,0.27588946,0
90201cfef1f6313a,35,1,0,342,14,14,7,22.27,2.43,6.41,True,0,Standard Complexity,6.446650292981372,13.105882352941176,6.689168645103049,0.27567238,0
76549d1099664d2d,43,6,0,289,4,8,1,18.08,9.13,6.33,True,2,Standard Complexity,0.4704253394535702,9.63833333333333,5.562147117395903,0.27557415,0
49c341dce1f65cdb,52,0,0,260,3,14,7,21.36,4.31,6.33,True,0,Standard Complexity,1.0394229168151998,10.136511627906975,4.992951256507997,0.27545398,0
cce00849d14802f1,41,0,0,60,0,4,0,29.51,11.33,12.62,True,0,Standard Complexity,4.9104378623513885,12.068000000000001,8.399498556461571,0.27545157,0
6ca4c784b78fcb46,17,0,0,205,4,7,4,25.01,3.14,6.3,True,0,Standard Complexity,5.265216044950213,19.897333333333332,5.2488760278325834,0.2753687,0
b649caa33032a5a3,47,9,0,117,0,9,6,26.03,3.52,6.85,True,0,Standard Complexity,0.03162277660151123,10.126585365853659,6.139407141376985,0.27526283,0
4fd4fba8d78e739e,87,34,0,52,0,4,3,14.91,14.54,8.07,True,3,Critical Complexity,0.10770329614280323,2.9581395348837205,3.1072834586110623,0.27526045,0
a193caffb5c89a42,46,3,0,105,2,10,1,16.14,8.06,6.29,True,2,Standard Complexity,0.41231056256172194,8.716842105263156,5.671930009062245,0.27522272,0
cd52916b500c5eb8,59,1,0,148,8,4,1,19.16,11.7,6.3,True,3,Critical Complexity,0.5100000000003521,12.118787878787879,4.791662429031543,0.27498314,0
c2eae11d121862b,39,39,5,157,3,5,4,24.78,23.69,11.85,True,1,Critical Complexity,0.05099019513605984,4.556190476190476,4.829044543366116,0.2746335,0
3ebe807c4df75997,29,0,0,60,7,0,5,21.65,20.99,6.28,True,3,Critical Complexity,4.742362280551628,9.051428571428572,6.217016805444849,0.2746172,0
d4805c4d341ad3bf,27,9,1,138,0,9,7,20.07,10.02,7.81,True,0,Standard Complexity,0.036055512754607104,9.5746875,5.793938634671906,0.27438045,0
f8108cfbd251df73,48,5,0,418,2,9,12,20.94,4.69,6.28,True,0,Standard Complexity,0.11180339887531487,9.298275862068966,5.485520796301728,0.27436188,0
eb177f4ec030f4ca,127,7,0,109,1,6,2,14.09,10.31,6.32,True,2,Standard Complexity,1.5915401345854852,4.889166666666667,4.213252817664228,0.27432153,0
7731fa610aa0c12d,81,19,0,160,3,6,4,16.1,5.5,6.34,True,2,Standard Complexity,0.022360679775079245,5.180975609756098,4.391517769117904,0.27420607,0
1d433a39373c657d,85,6,0,165,7,10,15,18.92,17.31,9.46,True,3,Critical Complexity,0.6113100686232193,7.975806451612902,4.387947403302816,0.27418572,0
beda42630654cb64,37,0,0,222,0,8,2,23.17,10.3,6.33,True,0,Standard Complexity,0.3417601498126565,13.016857142857143,5.709365624720026,0.27414647,0
c74ad171b053617f,53,2,0,223,4,4,12,16.74,4.01,6.32,True,2,Standard Complexity,3.4920624278504526,11.146000000000003,5.863703948870543,0.27411354,0
7abe8a691ee66c9,24,0,0,81,6,0,5,15.89,10.13,6.29,True,2,Standard Complexity,0.3613862199919113,7.6642857142857155,5.564848495288098,0.27405146,0
84b92aaea546e2f7,121,65,1,132,5,13,1,13.93,9.25,10.24,True,2,Standard Complexity,0.09433981132127559,3.739468085106383,2.9310227562947393,0.27392292,0
2353bc4b94cd2205,48,2,0,243,2,6,0,20.75,17.66,6.28,True,3,Critical Complexity,3.7904749042830876,14.023846153846154,6.185345632356851,0.2738783,0
48fa314db6ef4386,97,6,0,115,2,7,2,16.21,9.63,7.37,True,2,Standard Complexity,0.3512833614048935,6.468235294117646,4.36798455156104,0.27372876,0
bd6ea726765daabd,54,3,0,183,2,11,2,22.82,7.65,6.33,True,0,Standard Complexity,0.5635601121443156,7.997142857142856,5.075273713338634,0.27367252,0
ab86e9fcd5da6135,63,87,0,139,1,10,0,11.71,9.22,9.25,True,2,Standard Complexity,0.03000000000020009,2.977087378640777,2.703962798857945,0.27353236,0
727c6f0c59fe9908,45,4,0,174,0,9,3,26.46,9.38,6.29,True,0,Standard Complexity,0.10049875621114013,14.345151515151514,5.588682894224244,0.2731729,0
c8b61bb69bf1fd3,40,1,3,85,7,6,8,19.79,6.78,6.3,True,2,Standard Complexity,1.9424983912477294,9.846666666666666,5.811710782740502,0.27312008,0
706b16531a1e88ad,79,73,1,214,11,13,10,13.87,12.17,9.52,True,2,Standard Complexity,0.036055512754607104,3.574563106796116,3.095515634290035,0.27297458,0
a660cf26e22cc84a,54,1,0,112,0,5,0,21.46,9.18,7.48,True,0,Standard Complexity,3.3793638454598245,11.802222222222223,5.23201847129295,0.27252904,0
59c596535916abcb,125,1,0,654,8,27,11,23.4,9.52,6.37,True,0,Standard Complexity,17.310441935433005,12.9225,8.45663065785265,0.27248314,0
36cb54ac06269ae,65,11,7,127,5,7,2,14.8,2.86,9.43,True,2,Standard Complexity,0.060000000000172804,6.908333333333334,4.216766797230103,0.27247462,0
afc4aaba7d3ec93,58,3,0,356,3,12,12,19.29,11.82,9.2,True,3,Critical Complexity,0.3811823710519317,9.26871794871795,4.930475183573252,0.2722898,0
9a998510f7a70661,42,3,0,413,0,17,10,20.96,11.71,6.55,True,3,Critical Complexity,2.9328825411191457,12.45413793103448,5.920893756649139,0.27226058,0
466f6ba5f31f7a9b,27,2,1,103,2,4,3,23.83,18.76,6.3,True,3,Critical Complexity,1.4681280598094741,10.741,6.9630186700884265,0.2721974,0
6a07a22eefeefc44,45,2,0,192,0,4,10,22.45,2.59,9.69,True,0,Standard Complexity,1.8851259904841222,11.322222222222221,7.073746889854654,0.27212942,0
1db789e26cd9aff8,219,2,0,169,6,0,7,10.78,5.59,12.61,True,2,Standard Complexity,3.364817974274531,4.3307142857142855,3.718151353804188,0.27206233,0
7dd032c6fc38af5f,62,0,0,109,0,8,0,22.55,6.02,6.3,True,0,Standard Complexity,1.2477980605849963,11.234590163934428,4.598659667084937,0.27178454,0
ec81a8f5c36a566c,34,5,0,70,7,3,2,15.04,4.63,6.31,True,2,Standard Complexity,0.6139218191269895,7.389333333333332,5.303698667491918,0.27171955,0
a7b3c36590c93ac7,39,8,0,260,4,14,1,18.46,8.89,6.8,True,2,Standard Complexity,0.8732124598290022,8.309444444444445,5.9929861525529455,0.27154708,0
81cabd12602c1972,33,0,0,318,0,11,2,22.74,20.42,6.31,True,3,Critical Complexity,0.38327535793472556,12.545925925925927,6.152131975694676,0.27154005,0
b64b82c0d48913b4,29,1,0,301,11,4,7,21.3,1.58,6.32,True,0,Standard Complexity,0.9433981132061665,13.005882352941176,6.033205234195491,0.27153295,0
9adafd638f77e66,50,0,0,100,2,2,3,24.34,6.48,6.38,True,0,Standard Complexity,0.06403124237451882,12.718181818181819,4.997638505695346,0.271451,0
27bf529d259f061e,30,0,0,80,2,4,6,22.15,5.07,3.12,True,0,Standard Complexity,25.273658223534287,10.532,8.36143145639549,0.27139708,0
de49144de798f31b,46,5,1,39,5,3,5,15.2,8.08,6.48,True,2,Standard Complexity,1.5456390264226028,6.6257142857142854,5.453403543117053,0.27132812,0
5559274ab320459e,36,1,7,166,1,7,0,24.67,12.78,6.27,True,3,Critical Complexity,1.321968229572878,8.833548387096773,6.0032424294720546,0.27121636,0
392f14be692433cf,29,4,0,172,2,4,4,27.2,5.47,7.21,True,0,Standard Complexity,0.1499999999996362,13.0940625,7.09277266808219,0.27113265,0
bb9f255a95ca7dfb,80,0,0,181,1,4,13,19.67,7.64,12.62,True,2,Standard Complexity,5.2608934602404185,11.764285714285714,4.698893052450476,0.27109113,0
a85e24fabcdf3d70,45,2,0,183,2,12,3,22.42,19.29,7.63,True,3,Critical Complexity,1.8002499826410274,10.606857142857141,5.776611845031936,0.2710007,0
86def646d05299f,28,1,4,96,0,4,2,26.42,9.81,6.29,True,0,Standard Complexity,0.23086792761224167,11.447391304347827,7.7036565103520545,0.27073982,0
1b649987bfc3fab5,25,0,2,46,0,4,1,22.13,3.41,9.44,True,0,Standard Complexity,0.3306055050962639,11.72888888888889,5.605568549704134,0.27066064,0
206907742afb6525,35,4,3,95,4,4,5,22.92,7.05,6.33,True,0,Standard Complexity,0.36878177829068953,10.469999999999999,6.448346558097923,0.27044225,0
79f7d52ba0717071,29,3,1,103,7,6,1,27.87,8.29,6.56,True,0,Standard Complexity,0.07280109889295759,10.212857142857144,7.066584776832673,0.270398,0
2cb076b6994fa69c,50,8,0,144,1,8,2,21.8,6.61,9.19,True,0,Standard Complexity,0.009999999999308784,11.36675,6.314738469445905,0.2702907,0
28b437a36f02a433,43,4,2,318,1,11,16,22.68,10.06,6.29,True,0,Standard Complexity,5.484350462907908,13.999583333333334,6.733297532392448,0.27012706,0
dfd4f89dd9ac2146,88,4,0,248,4,5,7,16.48,8.06,6.53,True,2,Standard Complexity,0.37215588132014177,9.17304347826087,4.235356804211329,0.2700058,0
a66bd22c9bd644db,38,10,0,147,0,4,1,18.95,16.31,7.8,True,3,Critical Complexity,0.32984845004944374,7.952162162162162,5.329640287610886,0.2698408,0
a003a49610e14a28,29,7,0,310,2,10,6,22.82,11.71,6.76,True,0,Standard Complexity,0.05385164807108495,10.540384615384616,6.342031026759385,0.26983097,0
206b99448518e83f,95,19,1,37,3,2,0,15.63,9.06,6.55,True,2,Standard Complexity,0.3828837943821943,4.936153846153846,4.0007759602386725,0.26963866,0
8c0a4dbefbb7e26e,49,1,4,111,3,5,1,29.79,14.4,6.31,True,1,Critical Complexity,1.6287418457202296,12.389310344827587,6.088288322409636,0.26958752,0
81bff707959ed783,47,12,1,120,2,5,2,21.56,21.47,7.94,True,3,Critical Complexity,0.022360679775485982,7.831612903225806,5.874068270262482,0.26958552,0
14bf9849ca3a8f08,33,0,0,350,0,11,8,18.58,6.56,6.31,True,2,Standard Complexity,0.3264965543460907,11.6396,5.19056642766471,0.26956135,0
130c642b8991a73,46,2,4,247,2,9,2,22.01,10.57,6.28,True,0,Standard Complexity,0.10770329614280323,14.176896551724138,5.60667404232533,0.26925406,0
84b7f3764c73e164,39,4,0,102,1,1,5,21.09,6.36,9.44,True,0,Standard Complexity,1.1886967653696074,11.078857142857142,5.862281745643596,0.26918963,0
a53e9d6c0ceef4ae,76,30,0,214,11,13,10,20.89,10.75,7.28,True,0,Standard Complexity,0.08999999999991815,4.14051724137931,3.6945199036773713,0.2691138,0
a13654e6aa7f6895,35,0,0,90,2,2,0,26.63,11.55,6.31,True,0,Standard Complexity,16.881433588413152,16.656,6.575422724053564,0.26888934,0
706e94ef3b95253b,31,2,0,105,8,6,3,26.02,10.6,6.31,True,0,Standard Complexity,0.6390618123467423,9.79611111111111,6.208998970033458,0.26885608,0
549b87d98c676097,71,254,6,181,7,9,1,13.74,6.98,11.37,True,2,Standard Complexity,0.009999999999990905,1.5472340425531912,1.713255416605781,0.26883337,0
98279cea19fd5caf,20,6,0,197,1,4,10,24.34,12.76,6.32,True,3,Critical Complexity,1.5121177202849747,11.6296,7.669253147471402,0.2685912,0
e7db8bd8d85bf017,34,1,3,165,2,4,1,27.33,9.38,6.3,True,0,Standard Complexity,3.4232732873669107,11.269655172413795,7.761167474726279,0.26849476,0
5c58e015b4fda7e4,38,1,0,362,0,7,6,19.39,4.48,6.31,True,2,Standard Complexity,0.8360023923409506,11.39777777777778,5.636725036384378,0.26849246,0
9673e66112f789f,49,2,0,77,2,6,0,16.96,16.17,1.6,True,3,Critical Complexity,0.29681644159316073,10.002500000000001,4.787182757112999,0.26846653,0
555588d2ad6be693,39,6,0,286,1,8,6,22.63,10.39,7.66,True,0,Standard Complexity,0.3534119409414139,11.650689655172414,6.218265603090836,0.26831087,0
814347984e61c062,49,0,2,139,4,7,1,19.91,12.15,6.36,True,3,Critical Complexity,0.35057096285929723,9.998709677419352,4.902086943290966,0.26809078,0
51e9e00bf82a0ce7,48,2,1,286,1,6,4,27.99,5.61,6.34,True,0,Standard Complexity,5.323326027964089,12.781904761904762,8.825614031813805,0.26748517,0
55955ccb8145c88f,22,28,0,120,2,4,5,18.21,10.26,12.62,True,2,Standard Complexity,0.050990195135926064,6.46972972972973,6.01422794419964,0.26731396,0
29bdc8c006d47e09,51,0,4,165,4,4,3,22.59,7.57,6.32,True,0,Standard Complexity,0.16999999999964477,15.193902439024392,4.820199306702526,0.26712632,0
a46f95b934afcc0a,42,1,0,94,1,3,0,18.23,3.42,6.35,True,2,Standard Complexity,0.2334523505986062,11.397428571428572,5.564745324865482,0.26708448,0
615153f40feb7c14,29,0,0,137,2,3,0,21.31,3.46,6.29,True,0,Standard Complexity,1.7593180496997227,12.41695652173913,5.8907469333601705,0.2669988,0
8a255ff20f738531,39,0,0,122,0,5,1,22.12,16.51,6.29,True,3,Critical Complexity,0.05000000000039791,13.416086956521742,5.907639666332162,0.26675656,0
b4c5947762ca0056,37,6,0,263,1,4,10,18.65,10.3,6.33,True,2,Standard Complexity,0.5658621740313801,11.312857142857142,5.415251252014903,0.26648155,0
b37e2af485827c22,35,7,2,151,0,4,5,21.01,5.96,6.31,True,0,Standard Complexity,0.09219544457296833,9.796363636363635,6.052638452064104,0.26645532,0
9f5f018eeb8c8ade,35,4,1,100,6,6,1,19.04,2.67,6.28,True,2,Standard Complexity,0.721248916810216,9.52409090909091,6.001541967839227,0.26635212,0
a65555b562ea15b3,42,12,2,216,2,5,2,17.73,9.15,6.67,True,2,Standard Complexity,0.0223606797753843,8.349761904761905,5.8927455352586415,0.26634175,0
d74a812bf11dbf5a,37,22,5,202,3,6,4,16.3,4.0,11.1,True,2,Standard Complexity,0.050990195135881475,6.283333333333334,5.628948737454348,0.26580423,0
e677f0516149a99c,54,1,1,240,3,11,4,22.94,8.16,6.87,True,0,Standard Complexity,1.1335784048751465,14.80418604651163,4.680790647066558,0.2655753,0
6a6ffedac6bae353,20,0,0,143,6,0,5,27.24,9.21,6.29,True,0,Standard Complexity,98.38642690940696,14.963333333333333,8.99270197932128,0.26537243,0
1cee17742398955a,29,6,0,98,9,21,0,17.81,6.58,6.35,True,2,Standard Complexity,0.4248529157242686,7.4438095238095245,4.943366383529958,0.26517093,0
24c7c3869067c962,72,20,7,205,0,7,7,14.3,5.11,6.83,True,2,Standard Complexity,0.0,6.422857142857143,4.232781731602049,0.26516223,0
edcaef625bbfeb8b,41,6,2,108,3,5,0,25.22,15.91,6.69,True,3,Critical Complexity,0.3605551275464683,7.789655172413793,6.064060027656798,0.264876,0
967c799acb3244fd,45,0,0,413,16,16,14,22.36,10.64,6.32,True,0,Standard Complexity,4.660042918257153,14.493913043478264,5.520080134209171,0.2648364,0
bade8d8c5ad7c800,35,0,1,99,0,5,2,24.8,10.33,9.39,True,0,Standard Complexity,0.2147091055360566,11.214666666666664,5.822509042977568,0.26483417,0
810ee77dc5de9f39,72,1,0,201,3,7,0,18.63,11.47,6.29,True,3,Critical Complexity,0.3313608305155429,8.674651162790697,4.489323950159466,0.26476228,0
f7c318fb8f480c7d,45,8,0,452,2,8,3,19.23,17.4,7.53,True,3,Critical Complexity,0.8709190547922653,7.8618749999999995,6.001653645819208,0.26471993,0
7d6c9b135e01c951,16,0,0,16,1,2,5,20.15,3.38,6.31,True,2,Standard Complexity,3.0968532415986334,10.66,6.430682461689188,0.26466414,0
bd1fca1b0ea286b4,40,1,3,141,3,3,1,21.14,11.21,6.31,True,3,Critical Complexity,1.3860014430006933,13.47677419354839,6.387979834686885,0.26436237,0
68a87a0bff702969,27,2,0,521,4,14,23,21.11,2.81,18.85,True,0,Standard Complexity,11.194864894227534,13.252666666666668,7.430366044519984,0.2643116,0
f8a926e456e7946b,82,14,0,56,0,4,3,15.01,14.57,8.0,True,3,Critical Complexity,0.10049875621119668,3.056086956521739,3.6196741855904477,0.26424277,0
9f2b92e3c116baab,40,14,0,601,0,13,13,21.92,9.03,6.28,True,0,Standard Complexity,0.2961418578991818,6.2196428571428575,6.819597014771294,0.2642292,0
5eb3cc5e4a4a000d,14,3,0,156,7,4,8,24.63,3.9,6.31,True,0,Standard Complexity,0.17088007490603555,17.818235294117645,8.225263975949249,0.26422662,0
54b1b7b3a7942ae4,27,1,0,192,8,17,2,22.44,9.91,6.29,True,0,Standard Complexity,6.085236232061843,13.943809523809525,7.2694163492647,0.2642072,0
15e5b4d8c10bc237,14,6,0,367,6,4,9,31.76,20.82,6.31,True,1,Critical Complexity,0.8614522621716276,12.133333333333333,9.109835344285868,0.2641437,0
7d3a74bb7597c0ff,22,0,0,145,6,4,7,33.7,19.63,6.3,True,1,Critical Complexity,9.9884182932034,21.75315789473684,3.549213482377512,0.26413617,0
d1879bfe0a6acd1f,87,1,0,152,5,2,11,22.75,6.04,6.3,True,0,Standard Complexity,0.2961418578992624,5.546578947368421,4.649433058995807,0.2641238,0
df8a4565a6be8f25,58,0,0,377,0,11,8,22.17,4.72,6.29,True,0,Standard Complexity,0.16124515496624736,9.005897435897436,4.904842566776758,0.26397344,0
a44fca230989ef6a,39,2,0,48,7,2,1,22.06,2.98,6.38,True,0,Standard Complexity,3.77902103725277,11.213076923076924,5.11694377626601,0.26394293,0
74790bed66c2f950,56,1,0,257,2,8,2,19.06,17.78,6.33,True,3,Critical Complexity,0.31016124838536896,12.050285714285716,4.708786610894443,0.2639422,0
e2be0bdd251d1c9,26,4,1,146,3,16,2,24.86,4.82,6.76,True,0,Standard Complexity,0.364005494463876,9.334074074074074,5.369514951029361,0.26388246,0
ba99c34157f581c,59,3,1,205,1,2,2,20.16,5.3,6.33,True,2,Standard Complexity,1.8054639292990866,6.249,5.747732509433613,0.26385793,0
bdc31728fa7a3e6f,46,6,2,558,0,11,24,20.49,8.33,6.54,True,0,Standard Complexity,0.05385164807150718,11.01,6.2466435865639856,0.2635953,0
b7ac38098cc69346,79,8,0,91,1,5,2,14.84,4.18,6.74,True,2,Standard Complexity,0.03999999999996362,7.13404761904762,4.524885717853787,0.26343605,0
1096927972b9efaa,40,3,2,105,2,4,9,24.29,4.38,6.31,True,0,Standard Complexity,0.049999999999954525,10.5288,6.535145182779033,0.26343283,0
1c5e1112335f6b14,64,13,0,170,0,6,5,14.48,2.11,7.05,True,2,Standard Complexity,0.02236067977497756,5.558484848484849,4.633892349890801,0.26341778,0
223f18c91985007f,51,1,0,223,2,10,5,16.73,12.55,4.77,True,3,Critical Complexity,3.0622867272669594,8.28086956521739,5.234376266187811,0.26338685,0
b69d5938b3f83a43,30,1,0,117,2,3,0,24.3,8.73,6.3,True,0,Standard Complexity,4.9558147665142265,16.238695652173913,6.691126703294918,0.2633648,0
e96b142a1ea0bb05,53,1,0,99,0,4,1,19.61,5.08,6.33,True,2,Standard Complexity,0.16763054614253448,10.95,4.9084916216695325,0.26318404,0
d344a05d58f51fd3,46,7,0,127,2,6,0,30.34,12.54,9.38,True,0,Standard Complexity,0.05099019513605984,10.81,5.893459009012372,0.2631316,0
93edd686c7b1dfd3,55,1,1,252,15,3,6,20.32,9.02,6.3,True,0,Standard Complexity,1.7756407294274048,7.4353333333333325,4.913555218870435,0.26301855,0
2118f5966a84055b,32,5,0,169,0,5,5,20.86,7.92,7.25,True,0,Standard Complexity,0.07000000000016371,10.605263157894738,6.459188777825744,0.26300502,0
9a249bafe9676299,35,6,1,404,2,7,6,19.08,5.81,9.31,True,2,Standard Complexity,0.785684415016696,9.60193548387097,6.128511064427102,0.26293868,0
1da6b69195df3e0,33,2,0,148,5,2,4,20.81,14.59,6.29,True,3,Critical Complexity,3.780846466070991,14.883684210526313,6.095417787612279,0.26286024,0
cde42782dc814e9,31,0,1,154,0,10,1,17.85,1.99,6.28,True,2,Standard Complexity,0.3705401462730062,11.704285714285714,5.749445581079616,0.26279408,0
8ca187d0b8c290cd,18,3,0,365,0,11,13,23.09,5.25,6.42,True,0,Standard Complexity,1.0199999999999818,10.46875,6.9916708258827525,0.26279348,0
c4eae7684f521aff,39,4,0,152,6,5,5,23.41,6.6,6.45,True,0,Standard Complexity,0.8637708029342536,8.174210526315791,6.289046715302535,0.2627713,0
910dd53c5099005b,25,0,0,95,0,4,4,25.46,14.27,12.57,True,3,Critical Complexity,18.462854600521666,15.037777777777778,7.939357345637516,0.26269862,0
894bf8485d29b9a7,17,2,0,227,1,10,2,21.4,5.83,6.31,True,0,Standard Complexity,0.08944271909991024,10.72857142857143,7.5876100671168025,0.26267776,0
1ec058e788314b6b,41,0,0,314,4,18,7,24.13,21.58,6.31,True,3,Critical Complexity,7.657969704822519,14.809444444444445,4.8815747370679725,0.26260787,0
9b5b903ade596f03,47,9,0,138,1,9,4,19.67,19.05,9.35,True,3,Critical Complexity,0.036055512753661166,6.622121212121212,5.793504595705361,0.26260352,0
ce9dafa36bd6ee95,45,3,4,149,0,7,0,30.41,18.42,8.24,True,1,Critical Complexity,0.3041381265149409,14.70705882352941,5.052583999793685,0.2625029,0
747013c6d1914059,35,1,0,106,1,7,5,22.4,3.88,9.42,True,0,Standard Complexity,0.5936328831860763,12.4,5.535402537304762,0.2620328,0
51ff8137b3cbec8e,40,3,0,433,8,4,13,23.36,4.44,6.3,True,0,Standard Complexity,8.242390429966727,9.790999999999999,7.921867772186051,0.2620121,0
c3b86e58a470addc,34,1,1,211,1,4,8,25.33,11.54,6.39,True,0,Standard Complexity,0.3453983207833074,11.445666666666666,5.784689379925445,0.26196223,0
77b5cd2dcbcf1bcf,4,2,0,214,1,5,3,30.02,9.63,6.44,True,0,Standard Complexity,3.510697936308418,12.339999999999998,9.875133754368427,0.2617843,0
1be47f0c292f66c6,35,2,2,164,4,7,3,25.61,2.83,9.5,True,0,Standard Complexity,0.14317821063283975,8.861304347826088,7.180442219848985,0.26175916,0
d89de4a88561f8ec,44,8,0,106,7,5,2,13.67,1.32,6.79,True,2,Standard Complexity,0.3580502757997233,7.046875,5.5358239210053455,0.26148513,0
59dc612fb8aed7fb,65,2,1,172,0,11,3,17.75,7.03,7.45,True,2,Standard Complexity,0.47853944456022734,8.511904761904761,4.445529181685282,0.26145378,0
3b5757986271e586,30,0,0,136,0,4,1,33.76,12.62,6.31,True,1,Critical Complexity,4.016217125604395,12.664814814814815,7.656052251442486,0.2614407,0
d65505783297240c,40,3,0,283,2,4,9,25.12,2.86,15.8,True,0,Standard Complexity,0.041231056254870745,12.957500000000001,6.308665502042937,0.26134077,0
31e27d28f2d0213e,30,3,0,100,1,7,5,24.31,1.96,6.31,True,0,Standard Complexity,0.838152730711967,12.4015625,6.302278412097783,0.26132447,0
c0d885ed691332df,41,5,0,97,11,4,8,13.76,8.3,6.29,True,2,Standard Complexity,0.3130495168498892,6.6129999999999995,5.260473457779252,0.26132217,0
a07d92f09d139d5d,42,3,4,72,2,5,0,15.66,5.55,7.49,True,2,Standard Complexity,1.818680840609434,8.74,5.46967757068666,0.26131094,0
910a0adb0c016ab0,31,7,0,133,4,4,5,21.04,13.71,7.81,True,3,Critical Complexity,1.9319679086357915,8.538260869565217,6.6642019987222145,0.26079974,0
ec6ae44836cbf87c,29,0,0,105,3,3,1,20.63,9.8,6.29,True,0,Standard Complexity,0.8222530024268107,12.150434782608697,5.791085712023918,0.2607839,0
9249b15e24738d3e,34,19,0,147,1,5,4,14.81,4.16,6.76,True,2,Standard Complexity,0.07211102551034931,4.336551724137931,5.599272290071192,0.26076403,0
51e912deff1c497b,41,2,0,85,2,6,2,18.2,13.95,6.29,True,3,Critical Complexity,0.6747592163136591,9.816363636363636,5.163959496931634,0.26072645,0
d44feada362e9f16,41,3,1,181,4,15,3,20.47,5.21,6.3,True,0,Standard Complexity,0.5824946351690107,11.868611111111113,5.282010955843837,0.2605376,0
cb84c2d20debb59f,28,1,0,149,2,13,7,25.0,4.89,6.81,True,0,Standard Complexity,0.545710545986352,12.776071428571429,5.664218102190599,0.26052213,0
b5b4e49c3a2f1485,195,4,0,144,4,1,14,13.87,10.82,6.41,True,2,Standard Complexity,4.591089195387101,6.158965517241381,4.1500339382306395,0.26049864,0
f1fbe32307e928a9,70,0,0,42,5,4,2,15.28,2.87,6.33,True,2,Standard Complexity,0.3794733192202199,7.080588235294118,4.355209822173406,0.260497,0
98e9d12fc5e0f936,33,4,0,432,4,11,9,20.48,10.91,7.02,True,3,Critical Complexity,0.838629834909668,13.872647058823528,5.141329256378291,0.26045123,0
5b072ffb795b1b76,24,3,0,654,2,12,16,20.58,2.26,0.12,True,2,Standard Complexity,1.2873616430514494,9.582307692307692,6.601927636736868,0.26037803,0
76b659df5f0c9700,33,13,0,444,3,7,9,20.98,8.45,6.6,True,0,Standard Complexity,0.09433981132048024,8.61138888888889,5.6831525644652245,0.26026043,0
b9c19c6e1c545ff,106,9,0,297,15,3,8,14.21,7.73,7.82,True,2,Standard Complexity,0.22847319317582887,5.481538461538461,3.758530494660106,0.26024488,0
ef18dba330c6add4,40,7,0,294,1,7,4,23.77,8.66,6.38,True,0,Standard Complexity,0.09433981132048024,10.019705882352941,6.270974445947783,0.26020253,0
f73af33a6d6f5791,31,4,0,407,0,12,8,24.25,17.58,6.29,True,3,Critical Complexity,0.9798469268205411,12.973461538461537,5.834312920003581,0.26016918,0
950ba296fdcfd67e,17,1,0,94,3,4,3,26.62,13.02,6.3,True,0,Standard Complexity,5.89763511926634,11.110000000000001,9.198111607436449,0.26001427,0
a1c69b67ee039851,44,5,0,415,0,11,9,20.64,5.3,6.33,True,0,Standard Complexity,0.15524174696267873,8.194062500000001,5.754272249476362,0.25998837,0
2fdd295c934dfe1,28,1,0,132,6,4,3,23.98,5.92,6.32,True,0,Standard Complexity,3.896793553679718,15.920000000000002,7.073774502646074,0.259956,0
8bfd3d01f197b4e8,73,5,0,175,9,13,8,13.92,10.53,7.21,True,2,Standard Complexity,1.1136426715963739,6.821875,4.406617493540255,0.2598819,0
c93be9e39174599,38,2,1,292,2,4,12,23.03,22.01,10.43,True,3,Critical Complexity,0.14317821063233158,11.37,6.164894749525516,0.25981385,0
61683f2fc8e192e,37,4,0,131,0,9,6,21.95,4.73,6.3,True,0,Standard Complexity,0.14866068747370753,14.184999999999999,5.3584477696437425,0.25973034,0
4ce8e70c0d08f94c,26,3,0,117,4,4,0,22.07,18.4,6.3,True,3,Critical Complexity,0.5247856705360823,12.489,6.593481553777186,0.25950044,0
5f36d6a6739be567,67,0,0,205,1,7,5,19.39,4.77,6.32,True,2,Standard Complexity,0.6074537019396413,13.333225806451614,3.3032851557168335,0.2594227,0
9e170091259e1187,80,28,1,252,17,14,6,15.3,14.78,8.02,True,3,Critical Complexity,0.05,2.5504444444444445,2.5760374010013956,0.25911433,0
4c46f52823f8d046,38,0,0,74,5,1,1,20.95,6.55,8.56,True,0,Standard Complexity,0.8605230967266702,8.09114285714286,5.211148363394207,0.25908208,0
7dd059bd3bf41c0,63,1,0,361,1,3,13,23.47,9.96,6.31,True,0,Standard Complexity,0.43863424398913825,15.157692307692308,4.185316647971451,0.25889263,0
849edadbd5317d80,83,5,2,108,2,4,5,16.62,6.03,6.31,True,2,Standard Complexity,0.058309518948424344,8.96888888888889,4.559291354401579,0.258852,0
50c83f16ae3fffcf,106,58,3,235,2,5,18,11.11,10.74,8.42,True,2,Standard Complexity,0.09219544457281574,3.2326760563380286,2.7511482661580504,0.2587163,0
2105f989b62075e5,97,8,0,55,6,6,0,11.44,9.08,7.87,True,2,Standard Complexity,0.8336066218548336,5.714285714285715,4.134351531381192,0.25855157,0
773ba317f93523eb,34,2,0,83,4,6,2,20.17,2.09,6.3,True,2,Standard Complexity,1.0101980003940234,10.654285714285715,5.661738393166277,0.2583912,0
6e397f8e51ee5cb4,37,0,0,108,1,4,4,23.18,2.74,6.3,True,0,Standard Complexity,0.6675327707311004,13.002592592592594,5.363914126824285,0.25828448,0
e65ac20eb6c8f187,41,3,0,435,2,8,12,17.12,7.62,6.36,True,2,Standard Complexity,0.4356604182156675,9.4372,6.178879846703608,0.25821337,0
7a7378b202f95060,42,4,0,198,1,10,4,23.72,2.69,6.3,True,0,Standard Complexity,0.10630145812728725,8.395357142857144,6.4311304727989524,0.2579844,0
6cf6aa6f23c26b4d,113,0,1,202,2,8,4,16.55,8.96,6.95,True,2,Standard Complexity,1.6726027621643391,7.304324324324324,3.8605877864615246,0.25792733,0
81fb41f187f76f30,40,4,0,100,7,0,9,17.36,16.91,6.59,True,3,Critical Complexity,1.3911865439255928,7.003333333333333,6.140461889973931,0.2579029,0
20bf6bf62b395fde,32,0,4,86,3,7,0,27.26,18.23,6.31,True,1,Critical Complexity,2.769783385032174,12.125,7.10879912502808,0.25784507,0
1472399395abc6c9,56,1,0,193,3,5,5,25.24,10.89,7.16,True,0,Standard Complexity,0.11661903789617603,8.462,4.905881549505428,0.25729495,0
2b24fb8e3acc4032,46,10,0,159,2,4,1,27.29,14.44,6.35,True,3,Critical Complexity,0.009999999999990905,8.00275,5.791271443949074,0.25710762,0
aa2a480597d339db,33,4,1,142,0,6,0,19.93,3.43,8.85,True,2,Standard Complexity,2.236537502480022,12.931515151515152,6.792898752512924,0.25698236,0
b3925c60772e7f90,48,6,1,81,3,1,8,15.37,14.7,8.22,True,3,Critical Complexity,0.10630145812718564,4.35,5.299591179201153,0.25696748,0
312097949dceaede,31,7,3,273,0,11,5,20.88,3.64,6.3,True,0,Standard Complexity,0.10440306508907589,10.068888888888887,5.468456572374934,0.25686058,0
3cda22dcb78c0b85,84,0,2,209,4,11,0,18.33,10.69,6.32,True,2,Standard Complexity,0.30083217912977206,12.0259649122807,3.9611436677635905,0.25671512,0
2085c5cffcd4727b,36,1,0,190,3,8,2,20.5,3.74,6.31,True,2,Standard Complexity,2.795442719856305,10.789166666666667,7.174347192524829,0.25661996,0
d6edfa5a34b40aa8,29,0,0,109,3,4,6,25.1,2.4,6.31,True,0,Standard Complexity,1.24663547197946,16.039,5.650145042386081,0.25659528,0
cb2646aae3c5cca6,34,10,3,162,3,5,4,20.09,8.74,9.5,True,0,Standard Complexity,0.044721359550774956,9.65731707317073,6.480107280198318,0.2564476,0
9593aa9bb8e24fc7,17,2,0,468,0,17,7,20.3,11.42,6.25,True,3,Critical Complexity,0.26019223662515306,11.92,5.298051214047168,0.2564254,0
183e8e333922929,25,2,0,53,4,0,0,19.72,10.99,6.32,True,3,Critical Complexity,8.831675945140281,9.305833333333332,5.332843922857254,0.2563497,0
1e651a2ad4606a6b,26,5,0,503,4,11,8,18.45,8.55,7.27,True,2,Standard Complexity,0.07999999999992724,11.661999999999997,6.388809174381926,0.25633085,0
30a4c701b067962,19,0,0,200,6,9,4,24.9,5.71,6.29,True,0,Standard Complexity,4.472694937060488,17.143571428571427,6.593901519199234,0.2563069,0
77f976ba40ea4eb8,38,1,0,99,0,4,0,27.88,7.38,6.3,True,0,Standard Complexity,2.132439917089269,16.54216216216216,6.193437736889784,0.25630528,0
2826c55e849061ac,52,1,3,115,3,9,2,19.91,10.08,6.33,True,0,Standard Complexity,0.5147815070495974,7.169722222222223,5.400738368301089,0.25615707,0
860ba9e27c0eb95b,114,30,1,111,10,10,3,14.4,3.46,9.47,True,2,Standard Complexity,0.255538646783496,3.261702127659574,3.2573095013934146,0.2561348,0
95ae91cd6b248ab,31,1,0,557,6,13,19,22.38,19.6,6.3,True,3,Critical Complexity,3.943247392696021,11.858181818181817,6.40617999659394,0.25575742,0
a86522905434b8dc,34,3,1,375,0,11,17,21.33,3.15,6.28,True,0,Standard Complexity,0.031622776601753895,12.548387096774192,6.270693791308075,0.2556719,0
4cc17705347c2eb0,47,4,1,161,6,3,0,18.56,5.57,6.32,True,2,Standard Complexity,0.05830951894847796,10.740625000000001,5.0936688260403225,0.2555536,0
311ae655e8693348,29,6,0,77,0,9,0,15.74,6.47,6.49,True,2,Standard Complexity,0.25553864678354327,6.949999999999998,5.729107384974681,0.25554758,0
91beb0e45bdc13d1,32,2,0,497,2,8,15,21.41,1.64,11.3,True,0,Standard Complexity,1.2912397143827992,7.758461538461537,7.071626780695075,0.25548077,0
c0693a42f3d2f156,52,0,0,207,1,10,4,20.52,8.52,6.3,True,0,Standard Complexity,2.637119640820151,14.681176470588236,4.738100739317069,0.25547943,0
57e2410b094307ef,61,16,0,112,4,6,2,18.57,10.54,9.39,True,2,Standard Complexity,0.028284271247436175,5.776666666666666,4.661071921027549,0.25539166,0
68430d9ab96a4140,73,0,1,20,4,0,0,13.11,2.09,6.31,True,2,Standard Complexity,12.617135174040147,7.157000000000001,4.09102444382822,0.25520855,0
258ccbf1c174922c,38,7,0,104,7,6,1,23.93,11.49,7.64,True,0,Standard Complexity,0.5658621740320069,8.220357142857143,5.529173589853613,0.25486755,0
cf394c311e375acc,40,3,0,93,3,4,1,27.6,9.65,6.32,True,0,Standard Complexity,0.056568542492943026,9.239374999999999,5.852398513376802,0.25483415,0
afb519383254bde4,45,2,0,539,0,7,9,24.18,10.57,10.1,True,0,Standard Complexity,1.0204410811012168,12.116216216216216,5.209514347521689,0.25463802,0
749445bb41146931,43,21,3,151,0,4,0,20.9,9.36,7.72,True,0,Standard Complexity,0.07280109889308252,5.206571428571429,5.199394988351814,0.25460178,0
c0c8fd680f83ebfc,50,2,0,299,0,8,9,18.5,5.05,6.86,True,2,Standard Complexity,1.3309395177842356,12.047948717948719,5.0604434687025455,0.25460166,0
e3d0f7ab57178cda,64,22,3,154,7,14,1,19.32,16.13,6.65,True,3,Critical Complexity,0.2973213749460997,3.529736842105263,3.6686764333820974,0.25422344,0
51a8717599072d1b,31,0,0,309,11,12,8,23.17,3.85,3.14,True,0,Standard Complexity,2.9455050500720197,11.297222222222224,6.28605582535712,0.25415483,0
3aba170fa3be22a0,34,1,0,289,0,6,6,22.57,7.32,9.45,True,0,Standard Complexity,0.48600411520888204,12.216129032258063,5.585004506550499,0.2539271,0
85417f5c87a2c3f9,34,2,0,95,0,3,2,20.69,13.92,7.22,True,3,Critical Complexity,1.9359752064526887,13.549696969696969,5.188081612432821,0.25382155,0
bebb81ae72598816,71,29,5,227,14,16,9,11.89,10.0,6.54,True,2,Standard Complexity,0.16492422502477702,4.730204081632654,3.7001232686558763,0.25353125,0
abc974c0a7e99f12,43,0,1,399,0,8,15,20.55,3.03,6.33,True,2,Standard Complexity,1.6857639217875262,12.972608695652173,6.146763176057224,0.25340995,0
9747d6bb0509f39a,33,2,0,536,2,12,29,24.24,9.14,6.31,True,0,Standard Complexity,1.0707940978546704,12.559565217391304,5.347132086464154,0.25339875,0
e40babf3578d0eb,29,3,0,54,2,0,0,18.51,2.22,6.32,True,2,Standard Complexity,7.843984956641741,7.716999999999999,6.1118754077615165,0.2531583,0
8a77bf671f094fa,41,3,1,229,0,6,0,17.57,3.27,8.22,True,2,Standard Complexity,2.1077476129746966,9.912962962962963,5.933498009459335,0.25301948,0
7271b20b6bb87527,24,1,0,83,0,7,0,26.53,10.82,6.28,True,0,Standard Complexity,1.2026637102698732,9.576000000000002,6.497765564664006,0.25292847,0
c85d7fa8f5ed3b09,34,0,0,225,10,6,7,16.29,3.68,6.3,True,2,Standard Complexity,11.861079208909016,8.473846153846154,5.685183899957095,0.25269765,0
5b93791840b9295,43,6,0,156,1,5,1,20.52,7.21,6.31,True,0,Standard Complexity,1.030776406404316,10.594848484848486,5.329519349077801,0.25252727,0
1620113dbdd51c6b,27,2,3,446,4,12,7,23.75,3.58,6.31,True,0,Standard Complexity,0.7738862965584612,10.995789473684212,7.110857018294352,0.2524769,0
799fa1c9b98b5006,44,1,0,166,4,0,10,24.95,3.77,6.28,True,0,Standard Complexity,8.17974327225615,13.266666666666667,8.889358182056164,0.25228763,0
68fc723de3c925d,22,56,0,139,7,15,5,13.94,12.13,10.03,True,2,Standard Complexity,0.04123105625658027,3.7583823529411773,3.7866823948792674,0.25202787,0
e4940fdb09302f9b,38,6,0,160,3,10,1,17.64,5.17,6.31,True,2,Standard Complexity,0.1341640786499162,10.3184375,5.456974384546234,0.2519587,0
d3db82111dc01134,27,0,0,104,8,6,3,20.08,19.21,6.39,True,3,Critical Complexity,1.26087271363941,11.743000000000002,5.918984794709309,0.25195682,0
d886a5b34bc67e7a,45,5,0,179,5,5,3,17.32,10.17,6.44,True,2,Standard Complexity,0.35227829907630537,10.130476190476191,5.2719323973106915,0.25192302,0
db24e235f1445478,21,0,0,247,2,12,9,25.71,4.39,6.3,True,0,Standard Complexity,3.63675679692771,19.00052631578947,6.285048652564033,0.25191662,0
b9db98058fd754cc,62,2,3,218,4,7,0,17.0,5.52,6.35,True,2,Standard Complexity,0.050990195135881475,8.517446808510641,4.80046738331118,0.25177005,0
130336afd3a4a9a0,46,5,0,140,2,9,4,19.91,3.0,6.17,True,2,Standard Complexity,0.3733630940518695,7.777692307692306,5.532655717640565,0.25168437,0
db90996a37ca57e7,82,1,0,283,1,10,1,21.61,10.56,12.64,True,0,Standard Complexity,3.7176471053609137,13.681794871794873,4.496342029942797,0.251681,0
e52e3000d971cc3,33,1,0,137,1,7,0,21.04,9.61,9.1,True,0,Standard Complexity,0.5331041174104962,13.691333333333331,5.222065832173658,0.25154662,0
5e76e9008c7ec8c5,32,1,0,259,0,8,5,26.11,12.52,6.32,True,0,Standard Complexity,2.7246467660964546,12.213636363636363,7.314694143518452,0.25151312,0
7b5015b0684d4f34,79,22,1,64,4,8,2,14.78,9.98,9.43,True,2,Standard Complexity,0.02236067977497756,3.1151515151515152,3.9585504855616187,0.25141725,0
80f1c5d30410c1f4,33,3,2,134,2,4,5,20.0,5.93,6.3,True,2,Standard Complexity,0.4326661530554744,9.887567567567565,5.3409141870603705,0.25119737,0
31ee6f6311d86566,40,21,0,72,0,4,0,20.96,4.94,6.39,True,0,Standard Complexity,0.0,5.524705882352941,5.24297638599327,0.2509205,0
8c9e6ebd9a081ca9,27,3,0,139,1,7,5,30.39,12.85,6.34,True,0,Standard Complexity,2.0934421415460234,12.195238095238096,7.002397969571783,0.25077462,0
26bfc71ec600b7a4,44,3,0,302,3,11,0,24.14,6.8,6.31,True,0,Standard Complexity,0.6356099432829547,9.209285714285713,5.638058131111803,0.25077388,0
cffb9a4685518410,36,3,0,59,6,4,4,16.88,5.15,6.75,True,2,Standard Complexity,0.2817800560721578,7.122,5.275327098863159,0.2506845,0
7b3928156dda3bc5,38,4,2,246,1,4,4,17.16,5.01,6.31,True,2,Standard Complexity,0.33526109228409234,10.727307692307692,5.539974005557113,0.25058836,0
140f95e408cb58c9,17,3,1,79,1,4,1,22.56,3.0,9.15,True,0,Standard Complexity,0.042426406871636596,12.344210526315788,6.631911144561791,0.2504948,0
c3a21d6656afa30e,57,1,0,224,5,5,5,23.04,14.02,12.64,True,3,Critical Complexity,1.4494136745592467,13.048979591836732,4.6702201341718705,0.25047076,0
eb66c1f96fc1a7d5,35,2,0,120,5,1,3,19.36,12.21,6.83,True,3,Critical Complexity,3.6086701151531355,10.372142857142858,6.397654903580382,0.25029752,0
9fe41171681033ad,26,10,0,114,0,5,2,17.75,7.32,6.34,True,2,Standard Complexity,0.07071067811839751,7.893461538461539,6.311597348902618,0.25000346,0
294b5c5347c4e05,36,0,0,171,7,0,8,32.49,10.69,12.57,True,0,Standard Complexity,1.0153324578682152,22.507142857142856,3.2954336991215776,0.24990919,0
12e65581fa1250e,47,2,2,324,2,14,3,25.2,7.42,6.34,True,0,Standard Complexity,0.36674241641784816,8.997894736842106,5.196271010058299,0.24986626,0
d9fdf9122333ba85,61,0,0,301,0,5,13,20.09,8.73,6.32,True,0,Standard Complexity,1.5519342769586275,11.256315789473685,4.599159775124051,0.24981019,0
984634ca02b384e6,28,7,0,260,13,19,5,24.85,7.01,6.55,True,0,Standard Complexity,0.49929950931275285,6.525714285714286,5.0147571003499465,0.24979378,0
52c5425b01c1fb76,39,0,0,220,2,8,6,20.29,19.96,6.3,True,3,Critical Complexity,1.5284632805534328,11.4325,5.451796531114002,0.24966048,0
fcec2d9c24f375a1,41,9,1,156,1,5,3,17.23,2.0,6.36,True,2,Standard Complexity,0.01999999999998181,8.739545454545453,5.994634705128735,0.24942465,0
e41fc717d596001c,38,1,0,388,0,8,12,19.81,8.19,6.3,True,0,Standard Complexity,1.0307764064041594,10.284285714285714,5.38235615907469,0.2493941,0
f27a6e34325af2b9,39,0,1,74,0,0,0,20.99,9.52,6.32,True,0,Standard Complexity,0.17029386365913585,12.31384615384615,5.099128942901067,0.2493517,0
b25e928dc3e5ff06,80,12,3,222,0,8,4,16.13,5.85,6.31,True,2,Standard Complexity,0.030000000000086402,7.411551724137931,4.2518753678672585,0.24934532,0
913ff529a6efc397,26,0,0,220,12,18,5,16.04,1.0,6.28,True,2,Standard Complexity,3.2956031314465632,13.048333333333332,5.034446069054889,0.24920778,0
a82de9aa99bdbe42,29,0,0,158,2,6,5,20.67,8.79,6.29,True,0,Standard Complexity,0.1824828759093413,13.139599999999998,6.098191522082592,0.24917722,0
f10bd8d88060ecdf,38,1,0,281,3,9,2,27.2,10.22,6.4,True,0,Standard Complexity,0.6718630812897394,12.969615384615386,6.220830071232289,0.24911888,0
5953cb8891275d5b,91,2,0,86,0,3,0,24.89,17.34,6.31,True,3,Critical Complexity,0.22360679775023318,8.723333333333333,3.5204880501304237,0.24911879,0
97970205384ea628,42,0,0,82,0,4,8,28.14,3.68,6.31,True,0,Standard Complexity,1.2587692401700832,15.86225,4.945447142321916,0.24911621,0
6c1039aa1dcc0100,69,25,4,242,1,7,2,15.26,8.56,8.15,True,2,Standard Complexity,0.014142135623878865,5.78855072463768,4.195841376425312,0.2490813,0
88878df9223ae392,34,2,1,207,1,9,11,24.48,3.7,6.92,True,0,Standard Complexity,4.343558449013348,14.517499999999998,7.083844610399478,0.24891701,0
2e65cff0f7daa6cc,26,1,2,91,2,4,0,21.96,3.39,6.29,True,0,Standard Complexity,0.14866068747355457,12.390740740740743,5.640673669988645,0.24860668,0
3c07d715a8fa9193,230,79,0,60,5,3,3,19.05,9.38,11.18,True,2,Standard Complexity,0.030000000000654836,2.393555555555556,2.5335558284360875,0.24851146,0
446a4c37c334c69e,46,2,0,312,0,5,12,22.75,11.13,9.68,True,0,Standard Complexity,0.7158910531637304,9.858387096774196,5.1252336511800465,0.24846554,0
a1a4525020a2ef2,27,1,0,155,0,10,2,20.63,1.4,6.34,True,2,Standard Complexity,3.453490987392274,13.8525,7.277279854680135,0.2481398,0
151c31c6091368e2,42,0,0,437,3,8,8,28.92,8.8,6.31,True,0,Standard Complexity,0.35777087639974264,12.183823529411764,5.810831678201283,0.24805668,0
72cb8c561f1d190c,35,2,0,472,3,10,5,19.56,6.26,6.29,True,2,Standard Complexity,2.0267461607217907,12.015,5.711068201308753,0.24802132,0
afd62e8e1c452378,63,5,0,201,3,5,4,18.71,7.17,6.34,True,2,Standard Complexity,0.1886796226412015,9.96790322580645,4.466873459900537,0.24787273,0
e1596d462118db36,51,1,1,236,0,6,6,21.02,3.89,6.31,True,0,Standard Complexity,1.8816216410319229,12.610666666666667,4.8970351120743345,0.24772738,0
d31a5684633420b8,22,2,0,142,4,5,5,23.68,3.12,7.01,True,0,Standard Complexity,0.22090722034309143,12.718499999999999,6.825412276925109,0.24756867,0
e40355feb2d4b4ec,61,10,0,248,0,5,9,20.29,10.16,6.37,True,0,Standard Complexity,0.5977457653546745,7.255102040816326,4.578465620550979,0.24739864,0
ecd8c1ba3f4af366,40,0,0,160,3,14,3,27.7,4.89,6.32,True,0,Standard Complexity,3.809002494092322,17.1571875,6.249848615354115,0.247122,0
db9870797cc30680,23,2,0,90,2,3,3,20.38,8.12,6.3,True,0,Standard Complexity,0.3956008088978336,11.072608695652175,5.552424630885458,0.24704894,0
38d1a22e6bcc69cd,45,0,0,375,4,10,5,27.72,8.43,6.35,True,0,Standard Complexity,11.437010098797574,15.160666666666666,5.772298752567203,0.24702443,0
d5b9b74c716e8d01,24,1,0,125,5,4,7,33.04,7.84,6.3,True,0,Standard Complexity,3.2863505595113756,15.57695652173913,7.128245979007745,0.24697976,0
5c037f5f728a73e6,44,2,0,149,0,7,5,23.26,8.09,6.37,True,0,Standard Complexity,3.942029933930223,13.75964285714286,7.208126605308988,0.24685283,0
25816c950b3e8a16,83,16,4,107,9,12,1,17.53,6.92,6.31,True,2,Standard Complexity,0.3512833614048935,5.04675,4.040937012315337,0.24678265,0
b04f2275ccf2a71f,60,6,0,36,4,6,0,13.37,5.18,6.3,True,2,Standard Complexity,1.033102124671124,7.643684210526315,4.6952811815652975,0.24677756,0
73ec8347737511f9,29,0,0,131,4,0,6,24.62,3.92,6.3,True,0,Standard Complexity,7.508941336833025,19.13764705882353,5.999237725511237,0.24674512,0
e73cf0e73f22aa4f,37,3,0,158,6,9,6,22.44,11.16,6.3,True,0,Standard Complexity,0.4220189569203011,10.209062499999998,5.452035376452885,0.24669196,0
9f5d835bd88a8ab8,62,2,0,154,14,10,5,15.55,12.26,6.29,True,2,Standard Complexity,2.5080071770230288,10.256470588235295,4.582207201488192,0.24665914,0
6d86cdc47789ad07,41,4,2,242,8,9,3,16.71,4.19,6.31,True,2,Standard Complexity,0.9798979538707974,8.323333333333332,6.168871902994546,0.24640463,0
75303a1c098c4479,24,5,0,350,1,8,8,21.69,4.01,6.48,True,0,Standard Complexity,0.028284271246149958,9.7796,6.217944020333409,0.246205,0
70ce6d61cc042841,42,1,0,143,2,8,5,23.25,7.61,6.3,True,0,Standard Complexity,1.7805897899294536,11.927,5.9035792250690315,0.24583264,0
1e8e253d97321379,37,4,0,97,7,6,1,23.01,7.75,6.78,True,0,Standard Complexity,0.6815423684555368,7.8126923076923065,5.393354570275355,0.24576905,0
4d4b583fbbb6461e,28,2,0,161,6,5,3,24.86,5.74,12.63,True,0,Standard Complexity,0.9843271813780476,11.987368421052633,6.538460982690091,0.24573372,0
cf9907f4fdcf061d,62,0,2,63,4,0,12,29.71,12.31,6.31,True,0,Standard Complexity,0.38910152916685065,13.303859649122806,4.321955273231135,0.24532667,0
3b30e9fb31b3c4b6,48,19,0,139,1,4,8,17.51,13.01,7.91,True,3,Critical Complexity,0.050990195135703104,6.813043478260869,4.656000275271365,0.2453098,0
50d6ff00c801ab43,71,10,1,22,4,4,0,14.79,5.67,10.5,True,2,Standard Complexity,0.25961509971492625,5.126060606060606,4.204120590054577,0.24520503,0
d60bfa2d6b8e2370,43,4,1,210,1,5,2,17.35,7.46,5.8,True,2,Standard Complexity,0.15811388300838303,8.959,5.899871947762934,0.24498123,0
f888c690824b4d26,40,7,5,144,3,14,3,18.03,9.21,7.3,True,2,Standard Complexity,0.04472135954995512,9.058444444444444,5.533391949711841,0.24488363,0
df6f3d9ab0725c48,23,3,2,46,5,4,0,19.29,18.69,9.3,True,3,Critical Complexity,1.3994284547627691,9.064375,5.398271677988706,0.2448273,0
ef576bede42b2ac2,175,154,0,165,5,18,5,13.34,13.0,10.64,True,2,Standard Complexity,0.02236067977497756,2.6374456521739136,2.2992592137096945,0.24478315,0
75bb7d9c2b3a8ec4,20,0,0,357,14,14,7,25.3,5.5,6.29,True,0,Standard Complexity,1.412869420717851,18.781176470588235,4.207365925098703,0.24450412,0
3dce78bd238e393e,47,0,0,79,0,0,0,21.05,12.85,6.31,True,3,Critical Complexity,0.9457801012920347,10.866111111111111,4.854338997099959,0.24448138,0
807365accc60883e,22,8,0,103,2,4,0,21.19,5.07,6.67,True,0,Standard Complexity,0.029999999999972715,8.89,6.825910021312002,0.2443672,0
c9b167b6c260f220,20,2,0,210,8,3,15,22.87,2.83,6.48,True,0,Standard Complexity,1.9138704240357094,13.047,6.203964941873867,0.24435763,0
6ecd48b2eedbdc98,41,0,0,346,0,11,4,18.97,14.8,6.28,True,3,Critical Complexity,2.1800917411888427,14.057894736842103,5.029214209781388,0.24417004,0
c7d618665f57af00,104,11,0,252,14,14,13,15.49,12.23,6.41,True,2,Standard Complexity,0.5336665625651134,4.304722222222222,3.6870791557298146,0.24405529,0
5f21cc2a9c4f2b42,16,7,1,125,3,4,8,23.65,8.87,6.59,True,0,Standard Complexity,0.036055512754165665,10.515238095238095,8.124870471669434,0.24404666,0
b06b72efe5f86430,24,10,0,109,0,7,3,19.77,3.55,6.32,True,2,Standard Complexity,0.014142135623718088,9.287692307692307,7.173533250075645,0.2438816,0
82992436a82a890b,207,30,0,65,5,11,3,11.2,8.94,6.84,True,2,Standard Complexity,0.0806225774833352,3.325454545454546,2.8631899363420246,0.2438026,0
9dc9521676fcc915,71,13,0,162,10,9,2,15.63,14.45,7.21,True,3,Critical Complexity,0.18601075237770862,4.942777777777779,3.8288782888226267,0.24376911,0
dc0200adaea3524a,26,3,0,86,0,7,0,20.57,3.63,6.34,True,0,Standard Complexity,1.042353107157015,12.536666666666665,6.0795616487761555,0.24375868,0
28c5c0358a61a34,35,9,0,111,3,4,0,17.57,17.33,6.7,True,3,Critical Complexity,0.45398237851262446,8.759354838709678,5.019320051293331,0.24368368,0
e244d04e60192df9,85,4,0,441,1,8,15,22.09,4.22,6.31,True,0,Standard Complexity,1.5088074761215988,8.626140350877193,4.401504030974821,0.24363776,0
2dc6805e670e8070,111,7,2,179,1,5,3,17.85,14.76,6.41,True,3,Critical Complexity,0.1166190378971119,6.07904761904762,3.6756222728907444,0.2432988,0
b91c4192d2e5affd,20,8,0,38,3,6,1,25.38,14.42,6.45,True,3,Critical Complexity,1.8117670931992687,4.862,7.435288561986011,0.24329217,0
e69f1ef852ad32a5,39,2,2,108,2,4,8,20.63,3.95,6.34,True,0,Standard Complexity,1.5206906325736578,10.067916666666667,5.522073870059046,0.24324587,0
ba22442d5a88e9e,39,0,0,123,2,14,2,22.75,10.15,6.31,True,0,Standard Complexity,0.19104973174525425,11.04090909090909,5.253163758782323,0.24321875,0
f15acfc1eff50fa9,33,3,2,49,2,0,0,20.58,17.35,6.31,True,3,Critical Complexity,1.8701069488135822,13.006153846153845,4.919490340177586,0.24318026,0
3e1dbcff236c52f6,36,37,2,39,3,4,2,20.65,20.36,7.84,True,3,Critical Complexity,0.08062257748226352,4.4684,4.41159352615356,0.24308115,0
8e53bd921ef03fdd,26,1,0,204,5,4,12,23.84,4.98,0.17,True,0,Standard Complexity,13.432416014998836,11.192222222222222,7.663886130239929,0.24302146,0
e22d3110574c4d5d,30,5,0,216,3,5,3,19.97,10.48,6.3,True,0,Standard Complexity,0.9408506789076334,10.089354838709676,5.369954006821643,0.24275711,0
8198fa7729bca5b,88,6,1,119,11,8,2,11.96,8.28,6.9,True,2,Standard Complexity,0.050990195135881475,5.503809523809523,3.9905381856759456,0.24201609,0
322ac31a5577af5a,42,0,0,205,4,11,10,24.32,6.28,6.33,True,0,Standard Complexity,1.987586476106158,11.176071428571428,5.6404928478215925,0.24199027,0
a09f340838e8741e,34,1,0,108,1,7,5,21.28,16.25,7.5,True,3,Critical Complexity,1.424148868622261,12.876206896551722,6.231600455184519,0.24177971,0
a810a644c704fe8c,49,4,0,387,2,11,2,20.98,13.58,10.14,True,3,Critical Complexity,0.6551335741662581,11.886315789473684,4.808346045133471,0.24168551,0
b824020e4cf247c7,125,3,0,365,10,4,5,14.47,6.4,6.29,True,2,Standard Complexity,0.6493843238020264,3.9388000000000005,3.6695529100968147,0.24166171,0
13dcf247070064c8,62,2,0,86,8,4,2,12.99,12.52,0.12,True,2,Standard Complexity,3.634074847881064,7.458,4.829158932982016,0.2416488,0
9e0d392278355206,25,0,0,107,3,4,0,32.67,25.75,6.31,True,1,Critical Complexity,1.7181967291320117,11.83857142857143,6.0893515846178925,0.24163435,0
afd7ee5ad787cb75,31,1,0,475,2,14,19,22.14,14.54,6.29,True,3,Critical Complexity,4.516480930990498,12.554666666666668,6.979578656496553,0.24161494,0
85fe826f76871286,24,0,0,87,2,4,2,21.63,5.54,6.33,True,0,Standard Complexity,0.7433034373657662,13.107894736842107,5.870081662614394,0.24147943,0
f7e2113282462659,52,40,0,81,8,12,1,13.88,9.4,9.21,True,2,Standard Complexity,0.11661903789701684,3.4935416666666668,3.4338155949221494,0.2414124,0
f1185df6cc85c0ce,27,5,1,506,0,11,23,26.03,6.51,6.29,True,0,Standard Complexity,2.7000740730578148,9.434583333333334,6.506067667420587,0.2412495,0
4bae45fbb2b72f32,51,4,0,310,0,9,12,28.23,10.94,6.28,True,0,Standard Complexity,0.1969771560353274,15.127906976744185,4.587282500079183,0.24112125,0
ac7617a06f143f95,40,5,0,115,3,2,1,18.0,5.02,6.5,True,2,Standard Complexity,1.1610770861575936,9.06,6.226669395809117,0.2407491,0
5225031959e8af42,55,3,0,279,2,14,1,19.02,15.41,6.33,True,3,Critical Complexity,0.8839117603018977,8.417777777777777,4.6625414571353865,0.24045612,0
3e3482d748998b39,28,0,0,96,0,5,0,26.54,6.82,6.84,True,0,Standard Complexity,3.1432626361791747,13.76392857142857,6.560054626996918,0.2402072,0
debb2b53dc2995a5,26,0,0,87,0,4,9,23.26,4.64,6.3,True,0,Standard Complexity,3.713448532025215,17.832173913043476,6.069180846182399,0.24016759,0
95ac4c4dc4c704f4,82,5,1,123,0,2,4,16.63,4.77,6.38,True,2,Standard Complexity,2.4894176025729475,6.3510526315789475,4.666080170241897,0.24006839,0
ba5056f1b70b93dc,19,9,0,111,3,8,0,19.58,13.24,6.49,True,3,Critical Complexity,0.06324555320331006,7.207999999999998,6.672534451016345,0.24005133,0
b5e6b254c7da9d8e,40,2,0,117,1,5,2,19.47,3.13,6.3,True,2,Standard Complexity,0.32388269481377346,12.456470588235293,5.326658748747242,0.23994228,0
b0b41ef4e7020a7,29,0,1,146,0,4,0,21.64,7.87,6.29,True,0,Standard Complexity,0.21023796041593834,16.06318181818182,5.082962080558608,0.23988438,0
8e815a967812977d,51,0,1,258,1,4,9,29.63,20.34,6.44,True,1,Critical Complexity,0.30083217912977206,16.078510638297875,4.55927438176128,0.23961405,0
2e2e2102fb04df2d,27,4,0,62,6,4,4,16.08,3.09,6.36,True,2,Standard Complexity,0.7532595834106323,7.19,5.837677192171557,0.23960984,0
9fb0c54fdefc4f06,32,6,3,122,4,7,1,21.3,4.12,6.79,True,0,Standard Complexity,0.028284271247436175,10.732413793103449,7.124348079151748,0.23951529,0
dc439dce94fb34ef,37,1,0,151,4,9,3,23.68,9.43,6.3,True,0,Standard Complexity,0.48414873747595377,12.847419354838712,6.278789675716448,0.23949444,0
8acdc9d64155f556,9,2,0,295,1,8,17,25.25,6.07,6.32,True,0,Standard Complexity,8.893413292993834,12.1,8.903355172817342,0.23944569,0
77f948104c0fae6b,25,3,0,104,3,4,6,22.95,5.86,6.31,True,0,Standard Complexity,0.23706539182289627,12.293703703703704,5.838583762921703,0.23938459,0
9e95a6d9d8c04f05,82,48,0,225,9,15,9,10.08,5.39,9.47,True,2,Standard Complexity,0.10049875621132112,2.963823529411765,2.7070197577517106,0.23936282,0
829421149497a711,35,0,0,421,12,7,20,20.01,5.88,6.42,True,2,Standard Complexity,15.034257547347975,8.040833333333333,6.782804801276698,0.23929313,0
8fefdb98ce4085b8,26,2,3,76,6,3,1,17.84,16.49,6.34,True,3,Critical Complexity,1.8325119372052616,10.097272727272726,5.077374215637432,0.2390857,0
af80f2d97dd5f2c4,27,0,0,199,1,7,2,26.31,11.02,6.29,True,0,Standard Complexity,7.056812311518498,12.193076923076923,8.436086756507049,0.23894806,0
4cbc9d5660402dbb,95,7,0,221,5,13,3,13.63,6.76,9.45,True,2,Standard Complexity,1.9770938268074516,6.954651162790697,3.9877238065571152,0.23887806,0
6ca685bdfaba197f,63,1,0,364,5,11,10,19.2,6.1,6.39,True,2,Standard Complexity,0.841189633793975,9.838064516129034,4.183880294465691,0.23871301,0
ee71ef3657a333c2,42,2,1,246,14,8,10,18.62,4.1,6.33,True,2,Standard Complexity,9.09871419487397,7.624,6.125824352689196,0.23796104,0
f557d39b0edb11f5,59,7,0,159,8,4,10,18.12,2.79,8.01,True,2,Standard Complexity,0.9436630754669341,5.915333333333335,5.115572130487676,0.23787875,0
eeb7f7f0c299ce81,25,2,0,141,3,6,1,18.8,4.61,6.9,True,2,Standard Complexity,0.22203603311154324,13.893125000000001,5.538072452069853,0.23779207,0
5b43a6d3a0f0346e,24,1,0,89,2,4,6,25.8,3.59,6.3,True,0,Standard Complexity,0.9831073186578783,15.129499999999998,6.096836454260521,0.23770879,0
907becae9cb669fc,33,5,1,116,0,9,0,22.59,4.57,7.67,True,0,Standard Complexity,2.310779089397937,9.788333333333334,6.400185327177818,0.23749559,0
8791c4623cc0caa3,53,3,0,289,0,7,10,19.5,12.94,6.41,True,3,Critical Complexity,0.6140032573215766,9.126000000000001,4.993812857641229,0.23742078,0
a398faef32fd1fc9,36,0,2,136,4,2,11,23.42,13.95,6.3,True,3,Critical Complexity,1.1189280584559476,15.718799999999998,4.8092280627976045,0.23741089,0
6900b0cd85d220c,44,3,0,228,3,13,6,23.95,8.04,6.46,True,0,Standard Complexity,3.0207614933986933,13.897391304347826,6.240523401537868,0.237294,0
8653fc010144fbcd,50,1,0,314,0,12,14,21.41,3.89,6.49,True,0,Standard Complexity,5.296413881108526,11.623684210526315,6.082932300622884,0.23718391,0
2ed07775ecfb419f,42,4,1,173,1,4,2,20.58,8.52,7.9,True,0,Standard Complexity,0.857088093488742,7.92904761904762,5.490878067314314,0.23706724,0
c4ba3e6f0f905991,24,0,0,230,8,10,2,19.29,15.96,6.29,True,3,Critical Complexity,2.235732542143353,11.375882352941177,5.927049716266969,0.23700757,0
dcc96f03aa3855b5,23,4,0,122,4,5,3,25.43,2.23,6.31,True,0,Standard Complexity,0.6453681120105811,12.778235294117648,7.137542199561347,0.23695154,0
aeddd55650a04c33,62,0,0,93,2,4,4,21.91,17.04,6.3,True,3,Critical Complexity,0.8178630692238865,12.313478260869564,4.342450829433668,0.23693591,0
f6a5b3d235a1eb94,46,5,0,188,10,14,12,17.86,11.6,6.28,True,3,Critical Complexity,0.3125699921616969,5.961176470588235,5.205096916488165,0.23665586,0
d170bf01a56c3943,17,0,0,191,2,4,2,33.08,11.57,6.29,True,0,Standard Complexity,2.878628145488935,17.779285714285713,6.9802399306754435,0.23664759,0
1be42f07999cab1,41,0,1,344,4,8,14,23.26,10.9,12.57,True,0,Standard Complexity,1.5673225577391443,18.736333333333334,3.8859323062669127,0.23659833,0
6c2b7fbcc330bc5e,13,0,0,182,3,5,3,25.96,2.08,6.29,True,0,Standard Complexity,11.040289851267245,19.486363636363635,7.273320203102535,0.23656526,0
9008f351287129c0,47,2,1,86,0,5,1,19.41,7.94,6.31,True,2,Standard Complexity,1.4246754016267003,10.014545454545456,5.104552092604767,0.23615098,0
eae4c0e9e92c8121,38,23,0,158,2,5,4,20.48,5.36,9.49,True,0,Standard Complexity,0.009999999999763531,5.760000000000001,5.560897281143446,0.23579974,0
bd00b35646269662,58,37,1,98,8,16,0,12.76,5.04,7.04,True,2,Standard Complexity,0.014142135623878865,2.939245283018868,3.164484427920798,0.2357522,0
9f45f3fae0e55856,45,0,0,225,2,5,3,25.76,12.07,6.35,True,0,Standard Complexity,0.6700746227100431,15.264193548387098,4.77674931591089,0.23573783,0
b31f4ae5dbcea78a,49,10,0,146,3,8,6,15.86,8.45,6.46,True,2,Standard Complexity,0.0,8.762162162162161,5.031354734084044,0.23557825,0
3531f1cc7b314203,19,2,0,244,8,10,3,20.72,5.11,9.41,True,0,Standard Complexity,0.3940812099047657,8.563333333333334,6.89422383029607,0.23548831,0
ac1de5686758061f,80,2,0,390,4,15,3,16.65,8.07,6.41,True,2,Standard Complexity,0.2435159132377356,6.950952380952381,4.327874662345309,0.23548768,0
3f1a6e81358e0600,36,0,0,136,0,12,0,21.17,4.61,6.29,True,0,Standard Complexity,2.446242015827525,14.111428571428572,5.242090446081407,0.23546864,0
243cdd9c3ea66ba3,37,1,0,403,1,14,11,25.31,9.85,6.33,True,0,Standard Complexity,2.297324530839802,13.128,6.25311490378995,0.23540087,0
912906126c62fbb,18,5,0,71,0,4,0,22.19,12.3,6.83,True,3,Critical Complexity,0.16124515496582434,11.492608695652176,5.6359453644644875,0.23523903,0
9791127f81f5f679,32,5,0,148,11,6,3,18.99,6.07,6.29,True,2,Standard Complexity,3.1600158227451063,6.757692307692308,6.234734161066661,0.235223,0
88dbf840476535fe,22,3,0,309,0,9,6,24.26,6.51,6.39,True,0,Standard Complexity,0.6888396039713756,12.201666666666666,6.504370539192176,0.23513499,0
3f137e6f6689f77e,47,3,1,206,1,10,5,22.75,6.1,6.86,True,0,Standard Complexity,0.7798717843338036,11.592058823529412,5.029860119334256,0.2346366,0
9e6b5c73444b74af,39,4,0,323,2,8,10,19.86,7.11,6.45,True,2,Standard Complexity,1.292478239661579,9.246250000000002,5.9182153929626455,0.23461325,0
239347bc0da71325,33,25,9,90,0,9,0,20.55,13.15,9.63,True,3,Critical Complexity,0.041231056256194255,5.4834146341463414,4.635710069931981,0.23448355,0
260ecb366ddbaa21,47,6,1,141,4,6,1,19.26,3.95,9.38,True,2,Standard Complexity,0.0640312423744123,8.013214285714286,5.473822152215181,0.2343449,0
6c0039de95f68dd9,13,1,0,235,8,8,16,23.54,4.02,12.58,True,0,Standard Complexity,15.133994846041208,15.049999999999999,8.927933691510034,0.23407903,0
bbd2d0be43095aa2,33,2,0,131,2,6,1,21.14,2.2,6.29,True,0,Standard Complexity,3.285498440115035,12.68578947368421,6.8724149710728355,0.23402637,0
e652b52cd5e0c764,26,1,0,314,14,10,7,19.47,5.28,6.29,True,2,Standard Complexity,0.670820393250242,13.432083333333333,4.81785220055461,0.23399378,0
c95290efe1f9a0b4,45,43,15,90,9,9,0,13.68,6.02,6.84,True,2,Standard Complexity,0.05000000000291038,4.442625,3.4677452125805033,0.23392752,0
b2d6f447f7408f78,24,0,2,95,2,1,1,20.91,4.36,6.32,True,0,Standard Complexity,1.5512897859523458,11.750000000000002,6.084848943619444,0.23358019,0
a371b2a3915683a9,46,1,0,132,0,6,5,24.66,9.76,9.43,True,0,Standard Complexity,0.6395310782137265,15.71,4.9933531429046845,0.23354262,0
d465bb81a98d3e76,40,0,0,431,5,13,11,24.06,6.02,6.29,True,0,Standard Complexity,2.1758906222509045,11.930434782608693,5.911296097311868,0.23347598,0
320e9229fb46d90d,47,0,2,101,6,1,3,15.09,2.8,6.29,True,2,Standard Complexity,5.8319893689889355,8.84076923076923,5.38745902934764,0.23336749,0
9df667496563087,34,0,0,257,6,6,10,20.83,16.83,6.28,True,3,Critical Complexity,7.754901675713943,13.203571428571427,5.866116514286404,0.23328091,0
706be7966b7eff69,66,3,0,183,1,9,4,16.37,11.13,6.32,True,2,Standard Complexity,1.4757371039585976,8.820833333333333,4.43215609369626,0.23321198,0
36eb1be03abbe1c3,38,4,0,596,0,11,25,26.29,6.52,6.29,True,0,Standard Complexity,6.891857514487072,12.091428571428569,8.60985276446992,0.23299105,0
1c14d8887db157ca,51,4,0,492,1,9,20,21.61,4.29,6.29,True,0,Standard Complexity,5.738466694161686,7.932727272727272,5.599915731361241,0.23274918,0
531d5c6829afac66,21,0,0,336,0,9,18,23.03,5.85,6.29,True,0,Standard Complexity,2.981811529925265,12.906428571428572,5.503273840104968,0.2327453,0
7699d6bfc800856d,26,1,0,41,2,0,0,24.14,6.42,6.77,True,0,Standard Complexity,0.3634556369078761,18.420714285714286,4.711598855538341,0.23265095,0
3e22adce2019cccf,41,2,0,427,3,12,13,18.95,5.73,6.37,True,2,Standard Complexity,0.18384776310929982,9.215806451612902,5.14921965537626,0.23262514,0
13814d7fb482ec84,24,4,0,143,0,4,4,18.79,7.97,7.08,True,2,Standard Complexity,0.2545584412270864,11.174499999999998,5.775384381147284,0.23255426,0
4e9ec6c53fd53f77,20,2,1,144,2,5,7,25.25,23.58,6.31,True,1,Critical Complexity,0.09000000000014552,12.194999999999999,7.1116248729339855,0.23243773,0
f37345a7cb172a6a,37,4,0,115,0,7,6,20.04,4.19,6.4,True,2,Standard Complexity,0.9300537618870213,8.796842105263158,6.042023060141345,0.23240116,0
dad6e37e092a0b35,35,1,0,246,1,5,6,18.4,17.98,6.3,True,3,Critical Complexity,3.589874649622166,7.797999999999999,6.686426250247587,0.23230629,0
b0ac176e52520717,64,2,0,186,3,8,10,14.32,12.33,7.28,True,2,Standard Complexity,23.085666548748392,9.283333333333333,5.266928263545398,0.23229317,0
976956bf8b193790,57,1,0,267,4,6,7,23.15,9.87,6.28,True,0,Standard Complexity,2.813965173913462,12.050714285714285,4.824883612145301,0.23223557,0
13bfeb7e73a83eca,25,0,0,171,4,3,3,24.32,4.31,6.3,True,0,Standard Complexity,5.261862788025016,18.27052631578947,5.324725319018032,0.23220474,0
ba7503348664e5b6,62,34,0,178,0,8,7,16.52,12.41,8.64,True,3,Critical Complexity,0.03000000000020009,3.2072499999999997,3.990174800369026,0.23170388,0
2dfc007d6ab0bc6a,102,1,0,92,5,8,3,13.07,3.93,7.79,True,2,Standard Complexity,4.2719784643651755,5.047857142857143,4.756786398056433,0.23160256,0
51b3ec17986a6adc,65,0,0,110,0,7,0,21.19,12.82,18.84,True,3,Critical Complexity,2.8869360921225637,14.177333333333332,3.3054106485511836,0.23159592,0
e17edcc2fc099f14,39,10,0,82,0,4,0,15.49,3.27,6.67,True,2,Standard Complexity,0.08485281374230853,7.626046511627906,5.009126619103251,0.2315593,0
895aff21e7966cfb,39,1,0,147,0,7,1,29.58,5.57,6.32,True,0,Standard Complexity,3.506465456838209,14.108055555555557,5.93399238823073,0.23127294,0
487d95be9c8e1ca6,44,0,0,208,5,6,4,25.66,12.71,6.89,True,0,Standard Complexity,2.5973832986295524,20.562926829268292,3.935759290120268,0.2312535,0
d3cf5e97c5a54ad6,23,3,0,78,5,0,8,21.4,3.76,6.28,True,0,Standard Complexity,0.041231056256194255,5.915,7.594328475908847,0.23116903,0
ebd5ac73aa6f5436,132,3,0,342,8,7,2,13.08,9.14,6.91,True,2,Standard Complexity,0.38470768123352617,6.316363636363636,3.9929922084646625,0.23102728,0
a50cfa48f1c0a7c3,61,6,2,280,8,10,10,16.54,13.53,12.57,True,3,Critical Complexity,1.6298466185510687,7.823529411764706,4.644291804654613,0.23097934,0
3111e08f3ee52c4c,34,0,0,187,2,4,3,22.13,9.95,6.3,True,0,Standard Complexity,3.3080054413500948,11.279375,6.491709586801846,0.23097415,0
bfbb0dd0f2b2d98c,19,0,0,41,0,0,0,23.94,5.86,6.3,True,0,Standard Complexity,8.013944097634226,12.683333333333332,6.42014710804113,0.23062833,0
126c5f666f692750,26,1,0,213,3,6,1,19.97,6.82,6.3,True,0,Standard Complexity,0.3088689042300358,12.265555555555554,5.332711306319067,0.23050085,0
3c2301edb59dd256,37,2,0,268,2,9,6,20.84,17.48,6.4,True,3,Critical Complexity,1.3612494260791792,10.692142857142857,5.239669671392092,0.23042479,0
62a21b5f3e016ce,410,28,0,104,9,13,4,11.43,9.8,6.62,True,2,Standard Complexity,0.381182371051025,2.7531147540983607,2.5615924484736827,0.2303657,0
615332872a898b1f,117,15,0,29,2,4,0,10.48,8.69,7.9,True,2,Standard Complexity,0.10049875621156999,3.140384615384615,3.1608719351679757,0.23034196,0
61ec85b62a8f651a,54,10,0,100,4,7,3,15.09,7.23,6.53,True,2,Standard Complexity,0.17204650534069607,5.780555555555555,4.850360206809642,0.23031746,0
837646eae071bcb7,29,3,1,54,4,3,4,19.52,16.58,6.42,True,3,Critical Complexity,0.7441102068912406,7.424285714285714,5.247831816618193,0.23025471,0
abc278a148b64e0d,86,5,1,132,9,13,6,12.71,10.7,6.37,True,2,Standard Complexity,1.632207094703516,6.2807692307692315,3.839020230652731,0.23016089,0
cf54bd8cd7130ccd,46,0,0,60,0,5,0,19.91,6.03,6.34,True,2,Standard Complexity,0.6053924347066214,11.396666666666665,4.907794707288487,0.23012058,0
c514753c5ab6f71b,29,2,1,135,2,4,4,24.27,8.49,6.29,True,0,Standard Complexity,3.8800128865766474,13.33,7.266743883381791,0.23002057,0
d5082d4fb247486b,27,0,0,103,1,4,8,21.75,10.79,6.29,True,0,Standard Complexity,3.8594559202041365,14.813181818181816,5.407133660405261,0.22994538,0
9fc154096015d6f3,44,4,0,253,0,13,4,20.59,5.09,6.29,True,0,Standard Complexity,3.866264346885777,11.183703703703703,6.437139431483263,0.22986613,0
7f6fcc72e5226645,77,11,5,123,8,3,3,13.66,7.49,9.42,True,2,Standard Complexity,0.14317821063285563,5.435,4.177003746002349,0.22975174,0
813e40cf4ed2f8a8,40,8,2,115,4,5,2,29.98,22.95,6.33,True,1,Critical Complexity,0.07615773105867431,8.092820512820515,5.516167356155693,0.22936833,0
c44f28dcc61ba9a6,28,2,3,108,0,4,0,22.35,12.99,6.27,True,3,Critical Complexity,0.04123105625663542,11.1225,5.87905055401522,0.2291458,0
520663c9dd605e26,41,15,1,180,5,5,6,16.79,3.14,6.61,True,2,Standard Complexity,0.056568542495193906,5.958484848484848,5.400094343290411,0.22905074,0
df545080a5cac100,73,73,1,168,1,7,3,12.29,6.98,7.19,True,2,Standard Complexity,0.03162277660187074,2.5748809523809526,2.679305388861084,0.22904819,0
410a53a4721a516c,25,0,0,84,0,4,0,24.39,4.76,6.35,True,0,Standard Complexity,2.3135470602521773,17.4075,5.2734905028200565,0.22881688,0
2ec954dd92610a07,38,3,1,109,0,7,1,28.62,11.35,6.31,True,0,Standard Complexity,1.3096946208939748,10.465675675675676,5.3525934812850124,0.2287396,0
6d535c10e0179d70,26,1,0,216,2,4,3,21.03,14.85,0.17,True,3,Critical Complexity,1.2400403219250664,9.120000000000001,6.282536907969582,0.2286253,0
9a735cb4a162145e,13,0,0,108,4,4,5,36.03,12.52,6.29,True,1,Critical Complexity,8.635195423381981,19.86,7.002012897402048,0.22850154,0
bcad4896fd4e43b1,34,0,0,101,1,1,2,25.53,10.57,12.56,True,0,Standard Complexity,2.5394684483175443,15.379259259259262,4.880796023362739,0.22839646,0
fab69bb10fab655d,84,4,0,263,16,16,12,14.59,14.37,6.51,True,3,Critical Complexity,0.1615549442138882,6.024285714285712,3.6837630493941425,0.22834465,0
fbf00a4c040d83cc,38,0,0,132,5,4,10,23.12,6.02,6.42,True,0,Standard Complexity,3.81634642033396,15.85875,5.478244329846927,0.22814974,0
fc93dc591ec1dc24,28,4,3,127,2,4,7,27.19,6.56,6.32,True,0,Standard Complexity,0.041231056256142554,11.446296296296294,6.88943213708269,0.22813024,0
d31a48e23d31e2d,42,3,0,150,3,4,7,17.77,3.6,6.4,True,2,Standard Complexity,0.8060397012554602,7.56230769230769,6.553542968790773,0.2280956,0
1caa0a8685a722cb,53,4,0,140,2,6,0,18.71,11.0,6.29,True,3,Critical Complexity,0.39924929555423305,10.268799999999999,4.723813137709831,0.22801061,0
180b0a2beca96ae1,24,1,0,77,6,2,1,17.81,5.51,6.44,True,2,Standard Complexity,11.621346737792637,10.652,5.1442468836555655,0.22792697,0
f85aeb176939d8d8,43,0,2,50,0,3,0,18.54,6.19,6.45,True,2,Standard Complexity,1.1884864324005477,9.435625,5.103188915705061,0.22776498,0
e403af9653bc6c97,29,1,0,149,1,3,3,19.56,5.73,6.87,True,2,Standard Complexity,0.3501428279996927,8.778076923076922,5.403026943105965,0.22769332,0
41654025e39ec644,107,111,3,204,10,11,10,14.09,13.35,9.48,True,3,Critical Complexity,0.01414213562355731,2.4090506329113928,2.2469979376077593,0.22767298,0
ce9ee48717826f19,64,0,0,114,0,4,1,19.72,11.9,9.4,True,3,Critical Complexity,0.47434164902523535,7.9188636363636355,4.143827400708131,0.22746581,0
bdb7dedb629d0546,36,23,2,244,12,16,10,18.1,7.89,6.47,True,2,Standard Complexity,0.03162277660143933,5.812222222222222,4.860428371102416,0.22730324,0
90af149dd91c4120,35,3,2,55,3,0,0,20.58,17.34,6.31,True,3,Critical Complexity,1.027277956543587,13.068076923076923,4.843340407381578,0.22728157,0
8fcc308f4fb657b2,31,0,0,157,8,4,7,16.59,14.93,6.31,True,3,Critical Complexity,1.8122361876973512,9.471250000000001,5.257745328322778,0.2270421,0
801febd42ab67467,41,1,0,59,2,4,3,15.74,2.29,6.31,True,2,Standard Complexity,0.5685947590331667,7.777777777777778,5.076010633422401,0.22688784,0
fe7726d7a16a304e,28,0,0,170,3,1,11,19.21,16.33,6.29,True,3,Critical Complexity,12.750109803448819,10.8125,6.5340832371496465,0.22688234,0
a41a26d16537fe75,36,1,0,125,1,5,2,19.49,8.88,6.29,True,2,Standard Complexity,1.0630145812732938,11.568399999999999,5.7974612926694045,0.22684194,0
748cf32de21fa653,107,4,0,188,0,8,3,23.21,16.92,6.57,True,3,Critical Complexity,0.360693775937586,7.393389830508476,3.818755503275234,0.22682141,0
e0969e8414a1b18,70,9,2,53,3,2,0,12.93,4.43,6.54,True,2,Standard Complexity,1.0080674580603801,5.5203999999999995,4.1773919902254795,0.22682065,0
962406f18eb9b927,39,3,1,125,4,5,2,16.95,3.94,6.34,True,2,Standard Complexity,0.36674241641779043,8.765,5.826536278098679,0.22671866,0
5bd2d1aa4be334f,90,1,0,107,3,5,4,15.82,10.81,6.31,True,2,Standard Complexity,0.4070626487408782,8.177999999999999,3.8033690328444334,0.22658774,0
3251a39f5d953561,120,14,3,71,13,4,0,9.96,6.11,9.92,True,2,Standard Complexity,0.036055512755931406,3.994838709677419,3.2711740725151124,0.22656748,0
6a0103fb56f69422,24,4,1,256,0,7,10,23.37,21.03,6.97,True,3,Critical Complexity,1.1,10.355555555555556,5.7215507696669565,0.22634396,0
58b418533288e07e,18,14,13,63,3,0,0,20.07,5.11,6.99,True,2,Standard Complexity,0.11704699910730348,5.20421052631579,5.505973613209827,0.22628956,0
de1f35929667db2d,35,5,0,128,1,4,1,17.36,4.58,6.29,True,2,Standard Complexity,0.09219544457237644,9.375,5.290815710488595,0.22627242,0
a239d61c732ae7e7,30,13,4,265,1,7,6,24.91,10.09,18.93,True,0,Standard Complexity,0.0316227766003608,8.1725641025641,6.321297626420409,0.22626968,0
786d7c10d87592c6,86,27,2,45,4,8,0,12.09,11.61,6.66,True,2,Standard Complexity,0.05385164807150718,3.8787499999999993,3.423494696578337,0.22625718,0
a2f402726948f985,55,0,3,355,4,5,8,24.78,17.82,6.29,True,3,Critical Complexity,1.0599056561795248,13.68342105263158,4.575049770402727,0.22618744,0
15e07cd43d0c4c47,36,5,0,133,0,5,4,20.59,3.37,6.49,True,0,Standard Complexity,0.07280109889284829,6.85764705882353,6.3951659403681065,0.22610514,0
c6b914e3d0cd6889,54,8,0,87,0,10,0,19.13,18.73,8.34,True,3,Critical Complexity,0.1131370849897849,8.063809523809525,4.593488119781737,0.22594087,0
45cc816ab0976484,50,0,0,158,3,7,4,25.68,7.86,6.29,True,0,Standard Complexity,4.015283302582723,17.506153846153847,4.7885537216953225,0.22576006,0
78dffc5eb19151f4,33,16,0,301,6,12,7,15.78,2.09,6.4,True,2,Standard Complexity,0.19723082923322724,6.3485,5.022134282354465,0.22564195,0
2110d4ed0eb5632e,36,0,0,109,0,7,3,24.13,3.32,0.15,True,0,Standard Complexity,0.29832867780259154,14.925714285714283,4.659721350169395,0.22562356,0
cc1480b3dd234e1f,75,74,1,97,13,14,1,10.47,8.31,10.66,True,2,Standard Complexity,0.08602325267029516,3.4056666666666664,2.6308629974042947,0.22525522,0
f10e15e300727d8e,35,1,0,326,3,14,6,25.45,6.12,6.34,True,0,Standard Complexity,3.966673669462551,13.398260869565219,5.809411144426821,0.22517577,0
80f8e1e5f41f9cd9,38,2,1,405,3,9,12,23.02,4.09,6.29,True,0,Standard Complexity,2.4550763735577577,11.242857142857142,5.924773769325464,0.22512747,0
26bdc1d295db42ed,42,12,5,141,4,9,5,19.32,16.51,6.4,True,3,Critical Complexity,0.08485281374263008,7.424117647058823,5.244724586301856,0.22512251,0
42a40faf0590598c,65,6,2,202,8,10,2,18.64,16.4,10.0,True,3,Critical Complexity,1.2402015965154758,4.6177777777777775,4.521454480284408,0.22504927,0
fbe4cf6a91347efe,61,0,4,102,7,6,1,23.25,5.18,6.3,True,0,Standard Complexity,0.5110772935672678,7.548367346938777,4.7123937099208,0.22503644,0
52b5224de517c590,70,1,0,116,5,4,0,17.43,6.26,6.31,True,2,Standard Complexity,0.4272001872659617,10.937777777777777,3.997150219411726,0.22480091,0
2bebf68162577e92,40,3,0,161,2,11,1,23.62,11.22,6.68,True,0,Standard Complexity,0.22022715545542762,9.1834375,5.27321095809695,0.22475037,0
c5032a46fd835cc0,29,1,0,151,5,7,1,22.94,1.52,6.29,True,0,Standard Complexity,7.4169063631678425,17.240000000000002,5.90566394799659,0.22469522,0
6023a4b6ad11ad20,35,0,0,81,0,4,0,23.36,4.64,6.31,True,0,Standard Complexity,2.8317662332896867,10.962916666666667,6.070495229088719,0.2245374,0
5e959510e90dd2c2,47,1,0,147,5,6,1,20.65,3.64,6.32,True,0,Standard Complexity,3.2044968403789897,10.554285714285713,6.379535414812237,0.22448376,0
8a4d2727d25964a4,47,6,6,122,4,6,1,19.91,4.12,6.44,True,2,Standard Complexity,0.16643316977087663,8.356052631578947,5.783600016868789,0.22439776,0
adb8e61db9ffa2ff,30,0,2,71,0,4,0,25.21,4.1,6.29,True,0,Standard Complexity,2.124758809841733,13.0865625,6.10718818758631,0.22404453,0
c454121a055d86,30,3,0,108,7,6,1,23.05,10.01,6.27,True,0,Standard Complexity,1.8916923639957948,9.513157894736842,5.323890596202406,0.22399071,0
2b55c18c9f2932a0,21,4,0,120,2,4,10,23.32,1.87,6.64,True,0,Standard Complexity,0.21587033144863244,12.114166666666668,7.172094601455158,0.22372352,0
81d434d94e7dda15,114,9,1,222,0,0,3,13.13,5.35,22.04,True,2,Standard Complexity,0.08944271909991024,4.926630434782608,3.4242327852775105,0.22367293,0
9844cee20e1fe14b,53,3,1,236,3,9,1,15.48,4.13,6.26,True,2,Standard Complexity,11.114625499763788,8.472857142857142,5.220917309345208,0.22365223,0
490474e6a463e27b,36,20,0,72,8,16,0,14.56,12.37,6.34,True,2,Standard Complexity,0.02236067977497756,4.492222222222223,4.533203701850286,0.22341006,0
7cefa5bba5977f74,237,36,0,235,11,6,0,15.34,6.76,9.07,True,2,Standard Complexity,0.26019223662538027,2.8024999999999998,2.5466190822343258,0.22339882,0
5aa6034838d5fba,20,9,5,194,0,6,0,24.8,3.37,6.35,True,0,Standard Complexity,0.12999999999988177,7.203913043478259,6.716283094177479,0.22323166,0
4f098352437b47a2,63,5,2,213,1,18,2,18.62,13.0,6.36,True,3,Critical Complexity,1.8693581786281703,7.435714285714284,4.262261663694044,0.22311556,0
3746575b786b9394,22,3,0,231,0,4,12,17.28,4.37,6.31,True,2,Standard Complexity,0.8507055894956669,9.152,5.753918317112261,0.22293293,0
d1556a56bee43af7,57,0,0,78,0,4,0,23.84,16.07,6.94,True,3,Critical Complexity,0.15811388300849805,16.587551020408164,4.417468353656898,0.22277015,0
12da0190e573d83b,25,0,0,155,5,8,2,18.95,7.1,6.3,True,2,Standard Complexity,0.9708243919473624,11.320714285714285,5.398012153013518,0.22255798,0
92a94e247544a7b4,27,1,0,106,0,5,2,20.46,5.5,0.21,True,0,Standard Complexity,3.6802173848835062,11.902222222222221,7.168125088469831,0.22255628,0
d49353371e601e8a,38,3,3,61,5,3,1,23.6,11.95,6.36,True,0,Standard Complexity,4.174038811510777,8.1755,5.545938581520716,0.22254638,0
619d97219587a3b8,56,0,0,228,0,9,1,21.69,10.14,6.53,True,0,Standard Complexity,0.3269556544868427,13.84904761904762,4.3839766735149155,0.22243308,0
aa458dfa3cf15c1d,30,4,0,135,0,5,4,17.9,4.45,7.5,True,2,Standard Complexity,0.44721359549988676,8.50125,6.264644717579761,0.22231302,0
b6b4450df0f45825,55,0,1,451,7,11,5,25.13,10.04,6.31,True,0,Standard Complexity,1.3929106216837948,12.413999999999998,4.594846678617253,0.22219679,0
db5f321059eb9947,55,5,0,214,0,5,8,16.3,3.65,6.71,True,2,Standard Complexity,0.23086792761234215,7.492413793103449,4.905559587168219,0.22217485,0
bbd74ebada6d9c76,24,9,0,274,0,6,0,18.67,14.51,8.48,True,3,Critical Complexity,0.00999999999839929,10.541034482758622,6.324475905683377,0.22217321,0
8153d206ab111e9d,70,8,1,65,4,9,2,13.01,5.14,10.9,True,2,Standard Complexity,0.09219544457237644,5.78923076923077,4.276152946711406,0.22216006,0
c498275e9141642c,46,0,0,209,5,11,7,20.67,9.8,6.29,True,0,Standard Complexity,0.5748912940721936,11.437857142857142,4.881667131174742,0.22207797,0
53eebf0a3698477e,57,3,1,83,0,0,2,19.1,10.39,6.15,True,3,Critical Complexity,4.12044900465971,6.481071428571428,4.98452056677593,0.22202738,0
9ab0efdaa0012604,34,1,0,133,1,5,3,24.67,14.39,6.36,True,3,Critical Complexity,0.2617250465662617,15.033928571428572,4.859386600977031,0.22188549,0
e51c5696cf324a9c,63,3,0,283,2,18,1,20.08,9.51,6.34,True,0,Standard Complexity,1.1810588469671515,7.932549019607843,4.228406663775818,0.2216015,0
fc8022aebe48e4af,45,3,0,344,0,12,7,20.39,6.6,8.25,True,0,Standard Complexity,1.483273407028781,10.2696875,5.089709277291164,0.2215906,0
8e5a2ba49f108302,26,3,0,523,0,7,12,23.18,5.72,6.33,True,0,Standard Complexity,2.586271447470161,11.035185185185185,6.173500939871585,0.2214484,0
a78ea8a30ae9a72a,64,8,0,261,5,6,7,20.94,5.18,6.4,True,0,Standard Complexity,0.27294688127955014,5.0248484848484845,4.647586614650611,0.22129695,0
c664df76aa0b03b3,28,4,7,143,3,14,3,16.43,3.91,6.37,True,2,Standard Complexity,0.010000000000218279,7.88625,5.06615654984131,0.22115098,0
b0a1ede66a33eeea,44,1,0,123,2,6,7,26.04,19.71,12.58,True,1,Critical Complexity,0.740405294416556,10.238055555555553,5.781021545369356,0.22108266,0
6f9113e152fbae00,188,37,17,129,9,14,3,17.02,3.76,7.5,True,2,Standard Complexity,0.03000000000020009,3.613116883116883,2.6908364265874702,0.22108047,0
581c082895b85c34,69,2,1,159,5,7,1,19.13,7.07,6.35,True,2,Standard Complexity,1.1428473213863906,9.608103448275864,4.006075324621323,0.22096245,0
cbcd2b6fff3237d5,37,1,0,132,5,8,2,21.43,15.07,6.46,True,3,Critical Complexity,1.3113733259448246,11.228947368421052,6.052167854089312,0.22092094,0
bf11b38e733187b1,47,1,0,274,0,7,8,20.86,11.81,6.34,True,3,Critical Complexity,0.060827625302926874,7.180833333333333,5.358497081479305,0.22081733,0
9ebb0f729cf1a1ca,21,0,0,115,6,7,1,30.48,8.5,6.27,True,0,Standard Complexity,3.668378388334097,12.837333333333335,6.990542627165807,0.22074078,0
a98912c0a54322d8,66,3,1,134,4,7,1,17.94,6.72,9.44,True,2,Standard Complexity,0.11704699910719664,8.247179487179489,4.208198925734569,0.22074041,0
65d79c53cf74297f,32,0,0,162,4,6,5,25.09,6.89,6.28,True,0,Standard Complexity,7.2463577057717945,14.247777777777777,6.294220060725515,0.22070037,0
d38f0a0dc170143c,26,1,0,205,1,10,4,19.32,3.78,0.42,True,2,Standard Complexity,0.48373546489741664,9.605882352941178,5.068163675828031,0.22053882,0
eb2c16b38d09711,25,0,0,247,0,5,10,23.21,7.79,0.17,True,0,Standard Complexity,3.3386524227595564,9.586190476190476,5.94124363780167,0.2204879,0
6a7429e84aea7ee8,76,25,3,71,8,6,0,13.58,12.83,10.1,True,2,Standard Complexity,0.364005494464257,4.673555555555556,3.7289588392326563,0.2200861,0
527b9952bee7a97d,29,1,0,113,1,10,0,22.07,7.68,6.26,True,0,Standard Complexity,1.5772444325471762,14.1536,5.123177826310541,0.22006576,0
c1e79a4113e54067,136,3,1,152,4,4,13,12.82,3.09,6.31,True,2,Standard Complexity,2.600942136995403,5.361666666666666,4.222173281880106,0.2198353,0
c315efab3c3bd916,34,9,2,447,3,11,15,16.94,6.55,12.43,True,2,Standard Complexity,0.050000000001091394,8.27794117647059,5.109889361880298,0.21977194,0
582976a08fe6486d,39,2,2,188,0,6,10,22.47,13.65,6.31,True,3,Critical Complexity,0.49030602688528685,12.34655172413793,5.085118434088228,0.21962239,0
4d05f564bd6d448f,47,3,0,726,0,13,13,20.54,5.12,6.72,True,0,Standard Complexity,3.999324943037376,11.024999999999999,6.370899737206548,0.21961275,0
e74dce2e5ed17675,57,0,0,48,4,5,2,17.34,16.98,6.31,True,3,Critical Complexity,3.8890230135600308,9.442000000000002,4.079413683361863,0.21958937,0
4dbe7fc1bb2d2767,30,0,0,94,2,4,4,24.67,8.98,6.3,True,0,Standard Complexity,0.20223748416138712,19.241923076923076,4.591651302787542,0.21911891,0
ad782fe6a5744602,32,0,0,276,5,15,6,26.12,8.82,6.29,True,0,Standard Complexity,0.666108099335111,15.937407407407406,4.749770826902418,0.21910179,0
d28ed39ba86e551d,38,1,0,36,1,0,0,21.12,4.55,6.34,True,0,Standard Complexity,0.24083189157587234,10.860512820512819,4.812980285041131,0.21906759,0
c730cfa32afbf277,20,1,1,287,0,8,10,21.81,21.14,6.3,True,3,Critical Complexity,0.8132035415568717,12.067692307692305,6.120805821566751,0.21906008,0
6609695ccd999a53,48,0,0,90,0,4,0,17.73,6.93,6.29,True,2,Standard Complexity,0.3023243291566604,10.384848484848485,4.680379498477707,0.21881437,0
f4344f0be0d9145,25,4,0,126,0,4,3,19.03,5.68,6.85,True,2,Standard Complexity,0.05385164807157051,10.456206896551725,6.025969896918929,0.21874276,0
d70debdb5539e727,24,0,0,129,3,4,3,26.89,11.94,6.29,True,0,Standard Complexity,2.25574821289911,18.994374999999998,5.056718264781518,0.21855925,0
18ab5d002e9e93e0,18,2,0,57,2,0,2,14.45,2.49,5.28,True,2,Standard Complexity,0.041231056256139105,6.910000000000001,5.602807969478977,0.21844678,0
f964e8701b31a354,69,51,0,72,7,15,1,13.07,11.21,10.76,True,2,Standard Complexity,0.08485281374230853,3.337,2.9372449109099956,0.21841101,0
199b886df70199a,20,0,0,74,2,1,3,27.02,8.0,6.29,True,0,Standard Complexity,6.040769818491509,14.377894736842105,6.856260741639041,0.21839222,0
8d1d1f50bd2003c6,19,0,0,353,7,5,8,25.37,6.68,6.29,True,0,Standard Complexity,6.118300417600182,19.213333333333335,4.458197194183117,0.2183488,0
d62df517f6893549,21,4,0,133,2,5,6,25.68,7.41,12.66,True,0,Standard Complexity,1.5938004893964586,14.728181818181815,7.078338040916639,0.21825288,0
88263ebaeabb0cf9,22,2,0,97,0,4,0,22.88,10.55,6.32,True,0,Standard Complexity,0.5800862004908502,10.564545454545454,5.274301097407665,0.21810454,0
f127503d65719f1f,52,6,5,136,6,9,2,15.16,3.74,6.31,True,2,Standard Complexity,0.26248809496798164,7.426896551724138,4.915751672586791,0.21803151,0
c3352a1f00f5ef84,46,4,2,118,0,8,2,18.08,8.74,9.07,True,2,Standard Complexity,0.18248287590889276,8.942413793103448,5.4190472856349645,0.21793967,0
d6d20950656ecc78,20,3,0,111,0,8,1,30.18,8.93,6.51,True,0,Standard Complexity,0.512249938994304,13.475238095238096,5.913722233720177,0.21789235,0
293cf31ea95bc666,44,0,1,166,1,8,3,20.25,10.53,6.3,True,0,Standard Complexity,0.538516480713518,13.363999999999999,4.802804061914546,0.21775265,0
67f3fdb6c07e51e1,27,1,3,76,1,5,0,24.01,6.41,7.03,True,0,Standard Complexity,3.51923287095352,13.207500000000001,6.31017052727843,0.21773084,0
2781d64f48792c8e,77,12,0,212,7,16,1,19.81,9.77,11.93,True,0,Standard Complexity,0.3828837943815054,5.632571428571429,4.027072203302573,0.21754716,0
51ed558bb53dec1a,35,0,0,201,2,12,4,21.69,9.87,6.28,True,0,Standard Complexity,0.3114482300479867,12.517586206896555,4.9342837618613276,0.21748362,0
12c3ff4ff9c3573d,52,2,0,146,4,8,2,19.72,4.77,9.56,True,2,Standard Complexity,3.0140006635700347,13.345142857142859,4.7970242987136285,0.21694368,0
ae974a0874584f0e,43,0,0,198,3,5,4,21.74,21.33,6.31,True,3,Critical Complexity,0.4517742799227354,11.858125000000001,4.993049817934425,0.21691997,0
8f1219ecd29484e3,78,6,5,190,3,8,0,18.28,7.51,8.78,True,2,Standard Complexity,0.7560423268573819,7.742926829268294,4.157507017961863,0.21690038,0
ebfb2263869ef42,31,1,1,200,1,8,2,19.19,2.21,6.33,True,2,Standard Complexity,0.7200694410958433,12.819999999999999,5.274435198830929,0.2168443,0
7b37aa04f55f6431,74,0,0,96,0,4,1,14.21,6.77,6.31,True,2,Standard Complexity,0.1612451549662756,8.390869565217391,3.779562216474834,0.21677607,0
187f1990f0ce0055,43,6,3,120,2,5,2,15.6,14.35,7.14,True,3,Critical Complexity,0.1526433752247923,8.256,5.458894393556263,0.21658985,0
9b356b100927e05a,80,0,0,163,9,0,7,14.47,4.19,6.24,True,2,Standard Complexity,0.4669047011971735,4.223000000000001,4.362875313368467,0.2165787,0
baaab5c9f2a751aa,108,35,0,216,0,10,4,11.16,9.89,7.47,True,2,Standard Complexity,0.10816653826401049,3.7073684210526316,2.955154596434395,0.21648125,0
ac48c34628dc61e3,25,1,0,111,2,4,5,28.72,12.28,6.29,True,0,Standard Complexity,6.854261448180553,17.061764705882354,6.749207565941803,0.21644974,0
12f19c9f3219e193,22,1,0,113,1,4,7,28.74,17.33,6.31,True,1,Critical Complexity,1.6304907236767614,14.160869565217396,5.5281114890313745,0.21634911,0
15aeed252f47cb5d,20,4,0,254,6,1,5,19.54,10.15,6.31,True,0,Standard Complexity,0.9569221493935143,8.949230769230768,5.881188343469451,0.21615891,0
9b6d3fe0b2182153,43,3,7,139,2,8,1,18.51,4.09,6.34,True,2,Standard Complexity,1.3243866504914752,9.504999999999999,4.984194577686077,0.2161548,0
b2343e13b02a73f8,100,6,4,69,0,4,0,17.57,4.78,6.67,True,2,Standard Complexity,0.11704699910719664,7.121707317073169,3.9774491779427166,0.21593441,0
c5e17efbd8efc33f,30,3,0,155,2,6,7,20.64,9.1,6.29,True,0,Standard Complexity,1.130044246921443,10.185357142857143,5.90608432172333,0.21590032,0
6d8a7548283ff22c,31,5,0,216,1,4,11,17.25,4.79,6.37,True,2,Standard Complexity,0.09219544457316563,7.955238095238095,5.365015971260672,0.21573468,0
c775c2000dc57d0e,47,5,0,336,15,8,4,17.45,7.79,6.31,True,2,Standard Complexity,0.5700877125501872,10.027222222222221,4.537958799033812,0.21563569,0
594b401424954010,23,5,0,91,1,4,4,16.64,16.0,6.66,True,3,Critical Complexity,0.8905054744358393,7.503571428571427,5.847002415331977,0.2153759,0
65e95d00a997c81f,74,3,0,252,5,10,10,21.6,9.45,7.46,True,0,Standard Complexity,9.686139581897391,5.105,5.84392776021972,0.21524173,0
89447454fb028cdd,20,0,0,88,2,1,0,18.59,1.88,6.28,True,2,Standard Complexity,3.8748548359912833,13.13222222222222,6.362142856647834,0.21513624,0
94444a897d6b14df,52,3,4,248,10,28,9,21.1,4.49,7.34,True,0,Standard Complexity,3.9761287705507993,14.682758620689658,6.231413132780653,0.21510439,0
b33054f26c89d91f,32,1,0,212,0,9,3,22.6,2.35,6.31,True,0,Standard Complexity,0.3201562118711879,11.951428571428574,5.024725091474951,0.21510072,0
98012743d30fb874,44,0,1,282,4,13,13,20.18,1.26,6.29,True,2,Standard Complexity,3.949746827329987,13.277333333333333,5.888675534919169,0.21503463,0
a8971d8358cfa5b7,74,9,0,229,11,18,9,18.37,14.54,7.48,True,3,Critical Complexity,0.5930430001272226,5.528333333333334,3.6930203903004117,0.2150182,0
fb978862e9ae3ee1,63,0,0,168,0,11,2,18.25,3.91,6.32,True,2,Standard Complexity,0.24186773244893392,11.541458333333333,3.5753472964077986,0.21473669,0
1f98f79c23388a71,39,2,1,196,1,8,10,21.7,9.4,6.34,True,0,Standard Complexity,4.718389555770084,14.578823529411764,6.19619321685685,0.21438625,0
c918ddbc023b0f60,8,0,0,552,0,11,23,18.28,2.15,6.29,True,2,Standard Complexity,57.05756128682694,9.442499999999999,8.795468648684958,0.21426657,0
89184674004693e3,24,3,0,186,2,10,3,21.68,3.07,9.38,True,0,Standard Complexity,0.010000000000218279,12.127083333333331,6.949822227442624,0.21424992,0
a8419133db1ce2a1,46,4,2,199,6,9,4,14.99,3.09,6.77,True,2,Standard Complexity,1.6719449751711462,7.3709999999999996,5.214599601119917,0.2140886,0
a3b48bafd23f840,27,0,0,117,5,3,0,19.6,7.32,6.29,True,2,Standard Complexity,5.816270282578075,12.732777777777779,5.749582405662708,0.21389505,0
190d5b288de17ff8,12,0,0,124,4,0,9,24.9,1.96,6.33,True,0,Standard Complexity,1.4441952776551619,20.621111111111112,6.446591596330307,0.21377577,0
be25de70332244db,37,0,0,56,4,2,0,15.2,4.82,6.3,True,2,Standard Complexity,10.017709319000769,10.201999999999998,5.001453388766109,0.2135742,0
b2c0fce760c6fcb,32,11,0,70,5,3,2,15.36,6.81,6.68,True,2,Standard Complexity,0.06324555320331006,5.736315789473685,5.425182228834943,0.21357188,0
781bc01e29260e3f,29,0,0,176,3,1,4,22.61,5.28,6.29,True,0,Standard Complexity,0.5423098745182641,11.626363636363637,4.993622792626745,0.21350783,0
d59017707ace5e0f,22,17,1,63,1,4,1,14.92,11.4,7.86,True,2,Standard Complexity,0.11704699910721607,4.92076923076923,5.291841269697027,0.21348506,0
7cfc889d888645a1,87,5,0,44,2,1,0,14.73,3.34,6.38,True,2,Standard Complexity,0.05385164807167606,5.03475,4.103505201349208,0.21347685,0
54511bb844814688,29,0,0,40,2,1,1,17.88,4.27,6.29,True,2,Standard Complexity,2.7673995013370254,12.515,4.68918999164864,0.21346666,0
bdeb96e2968708ba,44,2,3,125,0,4,0,23.35,3.31,6.34,True,0,Standard Complexity,0.17029386365934945,11.4253125,5.612084608444865,0.21321686,0
679553e93b505f65,26,2,1,498,0,12,10,21.8,10.95,6.31,True,0,Standard Complexity,5.8687306975185,12.223529411764707,6.905744361783994,0.2131691,0
3a14a4bda881b372,55,3,1,169,11,8,0,16.26,13.84,6.3,True,3,Critical Complexity,4.2934368517540875,7.214666666666667,4.58556556550613,0.21316485,0
93a16a382953849d,21,3,1,250,3,5,10,21.31,4.77,6.28,True,0,Standard Complexity,0.07071067811875122,12.1475,5.867790789556151,0.2130544,0
2dcec7d42aa86dd1,36,2,0,89,6,0,1,14.05,2.84,6.39,True,2,Standard Complexity,11.149210734397585,7.5075,5.353986248581518,0.21277182,0
a74335b5a482157e,24,2,0,133,4,4,5,14.94,4.66,6.31,True,2,Standard Complexity,0.080622577483166,10.224166666666667,5.2948992095118195,0.2127193,0
4547a88f3c42fc40,48,15,4,107,1,8,0,18.12,16.97,7.67,True,3,Critical Complexity,0.0640312423743213,5.934473684210526,4.721936878113305,0.21249148,0
999e568c12fa8a87,56,46,1,57,2,8,0,11.74,9.89,6.51,True,2,Standard Complexity,0.06999999999993634,3.3073846153846156,3.1039276740795945,0.2124508,0
c88b4fb9010e9e42,28,2,0,112,7,2,0,19.88,8.07,6.32,True,0,Standard Complexity,4.97304735549573,12.653076923076924,5.276879008562345,0.21240419,0
cc45a6fc65f80b7a,24,3,4,75,2,3,2,19.63,5.34,6.35,True,2,Standard Complexity,1.0604244433244367,10.419199999999998,5.1444244925939,0.2123213,0
d5d137c7dea9db07,50,9,0,97,6,1,6,15.93,15.72,6.47,True,3,Critical Complexity,0.9263368717699395,5.5189473684210535,4.888972440456757,0.21231483,0
cb4934704b4441dc,97,42,0,65,8,11,0,10.0,6.61,6.83,True,2,Standard Complexity,0.08485281374230853,2.8360416666666666,2.677900094277334,0.21191053,0
6781c6aff95beae,43,4,0,174,0,4,8,16.59,4.83,6.31,True,2,Standard Complexity,0.42941821107207084,7.301724137931034,5.28201637893602,0.21187128,0
7e8422433c66cc13,70,18,0,58,8,8,0,14.93,4.94,6.35,True,2,Standard Complexity,0.4404543109109585,4.566999999999999,3.7986525242511986,0.21171811,0
d8d73d1126a2a37a,67,1,0,181,6,4,3,15.24,14.63,6.57,True,3,Critical Complexity,5.696744684466737,7.458571428571427,4.568551438355264,0.21132989,0
4b98a177ae9bd2ea,32,4,0,101,7,6,1,16.37,2.57,6.29,True,2,Standard Complexity,0.09055385138106582,10.160000000000002,5.083343715836392,0.2106402,0
80b7b80e0f946b6b,25,0,0,109,3,4,6,31.73,10.93,6.31,True,0,Standard Complexity,2.993275797516841,19.931304347826085,4.518267563672787,0.21061635,0
4f03a399fbddbaa7,62,3,1,445,15,35,6,18.7,7.15,6.31,True,2,Standard Complexity,2.3942639787625857,10.689,5.329509889911704,0.2105606,0
c249f663c587d90d,72,0,0,111,1,6,1,15.24,4.33,0.12,True,2,Standard Complexity,0.10770329614269768,8.963714285714286,3.74321564259111,0.21045078,0
84509edba2f366f3,42,0,1,241,2,11,7,20.39,20.11,6.26,True,3,Critical Complexity,6.6624695121254,11.876666666666667,5.866012747646868,0.21015495,0
48bef6677a0a08cf,25,4,0,130,0,4,4,21.29,4.31,6.32,True,0,Standard Complexity,0.2831960451704946,8.826153846153845,5.648748722520547,0.2100008,0
b5a5ab1f3a445bf4,63,8,0,206,5,11,0,16.08,7.05,6.48,True,2,Standard Complexity,1.0042410069300134,8.920731707317074,4.4731979013457925,0.20990168,0
8be1c651a0e1b868,27,1,2,166,0,4,0,22.85,3.88,6.41,True,0,Standard Complexity,6.515596672600149,13.733333333333333,7.083718420904847,0.20962657,0
f58cf01546310e7c,27,0,0,383,6,25,9,25.94,6.35,6.29,True,0,Standard Complexity,2.7297069439770354,14.025,6.272261022417143,0.20904598,0
95a06aebd9bb791a,52,2,0,308,0,5,11,20.51,10.19,10.96,True,0,Standard Complexity,2.145809870421547,10.713939393939395,4.668674420519357,0.20900442,0
fd7a3f731988d33a,32,2,0,101,4,5,6,15.83,3.11,6.29,True,2,Standard Complexity,1.2248265183282523,7.6175,6.05281287914966,0.20899576,0
26005b60821c630d,59,1,0,93,5,2,13,14.07,5.58,6.28,True,2,Standard Complexity,4.13652027675508,6.222,5.257658794558659,0.20893836,0
b2e45208b0bd455c,24,0,0,134,4,3,2,19.7,6.9,6.32,True,2,Standard Complexity,2.9910700426436145,12.588181818181818,5.1764375573481,0.20855083,0
5c13bd15c893c052,18,4,0,271,6,9,4,16.39,10.01,6.42,True,2,Standard Complexity,0.05830951894847796,9.821428571428571,5.60079695495313,0.2084286,0
7dc1ac35407250c6,74,4,1,358,4,5,7,18.76,7.31,6.3,True,2,Standard Complexity,0.17029386365935156,8.931399999999998,4.1309897167628,0.20826536,0
76256467e05dd7bd,46,0,0,123,1,5,2,20.68,4.46,6.34,True,0,Standard Complexity,3.0347652297995316,11.376666666666665,5.636891184174325,0.2080304,0
c2eb52d064ada0ef,22,0,0,285,2,9,0,23.5,2.41,6.3,True,0,Standard Complexity,2.0890428430265207,12.955789473684211,5.702762318468291,0.20789413,0
ab8c5dc3ff96e6bb,39,1,0,220,14,17,6,19.24,10.57,6.29,True,3,Critical Complexity,0.17262676501627564,13.410000000000002,4.404649457346777,0.20783675,0
1618be6f9af39c64,80,4,0,123,2,2,10,16.92,5.78,6.3,True,2,Standard Complexity,0.1615549442139304,9.118870967741936,4.214684813853211,0.20767486,0
e1869bfa31744623,25,2,0,342,1,5,15,19.11,10.05,6.6,True,2,Standard Complexity,1.3943098651302783,9.30818181818182,5.563190415877007,0.20764272,0
11dada9f143ccafe,24,4,2,136,5,8,2,17.99,2.2,6.3,True,2,Standard Complexity,0.3982461550347551,10.459333333333335,5.1965173807934955,0.20763595,0
30f6cabccaf0b032,20,3,0,114,3,6,5,22.41,3.22,7.24,True,0,Standard Complexity,0.16031219541868236,13.905384615384614,6.138821755384229,0.20761357,0
25c8cabaa886b5aa,26,6,0,81,6,1,6,14.35,2.41,6.31,True,2,Standard Complexity,0.7752418977332574,6.940769230769231,5.184805406241561,0.20743784,0
bd360cbbe592aaa4,78,15,0,59,8,8,2,11.92,6.13,6.44,True,2,Standard Complexity,2.1807338214462306,4.402758620689655,3.511277296381027,0.20743446,0
5fa15c66f45c063e,49,66,0,104,4,13,0,15.67,5.18,9.46,True,2,Standard Complexity,0.0,2.946022727272727,3.1039719934057244,0.2070028,0
6bbd39c600892503,54,0,0,138,7,6,1,19.17,5.8,6.31,True,2,Standard Complexity,0.25495097567958575,14.3378,4.177300223828783,0.20698155,0
511db63f8b4b3ab1,23,2,0,480,1,7,18,29.05,12.39,6.39,True,0,Standard Complexity,3.4244123583467116,12.936250000000001,6.563455525673957,0.20683771,0
c67ff55a82b38a5d,36,3,0,393,3,16,9,21.58,5.62,6.3,True,0,Standard Complexity,2.68151076820518,7.059333333333333,6.584664473017757,0.20657693,0
d28ab4ff7e51f113,84,11,1,92,8,0,2,14.1,7.65,9.44,True,2,Standard Complexity,0.15999999999985448,4.173333333333334,3.839364200009874,0.20656414,0
e1a0f3dace907d24,34,2,1,29,0,2,0,20.61,9.07,6.9,True,0,Standard Complexity,0.32999999999992724,12.541875000000001,4.717784462475474,0.206468,0
28dd0ec66bbdfc38,86,48,1,207,10,12,9,11.76,10.46,7.62,True,2,Standard Complexity,0.10049875621109487,3.180128205128205,2.6274246402082975,0.20644628,0
8c1313dc4adcd94e,29,7,2,184,1,4,7,19.83,13.88,6.26,True,3,Critical Complexity,0.7494664769025193,7.391904761904762,5.830312103912186,0.20617841,0
452be3c589d62453,31,92,2,184,9,12,6,12.5,11.37,9.51,True,2,Standard Complexity,0.03162277660187074,3.6829,3.233565615539601,0.2061532,0
8bb1a18bb272f958,19,8,0,199,0,7,5,18.22,4.56,6.87,True,2,Standard Complexity,0.05000000000011369,8.255454545454548,6.471789640974495,0.20602067,0
a7e84b9f481a80f9,8,5,0,363,0,7,17,20.66,4.23,6.27,True,0,Standard Complexity,0.03999999999996362,8.312307692307693,7.289928936918757,0.20592648,0
908ad70d847d5856,37,18,2,131,4,6,0,19.06,6.16,7.15,True,2,Standard Complexity,0.014142135623718088,5.270882352941176,5.426152557235603,0.20590934,0
f93e67a8fcfc40d6,25,6,10,66,2,5,0,23.23,4.87,6.28,True,0,Standard Complexity,0.4368065933568635,7.588888888888888,4.948545864477716,0.20585105,0
6cafd6c84a1ab62a,48,2,0,46,6,3,4,17.1,4.08,6.52,True,2,Standard Complexity,1.0217631819555661,7.668750000000001,4.614521745262449,0.20574443,0
e4de882a872f8e3e,65,0,0,114,0,5,1,20.52,7.24,6.42,True,0,Standard Complexity,0.18384776310863196,9.30177777777778,3.558921365238437,0.20566992,0
a8fe8b3ff27f403a,22,2,0,91,1,5,5,24.98,7.28,6.5,True,0,Standard Complexity,0.6352952069711822,11.065238095238094,5.268668051656771,0.20535189,0
afc5692418f65c1c,19,1,0,94,8,0,11,15.12,1.27,6.25,True,2,Standard Complexity,15.271214751944406,8.2675,6.299029191073812,0.20520063,0
e404388336a76134,35,2,0,87,4,2,1,19.11,3.71,6.31,True,2,Standard Complexity,0.2906888370749429,14.30846153846154,4.639319157863652,0.20499606,0
5c882aa841b56637,48,7,0,174,1,5,3,19.05,18.7,6.28,True,3,Critical Complexity,1.6058953888719547,7.6572000000000005,4.947351226666649,0.20399588,0
715f4dd8ed596ec7,32,1,0,156,4,5,5,22.62,5.99,6.3,True,0,Standard Complexity,3.1246439797201884,13.200000000000001,5.81188628779179,0.20332311,0
8d979cd1647d852a,21,0,0,91,2,3,1,21.86,6.71,12.62,True,0,Standard Complexity,3.5702240826030223,12.523888888888887,6.200276103967637,0.20308764,0
775dbf2e96aa1bd7,21,0,0,152,4,5,1,24.12,3.81,6.24,True,0,Standard Complexity,1.3130879635419295,14.489999999999998,5.817887776660717,0.20307827,0
17968a4374321db9,41,0,0,75,0,4,0,24.8,5.37,6.31,True,0,Standard Complexity,1.3861096637704036,12.2509375,4.7417503093366005,0.20295578,0
3c398fab5adbde49,42,1,0,169,7,3,0,19.62,10.43,7.77,True,3,Critical Complexity,3.112185727105892,14.821200000000001,4.192762640550977,0.20276581,0
55cb5c678b4c4b10,24,0,0,107,3,4,3,22.46,14.93,6.34,True,3,Critical Complexity,9.414887147491287,15.572777777777778,5.900952659016222,0.20263563,0
71f77b3937297cff,37,0,0,98,8,0,7,20.37,14.88,6.31,True,3,Critical Complexity,7.262299911186087,16.645,3.5925513218324383,0.20250744,0
f4f1e00465f12fed,37,0,3,80,0,6,0,33.2,12.33,6.33,True,1,Critical Complexity,2.3286262044389803,9.280416666666667,5.769870361893373,0.2023902,0
17e45e58f18b3285,25,1,0,298,4,9,2,26.08,10.04,9.46,True,0,Standard Complexity,7.759806698623356,10.602727272727272,6.971902167608976,0.20228583,0
632891cc03d9b79c,70,1,0,180,8,4,12,12.65,11.4,6.31,True,2,Standard Complexity,0.18788294228078783,6.537777777777778,4.320830110002726,0.20190623,0
ed0714125937c82,57,0,0,168,1,7,1,17.07,3.77,6.27,True,2,Standard Complexity,0.21954498400134037,11.168846153846156,4.379092219700226,0.2018381,0
2203b85ce2e0536c,80,9,0,135,9,10,2,10.29,8.39,6.44,True,2,Standard Complexity,0.28792360097771075,4.027142857142857,3.5202666874855386,0.20175976,0
c314bc01b5e4cbaf,42,1,1,120,2,7,0,24.71,10.54,6.49,True,0,Standard Complexity,0.13152946437953944,11.94103448275862,4.981092073048867,0.20174725,0
be2482d963229143,46,0,0,322,7,7,0,19.64,19.45,7.87,True,3,Critical Complexity,4.312829697541752,9.448,4.952637277249365,0.20172407,0
5cf7d1ec6c48afca,33,2,0,230,8,17,5,15.75,3.22,6.34,True,2,Standard Complexity,22.709462785367293,8.269166666666667,5.477513819141754,0.20169291,0
3a59fa33dc0d23c3,40,2,0,84,4,1,9,17.76,16.41,7.72,True,3,Critical Complexity,9.650746085147663,8.703333333333333,5.986159963708881,0.20158795,0
9ac8665ee22a3d2a,80,9,1,55,7,8,0,11.93,11.36,6.67,True,2,Standard Complexity,0.1252996408616838,4.25578947368421,3.984779351732597,0.20151863,0
2dd1ff7122a4127c,47,0,0,195,1,11,3,30.98,20.27,6.31,True,1,Critical Complexity,0.5442425929673629,12.778260869565221,4.65734870665976,0.20145525,0
5f874e587743b4fc,38,0,2,79,9,0,5,15.51,14.04,6.3,True,3,Critical Complexity,19.974193350420595,8.184444444444445,4.615498314522282,0.20138341,0
5c39cc3d2c710342,36,3,6,180,6,15,3,22.9,4.76,10.57,True,0,Standard Complexity,0.2729468812789295,8.786399999999999,4.982966088586195,0.20128039,0
e659ad89a159f824,44,0,0,113,0,6,0,25.3,5.15,6.32,True,0,Standard Complexity,0.1252996408600869,15.060952380952383,4.655876885094901,0.20126392,0
8bacfbf9b14147d6,60,34,5,143,0,6,11,18.4,7.92,10.85,True,2,Standard Complexity,0.07071067811859044,4.310204081632653,3.702891032580761,0.20119789,0
f8758e755f9c3c10,63,0,0,99,0,5,1,18.02,7.11,6.28,True,2,Standard Complexity,1.1751595636338914,9.9412,3.914088726638679,0.2011868,0
7d597a0a4a7b90ba,27,1,0,280,14,9,6,15.72,3.96,6.24,True,2,Standard Complexity,7.477519642234378,7.569090909090909,5.290018825444171,0.20118164,0
872cf037ea6800c9,44,2,0,368,3,10,6,20.81,8.8,6.29,True,0,Standard Complexity,0.30083217912980226,13.244102564102567,4.84484114631949,0.20104544,0
d49ecbddb3559ea0,27,0,0,72,4,4,4,23.57,6.9,12.59,True,0,Standard Complexity,4.6602360455239795,12.60888888888889,6.010418629244175,0.20084177,0
36c78b51cf8d1fbe,43,182,0,61,5,16,0,18.63,18.1,8.37,True,3,Critical Complexity,0.10049875620960165,2.403560209424084,1.9375160584473403,0.20061933,0
ed259d38426a9aa4,14,0,0,227,0,8,3,31.51,9.36,6.28,True,0,Standard Complexity,3.60937667748915,20.53222222222222,7.1926903910656685,0.20056023,0
e89242de002bf0db,37,1,0,355,3,10,6,21.75,5.31,6.29,True,0,Standard Complexity,0.6711929677820638,15.124062499999999,4.609321980627275,0.20053425,0
431f6f7101b32067,57,1,0,119,1,5,4,21.49,7.8,6.29,True,0,Standard Complexity,0.14035668847618393,14.629074074074072,3.602644742777336,0.20050125,0
87ac63fd80b4622a,105,9,0,162,3,4,17,11.89,10.47,7.47,True,2,Standard Complexity,0.6603786792432411,4.553333333333334,3.77786703909486,0.20046751,0
d0fb3000c01ff4e5,26,2,0,88,5,0,5,16.97,15.32,6.5,True,3,Critical Complexity,3.967177838212036,6.616666666666667,5.770804873576032,0.20041317,0
242bcc4b85187eb5,82,7,7,129,4,6,1,16.0,5.24,9.41,True,2,Standard Complexity,0.6794115100585458,7.700000000000001,3.814664542757396,0.20031945,0
5e6f6e1ccee2824c,27,0,0,88,4,0,5,26.53,4.66,6.3,True,0,Standard Complexity,0.10630145812774178,20.887407407407405,4.103042766670891,0.20029703,0
7c195156e7e8d69c,45,15,3,194,1,8,7,18.36,7.94,7.64,True,2,Standard Complexity,0.01999999999998181,6.174615384615384,5.230830618040993,0.20010261,0
5580439f9a29c69d,736,23,0,73,8,7,6,18.54,6.56,9.45,True,2,Standard Complexity,0.03162277660237405,2.5120481927710845,2.619434666789968,0.20005205,0
95284a65e0194169,25,1,0,47,0,3,1,19.64,9.84,6.61,True,0,Standard Complexity,1.4649232061783626,12.367857142857142,4.866004783291978,0.20001025,0
4b9112879b7c9107,15,2,1,91,5,0,6,25.12,1.63,6.29,True,0,Standard Complexity,0.35355339059365964,16.603125,7.7790734656753955,0.19997808,0
ba11588b434baa3f,71,3,5,42,4,4,0,20.27,16.63,6.3,True,3,Critical Complexity,5.010229535660064,5.732500000000001,4.70070229682048,0.19986445,0
375832930cc6f34d,23,2,0,165,2,4,8,23.89,2.56,1.12,True,0,Standard Complexity,1.0377379245264153,11.31,6.248202408159753,0.1998403,0
3e3990dc8da70f23,108,4,0,131,0,6,2,18.7,7.36,6.84,True,2,Standard Complexity,1.3073637596323866,6.760961538461538,3.929314512352282,0.19983241,0
eda7a90283a69d1e,58,32,2,80,2,4,0,14.67,7.87,7.31,True,2,Standard Complexity,0.050000000000022735,4.6783636363636365,4.133553946836179,0.19967283,0
ac4023f71585e94e,99,115,0,126,8,12,5,13.89,12.01,9.95,True,2,Standard Complexity,0.009999999999763531,2.8963924050632914,2.4962892000064616,0.19950376,0
79acca57b2d21e10,50,0,0,345,10,11,8,20.85,8.58,6.29,True,0,Standard Complexity,3.7029717795305257,15.073333333333332,3.756256157061219,0.19926012,0
1ce8abb338ecfef5,31,4,0,274,1,4,9,20.95,6.57,7.57,True,0,Standard Complexity,3.3988968798716312,11.17,6.091433627346163,0.19900222,0
f3e5b5dcb25e876c,26,0,0,189,8,10,7,25.27,11.45,6.29,True,0,Standard Complexity,6.20193518186024,10.963333333333333,5.581909669240049,0.1989505,0
988cc872b4d775f4,22,2,0,105,3,3,8,15.86,1.6,6.33,True,2,Standard Complexity,3.0416442921542086,7.632857142857143,6.373787199562448,0.19883215,0
89da40101a97570b,32,1,1,244,8,2,5,19.1,16.53,6.29,True,3,Critical Complexity,1.8672439583516902,12.454583333333332,4.697272239614771,0.1982772,0
29d928fc1e56f05,58,7,0,63,9,9,1,11.43,6.26,6.96,True,2,Standard Complexity,0.03162277660165503,4.520833333333332,4.433338580823962,0.19827364,0
189d943b057106c4,36,0,0,75,0,3,0,20.98,13.91,6.33,True,3,Critical Complexity,0.5240229002627659,13.446176470588236,4.089819508965763,0.19806778,0
e29857ae5a47a01b,38,12,0,106,7,9,2,16.59,10.16,7.74,True,2,Standard Complexity,0.9590099061004745,5.927999999999999,5.175998068005822,0.19806169,0
e745b84bddc937d7,53,16,1,124,2,6,0,16.45,4.45,7.49,True,2,Standard Complexity,0.014142135623798477,5.304166666666666,4.948384346318391,0.19802675,0
76bdf0d7a3ddf908,19,1,0,82,6,3,2,19.33,13.13,6.43,True,3,Critical Complexity,10.25214611678929,9.780666666666665,5.153016549124944,0.19797276,0
b0b6e07713f7659d,74,3,0,284,6,6,2,14.59,9.76,6.32,True,2,Standard Complexity,4.682958466610434,6.135714285714285,4.6293870533577035,0.19796407,0
ee44c98c55e326e0,47,2,2,84,1,4,1,15.21,3.52,6.31,True,2,Standard Complexity,2.9220540720527244,8.058666666666667,5.781101240728756,0.1978272,0
1396fa8ba169637e,17,1,0,85,0,4,0,22.07,8.23,6.3,True,0,Standard Complexity,0.5412947441087769,10.410769230769233,5.2940902633008,0.1977276,0
552c3a813a9a7492,36,1,0,185,4,5,9,24.63,4.22,6.31,True,0,Standard Complexity,3.282697061868353,12.901944444444446,5.297437965367181,0.19770053,0
fdf7a75a09f9195d,49,3,0,126,0,4,3,18.68,5.85,6.33,True,2,Standard Complexity,0.16552945357242782,9.68090909090909,4.625692979131892,0.19739705,0
8b9fae02b4c45cca,21,0,0,98,0,7,1,29.08,6.22,6.34,True,0,Standard Complexity,0.7409453421134946,13.745499999999998,5.288683650021053,0.19734292,0
ec07493595274858,31,3,0,58,1,6,0,16.24,1.47,6.3,True,2,Standard Complexity,5.226030998760892,7.866,5.394527226736371,0.19722413,0
2bdf8af3229c6ae7,21,3,0,85,7,0,9,14.79,1.59,6.26,True,2,Standard Complexity,0.17492855684551187,7.0225,5.5411613178105545,0.19712031,0
a594379f87ebf969,58,65,4,77,7,12,0,10.71,9.66,10.79,True,2,Standard Complexity,0.07810249675890818,3.3362499999999997,2.6435612225745784,0.19706267,0
174c88fe11099f2f,62,4,0,64,0,4,1,15.44,7.17,6.4,True,2,Standard Complexity,1.5658863304851471,6.571851851851851,4.748251168929178,0.19705115,0
a15e0725cfd08a1d,27,0,0,101,4,4,5,26.35,2.84,6.31,True,0,Standard Complexity,2.0803845798312617,11.824166666666665,5.118962229354262,0.19702801,0
123d60147a80e556,64,5,0,383,2,6,7,15.78,10.28,7.83,True,2,Standard Complexity,0.2780287754886832,8.600666666666665,4.323138083486217,0.19701564,0
18433abf5536c12b,73,14,1,38,2,6,0,13.36,11.97,9.82,True,2,Standard Complexity,0.7863841300535191,3.9175000000000004,3.7307620423536347,0.1969068,0
30d89f7d0b8a9575,7,9,2,555,0,15,25,16.84,14.26,6.65,True,3,Critical Complexity,0.020000000000436557,6.1160000000000005,6.0104795149804815,0.19686931,0
c9d968844d308e70,63,1,0,151,0,5,2,21.67,13.23,6.3,True,3,Critical Complexity,0.32249030993209993,10.854054054054053,3.83103292786364,0.19674788,0
c4e6941b99fda857,50,5,1,222,3,8,5,16.28,10.36,6.3,True,2,Standard Complexity,0.8802272433858149,7.580322580645161,4.810797320994064,0.19674774,0
f0cf65493a6c6428,148,26,0,154,7,6,4,12.02,10.46,9.59,True,2,Standard Complexity,0.05999999999994543,3.5561538461538467,3.0265835993779637,0.19667885,0
816215eaebeabfc3,48,0,1,246,1,6,9,18.9,3.47,6.33,True,2,Standard Complexity,3.1270753108927534,10.218181818181817,4.7975008990132615,0.19657847,0
56c6b0573cc4ac79,50,5,0,136,1,0,8,13.57,5.56,6.42,True,2,Standard Complexity,0.879659024849811,5.5181818181818185,5.116866616098386,0.19636223,0
d9449c1f62cc87dd,37,11,0,42,8,10,1,18.4,9.08,6.57,True,2,Standard Complexity,0.38275318418024956,5.5736,4.870823240479991,0.1960295,0
9f4ee01c61cbe252,29,1,0,105,3,4,3,28.4,13.69,8.64,True,0,Standard Complexity,0.59615434243173,9.834000000000001,4.884224401069221,0.1957785,0
ca112eb07b63a213,21,16,2,325,1,5,13,16.68,4.64,7.31,True,2,Standard Complexity,0.022360679775485982,5.581666666666667,6.193362082818094,0.19571449,0
fa46560e916c827b,43,4,2,156,4,14,4,22.74,9.53,6.33,True,0,Standard Complexity,2.5004999500100014,8.758709677419354,5.38513829572648,0.19571243,0
12b5174dc927c232,62,1,0,213,3,16,4,15.44,9.2,6.35,True,2,Standard Complexity,0.7746612162747162,8.815454545454546,4.388044425971269,0.19552158,0
b407ab4271a407b8,41,1,0,383,4,5,11,26.86,6.47,12.58,True,0,Standard Complexity,6.8153503211494595,13.238823529411766,6.441931462601735,0.19550832,0
29d49cc535033c0c,47,1,0,37,5,0,2,18.67,18.11,6.32,True,3,Critical Complexity,3.6417715469256464,8.682857142857141,4.672410556464754,0.1954791,0
184b71a723962f17,18,13,0,336,0,8,10,23.85,1.64,6.68,True,0,Standard Complexity,0.02236067977385903,5.6213043478260865,6.7510200867513515,0.19538787,0
90b23e76c61b4944,24,0,1,103,5,6,1,24.19,4.76,6.31,True,0,Standard Complexity,2.3553555994795734,12.486842105263158,5.39606782040753,0.19532004,0
f6499575bf81850f,54,2,0,186,0,9,3,19.11,5.48,6.32,True,2,Standard Complexity,0.5546169849543875,10.863599999999998,4.562498333150381,0.19530696,0
7d71e4ff02bc4c8b,41,0,0,241,7,10,5,25.79,6.62,6.57,True,0,Standard Complexity,4.824147593098366,13.640454545454547,4.815676557087212,0.19530638,0
95ceffb3f57b9196,16,0,0,154,5,4,9,36.52,24.29,6.32,True,1,Critical Complexity,3.8170276394075198,24.782857142857143,4.094502287164075,0.19513355,0
df5dc6f97f974ceb,27,1,0,179,2,6,2,17.74,6.76,6.34,True,2,Standard Complexity,2.7840976994348616,9.740999999999998,5.522460411809215,0.19512233,0
bfd38673fc372083,23,2,0,153,5,5,5,25.91,7.36,6.54,True,0,Standard Complexity,4.389533004774601,15.771499999999998,6.417848763409745,0.19497004,0
30f6a290b480eb11,27,0,0,215,3,9,7,29.36,5.31,6.33,True,0,Standard Complexity,4.476885077818338,13.555555555555555,6.275508144296827,0.19472063,0
19c0b9b116402317,76,27,0,109,5,10,5,10.85,5.77,6.34,True,2,Standard Complexity,0.6092618484691557,4.536,3.4518905609020174,0.19471897,0
3499c601bd780132,80,7,0,186,9,9,1,14.52,10.58,6.39,True,2,Standard Complexity,0.38052595180982524,6.989076923076922,3.6340613953058183,0.19456412,0
affef34441994969,25,0,2,212,1,8,2,23.77,11.84,6.29,True,0,Standard Complexity,12.265272112758078,15.175,6.2687403040802385,0.19443758,0
c499a0c0f17229dc,41,5,0,112,2,4,2,17.53,15.85,6.79,True,3,Critical Complexity,0.5345091205959265,9.835135135135134,4.758116037359928,0.19421287,0
88c93a0eb1772e22,56,12,0,101,0,5,0,13.99,2.63,6.3,True,2,Standard Complexity,0.6500000000001259,6.368484848484849,4.518613437912739,0.19381271,0
ae62dda32497436a,36,0,0,98,0,5,0,20.23,5.92,6.3,True,0,Standard Complexity,0.26570660511177774,11.734444444444447,4.718327805902279,0.19367863,0
ef34a5fbfd608a62,56,9,0,151,13,6,2,14.8,3.19,6.32,True,2,Standard Complexity,1.6137224048767358,3.948,4.328376446967924,0.19363272,0
eef77c6aede8cba,183,32,0,298,4,16,9,17.61,17.44,6.85,True,3,Critical Complexity,0.15811388300985701,2.7025531914893617,2.622553139704689,0.19355176,0
93fb3465e29da6f6,62,5,0,207,1,7,5,17.03,7.16,6.41,True,2,Standard Complexity,2.292596780945312,7.508235294117648,4.7285773700592735,0.19349165,0
bf981a49322a4a4d,28,9,3,127,2,4,1,17.93,2.42,6.31,True,2,Standard Complexity,1.9183847372204683,7.468095238095238,5.660804771196086,0.19339454,0
f9384dbbe3517a68,30,1,0,160,0,3,2,22.78,5.06,6.3,True,0,Standard Complexity,0.6389053137982708,12.56866666666667,4.8723784290175525,0.19316117,0
717da56519e35c35,28,0,0,186,5,7,3,25.28,7.11,6.3,True,0,Standard Complexity,4.560098683142667,9.004375,6.708544895085297,0.19313034,0
ade73fec7cf3ef2b,39,17,0,95,1,4,0,13.69,6.45,6.76,True,2,Standard Complexity,0.03162277660143933,5.805000000000001,5.043163964990408,0.19288276,0
521f2b5771b4d35f,19,3,0,116,1,4,1,25.34,10.08,6.31,True,0,Standard Complexity,1.5297058540778712,14.112105263157895,6.563132739579531,0.19282082,0
f30e395c8fcb3cbc,57,14,0,65,6,9,0,14.03,2.93,6.32,True,2,Standard Complexity,0.708307842678374,4.022608695652174,4.109264418879881,0.19270948,0
60b3ab1c027fcbe8,17,0,0,106,1,4,10,21.94,17.91,6.32,True,3,Critical Complexity,1.3784411485439447,13.338750000000001,5.191708383326243,0.1926396,0
c01dfda8b3bc937e,28,1,0,65,5,0,5,16.69,11.67,6.46,True,2,Standard Complexity,15.083036829497376,8.348000000000003,5.274036025663837,0.19216904,0
3c520e188c1bf2cd,44,7,1,146,1,5,4,14.81,5.77,6.3,True,2,Standard Complexity,0.13601470508781582,7.145714285714286,4.953607219975755,0.19215307,0
2cd569718ba30e02,27,1,2,586,14,12,3,21.75,18.9,6.3,True,3,Critical Complexity,2.355185767620108,12.31764705882353,4.086813125467244,0.1921053,0
9a758cdb173e0b45,20,1,0,122,6,4,5,22.4,14.75,6.31,True,3,Critical Complexity,7.813917071481149,11.236999999999998,6.963128678977576,0.19205798,0
7bbe429a5e10543e,39,2,0,236,2,7,0,24.76,16.42,6.31,True,3,Critical Complexity,3.1202563997200157,14.442820512820512,4.842419901892637,0.19203544,0
635aa3a55dcd4466,70,8,1,215,7,6,5,12.37,8.34,6.68,True,2,Standard Complexity,0.6599999999999682,5.82,4.221636001163032,0.1919359,0
93d0a215fe68e9f1,30,12,4,174,4,5,6,16.16,4.67,7.44,True,2,Standard Complexity,0.050990195135926064,7.1328125,5.256138812364429,0.19166222,0
81498d79b1506455,64,25,0,209,7,13,5,17.54,9.66,7.29,True,2,Standard Complexity,0.014142135623878865,3.487058823529412,3.6556664552217986,0.19159816,0
70031fe4348f729,48,0,0,332,0,11,8,27.25,10.94,6.33,True,0,Standard Complexity,0.63505905237274,12.504444444444445,4.484648161874293,0.19100006,0
c72a48dbe90de7b4,37,0,1,113,3,9,2,21.17,11.99,12.17,True,3,Critical Complexity,0.6888396039717783,10.619333333333335,4.671073347981406,0.19096479,0
fbc53221ea0c2d62,14,2,0,376,2,10,3,25.43,16.29,7.64,True,3,Critical Complexity,0.11180339887450648,11.4325,8.283549083374025,0.19084968,0
fc09cbe6daf32cbb,80,11,0,89,0,7,0,17.68,6.13,6.61,True,2,Standard Complexity,0.18788294228061841,5.489428571428572,4.035656040034803,0.19049734,0
ae934710f1d460b3,57,3,2,220,9,23,4,16.23,9.08,6.33,True,2,Standard Complexity,0.5900000000000034,7.838837209302324,4.097346395550063,0.19041777,0
e2ec5b79e47766f5,79,24,0,218,15,13,11,14.94,13.54,6.75,True,3,Critical Complexity,0.16155494421367708,3.7975,3.457524704659872,0.19039834,0
f60034fdf02842c8,21,7,3,81,3,4,4,18.48,3.33,6.45,True,2,Standard Complexity,0.9664884893265029,9.38142857142857,5.580991152555069,0.19036467,0
d2ef41eb078cc1f,56,17,0,193,4,16,1,14.78,6.9,7.29,True,2,Standard Complexity,0.041231056256194255,4.7040000000000015,4.127601886487278,0.1903307,0
459bf83d5496456a,20,0,1,503,7,12,0,23.73,6.03,6.34,True,0,Standard Complexity,6.922983460908211,13.37,7.210457052718011,0.19025572,0
38218fa5fad26101,56,0,0,300,1,12,5,20.55,14.18,6.36,True,3,Critical Complexity,3.374996296294225,12.271199999999999,3.5875610879816393,0.19018975,0
88ab34d798050755,81,13,0,99,5,5,2,11.17,10.4,6.95,True,2,Standard Complexity,0.2163330765276426,4.053999999999999,3.6799271731924263,0.19009805,0
7597ac2652e6f605,21,8,0,305,2,6,2,22.59,9.95,6.38,True,0,Standard Complexity,0.46043457732890886,7.394761904761905,6.272242417454116,0.19006689,0
df9e1b10f1e7f728,25,1,0,79,1,4,1,20.43,6.73,6.3,True,0,Standard Complexity,0.530848377598316,11.721739130434784,4.797999267968403,0.19000675,0
654e78373a764925,68,17,4,327,7,9,9,17.63,2.68,7.73,True,2,Standard Complexity,0.320156211872097,3.859677419354839,3.791161609263661,0.189778,0
ec679fafefca25d0,33,0,0,133,0,4,5,22.98,5.56,6.3,True,0,Standard Complexity,1.010791768862402,12.421724137931037,4.705579277590934,0.18967214,0
6afaccef1fb500a0,58,65,1,202,10,13,9,11.61,11.4,8.96,True,2,Standard Complexity,0.04999999999998863,3.5896590909090906,2.88963014653796,0.18965085,0
b49ca291e545ff97,66,1,0,184,2,12,2,16.26,3.43,6.34,True,2,Standard Complexity,0.27730849247719375,8.323414634146342,3.7128403496817457,0.1895684,0
e979ea1762984dfb,40,6,0,416,4,11,8,16.45,11.46,7.98,True,2,Standard Complexity,0.32249030993085903,10.284615384615382,4.822631926471773,0.18952699,0
bc6fe02a37dcdbec,70,9,0,48,4,2,4,14.38,13.86,7.56,True,3,Critical Complexity,2.2300896842951548,3.978,3.642673377251018,0.18942495,0
56888eec2c204c7d,155,28,6,78,9,7,5,14.54,6.5,6.78,True,2,Standard Complexity,0.02828427124711462,3.5122413793103444,2.8465078684564187,0.18936396,0
f43792cd0cd4886c,27,1,0,122,2,4,6,22.64,16.53,6.58,True,3,Critical Complexity,1.0988175462738923,14.284090909090908,4.950466148015218,0.18908255,0
eaa8ed881c7b9abc,36,17,3,62,0,5,0,15.1,5.26,6.4,True,2,Standard Complexity,0.4825971404804229,6.116,4.9007767314404935,0.1889158,0
72c5e88aa03388d6,64,10,0,104,0,5,2,13.95,5.56,6.45,True,2,Standard Complexity,0.5375872022287869,7.418367346938775,3.9263408456837774,0.18888107,0
e6eea01101bcf857,47,0,0,390,5,11,10,19.44,8.65,8.36,True,2,Standard Complexity,1.6933103672984333,14.488,3.8527699126732187,0.18884261,0
f2302025530e567e,34,0,0,131,2,4,2,26.32,3.42,6.29,True,0,Standard Complexity,2.0500975586540116,18.11774193548387,4.668363469331603,0.18883891,0
67aca560c2ee6ab0,45,2,0,353,3,11,6,18.96,6.48,6.34,True,2,Standard Complexity,0.7125307010938803,12.008636363636363,4.65816516301756,0.188729,0
c5fe345177e3f3be,55,5,2,67,1,4,0,14.02,4.11,6.61,True,2,Standard Complexity,1.0070253224223342,7.586999999999999,4.631910081165221,0.18856989,0
ee335a44ddf68736,130,29,0,40,8,3,1,12.62,11.94,7.75,True,2,Standard Complexity,0.05385164807125384,2.8047999999999997,2.991487415985566,0.18853115,0
6d8fccc59aabf1bf,39,2,0,117,4,6,1,17.63,3.61,6.32,True,2,Standard Complexity,0.3705401462730952,8.17142857142857,5.00920703325794,0.18851075,0
63b207431c5832ce,118,40,0,127,2,9,2,14.04,4.99,7.13,True,2,Standard Complexity,0.16643316977052144,3.54044776119403,2.789131054345758,0.18833825,0
b1eccb383b2cc8f4,77,95,0,100,2,20,2,10.92,4.84,8.0,True,2,Standard Complexity,0.036055512753913416,1.9641818181818183,2.23267812353366,0.18825689,0
a27d446f3dacb198,48,1,0,345,3,9,7,17.1,6.16,6.3,True,2,Standard Complexity,1.5742934923324474,9.02107142857143,4.867096038916925,0.18814485,0
4c15edf70d419795,42,1,0,187,2,7,4,21.78,4.67,6.34,True,0,Standard Complexity,0.4304648649998723,15.191428571428572,4.62866975204209,0.18763378,0
3353b9a972d01d7f,139,21,0,59,0,5,3,12.58,4.61,6.46,True,2,Standard Complexity,0.20248456731354317,3.35939393939394,3.0932428207048437,0.18745019,0
5ecd75c0674e15e8,22,118,2,40,5,2,2,16.9,16.13,8.21,True,3,Critical Complexity,0.00999999999839929,2.2392799999999995,1.7877893280809123,0.18713447,0
1dd4976586db457,17,6,0,225,0,8,5,17.59,9.53,6.77,True,2,Standard Complexity,0.19849433241277192,7.3393749999999995,5.990415750127449,0.1870127,0
78da1871b7af81c0,51,2,2,81,2,2,1,15.87,11.02,6.35,True,2,Standard Complexity,2.3700210969525286,9.070666666666666,4.628276809161506,0.18658501,0
c1e75a39ea43312a,19,6,0,162,2,5,5,23.37,11.9,6.44,True,0,Standard Complexity,0.2545584412270864,7.472307692307694,6.115734000662872,0.1862992,0
a4d5f50cfc1a5606,27,5,1,103,2,4,0,15.05,1.64,6.38,True,2,Standard Complexity,0.7496665925592739,7.698181818181819,5.004087089900193,0.18593991,0
f5db78f86acd1a2e,18,1,0,133,1,4,1,22.49,8.85,6.29,True,0,Standard Complexity,0.39623225512314,12.84764705882353,5.2754174960646925,0.18591513,0
11790701a3aba108,63,13,2,79,5,1,2,22.77,9.15,6.38,True,0,Standard Complexity,0.5800862004908502,5.4128125,4.099111362825331,0.1857247,0
cc56617f46a2014a,53,1,2,139,3,14,2,23.51,4.64,7.82,True,0,Standard Complexity,0.3061045573004986,10.646136363636366,4.48654565233609,0.18546395,0
5c432fbcc9ba169e,42,0,0,215,2,11,4,24.31,7.3,6.3,True,0,Standard Complexity,1.7400287353949175,18.002926829268294,4.375952715167036,0.18520796,0
a4531a01819c599,104,28,10,237,1,10,5,12.38,9.85,6.74,True,2,Standard Complexity,0.04123105625608396,4.666976744186047,3.2809148857950063,0.1851852,0
cd6165e2f54ec8b4,81,10,0,94,7,1,4,12.55,8.64,7.33,True,2,Standard Complexity,0.2523885892816821,3.90375,3.570816681213603,0.18503419,0
63ee1f112a8978d9,42,2,0,405,3,13,7,17.64,3.77,6.42,True,2,Standard Complexity,0.9009439494212728,9.346875,4.797242331212277,0.18492262,0
afb02556331a3d5f,428,69,0,373,9,7,4,14.56,9.76,9.37,True,2,Standard Complexity,0.10770329614225435,2.4877777777777776,2.276713979227491,0.1849084,0
21d51118c854dc8c,33,2,2,139,3,14,2,20.15,2.54,6.28,True,2,Standard Complexity,1.4849915824675877,8.63516129032258,5.0784413858455935,0.18429881,0
a044d28700f9db2c,37,8,0,13,0,2,0,14.57,9.19,6.45,True,2,Standard Complexity,0.20808652046673534,4.231333333333334,4.4704419865999325,0.1839743,0
d158331f8eba790b,44,2,0,107,7,2,0,19.2,3.86,6.69,True,2,Standard Complexity,0.2549509756793895,12.398928571428572,4.653684668614534,0.18395294,0
832a48a82944638f,23,0,0,73,1,4,2,27.57,5.58,6.27,True,0,Standard Complexity,3.661543390428906,16.614615384615384,5.27152527246383,0.18394665,0
af6917b8e84dd4c,36,7,8,108,3,5,0,17.61,5.24,6.51,True,2,Standard Complexity,0.07810249675899551,8.252380952380953,4.712948631934814,0.18386348,0
491d6cd00d5377c9,53,0,0,544,15,20,4,19.83,9.51,6.33,True,0,Standard Complexity,2.621945842308656,10.916799999999999,3.9623111639546935,0.1838146,0
c5ce883b4515e59b,23,0,1,110,0,4,2,23.66,8.56,6.3,True,0,Standard Complexity,0.05830951894847796,13.346521739130436,4.8902659380834885,0.18371679,0
4407adbcaae22753,107,4,0,151,10,6,3,10.99,3.41,6.22,True,2,Standard Complexity,2.64372842780813,4.944166666666667,3.6037676079656165,0.18354116,0
346dd7ca9ec9f127,356,62,0,108,1,6,3,8.73,8.06,9.8,True,2,Standard Complexity,0.14142135623673072,2.6461052631578945,1.98097652407081,0.18317534,0
deb17fb0384c995f,27,3,1,174,0,9,3,21.61,3.28,6.21,True,0,Standard Complexity,3.0207614933984037,8.115,6.479998622133892,0.18309492,0
9051fde37bc06aa6,19,0,0,89,0,5,0,30.83,8.01,6.3,True,0,Standard Complexity,0.6576473218984198,16.541176470588233,4.996279653964821,0.18301788,0
6479bc164560f7b,35,4,0,181,3,15,1,20.1,4.98,6.33,True,2,Standard Complexity,0.31240998703644784,9.153030303030304,4.838142947547118,0.18294896,0
4640fae7197ada0b,85,2,4,214,1,4,3,15.99,6.89,6.33,True,2,Standard Complexity,1.8668154702595587,8.039130434782608,3.578075646323433,0.18274003,0
1534f3308e3cfe3a,16,2,1,76,1,3,3,21.4,7.98,6.32,True,0,Standard Complexity,0.050990195135981804,11.256470588235295,6.687537963543895,0.18262143,0
5425da19b8525265,20,0,0,215,8,12,6,23.42,3.46,6.32,True,0,Standard Complexity,6.571795797193107,12.662666666666667,5.8466394526162535,0.18240267,0
362edd8362fb3746,23,0,0,157,0,6,1,31.35,24.3,6.28,True,1,Critical Complexity,1.7701977290687338,17.80333333333333,4.820066521308734,0.18237004,0
51a23f31025db9c3,46,0,0,55,0,0,3,35.07,8.58,6.3,True,0,Standard Complexity,1.1200446419677965,27.571304347826096,4.220719395046326,0.18199344,0
f38715cdf81a27c4,27,0,2,86,4,1,3,17.87,2.45,6.29,True,2,Standard Complexity,1.4458561477543799,13.7775,4.664180662238546,0.18172398,0
ba265bbd942a47a6,34,10,0,333,3,11,8,21.87,5.03,7.19,True,0,Standard Complexity,0.3499999999994543,4.168333333333333,5.039428153184755,0.18157448,0
734ec41f18c1c4e9,45,2,0,683,5,25,18,24.58,8.86,6.29,True,0,Standard Complexity,13.747832556442816,13.24692307692308,8.43254171429431,0.18140936,0
a6c2586c75e99d82,47,0,0,49,3,2,0,21.4,6.58,6.3,True,0,Standard Complexity,0.339558536926905,9.918999999999999,4.117996559817245,0.18140087,0
e4331f8bd5ae7e4e,34,54,2,139,5,8,6,13.62,10.42,10.65,True,2,Standard Complexity,0.11999999999989086,4.278666666666666,3.5993973878352965,0.18122186,0
18d9ba54fee19cc7,45,1,0,268,4,10,0,19.65,8.17,6.29,True,2,Standard Complexity,9.056274068290936,9.181999999999999,5.556143986615178,0.18119477,0
10cf363b9d4c745a,27,0,2,111,3,4,6,27.23,8.06,12.6,True,0,Standard Complexity,2.5523714463217804,15.570740740740742,5.069387373262379,0.18098785,0
5c3c8698d45d64cf,40,0,0,100,1,4,2,17.84,6.21,6.32,True,2,Standard Complexity,1.0245974819415897,9.411724137931037,4.6594206158732066,0.18088444,0
652f11a4cefbacfb,22,1,0,186,2,6,6,21.97,7.47,6.3,True,0,Standard Complexity,4.5650848842053255,11.717692307692309,6.810758631466444,0.18084936,0
82475bb94faddc6,62,1,2,166,2,3,3,16.99,4.38,6.29,True,2,Standard Complexity,2.923439754809284,6.348666666666667,4.838622209770969,0.18045522,0
24aee88cb4ba196a,85,5,0,76,1,2,4,15.33,5.75,6.19,True,2,Standard Complexity,0.8490583018852139,7.254705882352941,3.6168317589180643,0.18040933,0
b5ac9896b8f43473,82,0,0,277,4,8,0,17.5,12.55,6.32,True,3,Critical Complexity,0.23769728648013155,8.705555555555556,3.4867586384017373,0.18023923,0
691373edebff5be5,20,1,0,152,2,5,6,31.92,9.33,6.31,True,0,Standard Complexity,3.09131040175536,15.9745,6.484875075897762,0.18016304,0
aaead0483e359bfb,44,0,0,50,3,1,0,18.77,3.18,6.31,True,2,Standard Complexity,0.9192388155424797,10.63642857142857,4.504820603916363,0.18010774,0
4988bf2122410aea,54,0,0,363,8,8,6,19.51,7.08,6.31,True,2,Standard Complexity,0.3984971769035309,10.07128205128205,4.27391442476223,0.18001091,0
18dc0cbe73a4f9cb,31,0,0,158,3,3,1,19.17,7.59,0.1,True,2,Standard Complexity,3.153299858878028,14.030909090909091,4.58867866611146,0.17990942,0
ce959eb6767ba382,79,5,0,33,2,0,5,15.63,14.68,7.59,True,3,Critical Complexity,0.22022715545480814,5.610526315789474,4.191142883553376,0.17924108,0
79b27abba6caf6d5,26,0,0,66,6,2,0,16.37,15.94,6.23,True,3,Critical Complexity,6.907886796987892,10.517272727272728,4.629690920194233,0.1790011,0
c1b19ab78cb2aae0,23,0,0,14,0,0,0,20.77,11.67,6.28,True,3,Critical Complexity,0.2846049894151829,8.423478260869565,3.703972730549976,0.17878534,0
9d477b033f1c85e9,40,15,0,214,3,11,6,15.38,9.56,6.39,True,2,Standard Complexity,0.30066592756741156,5.9746428571428565,4.8024290595956725,0.17866962,0
b587c021276fbb09,27,0,0,162,6,4,6,21.68,7.59,6.3,True,0,Standard Complexity,2.921386657051709,13.043000000000001,4.845193597783271,0.17845127,0
99f6fc46b86b0455,62,47,0,179,0,3,0,11.18,10.81,12.02,True,2,Standard Complexity,0.08485281374263008,2.817962962962963,2.583511377111642,0.1780742,0
ab8818aaf0eae3b8,33,2,1,112,0,5,0,24.68,13.79,6.3,True,3,Critical Complexity,2.5827891900036337,12.31137931034483,5.09853442372578,0.17788187,0
9d7e21675ec5f5cb,44,1,0,265,5,24,9,27.48,9.61,6.33,True,0,Standard Complexity,6.788438701203669,15.540645161290325,5.04807592568781,0.17783658,0
3c35e0716db8c145,35,7,3,130,4,15,3,20.77,4.5,6.31,True,0,Standard Complexity,2.973112846832258,7.8704761904761895,5.545445558285582,0.17770284,0
31e3c3562822f65c,34,1,0,115,4,5,3,22.45,9.72,7.79,True,0,Standard Complexity,6.021403490881943,10.861428571428572,5.766952472175102,0.1773609,0
33f131fbe2aa2309,33,2,0,187,5,1,6,18.99,1.1,6.29,True,2,Standard Complexity,0.4143669871023113,5.929999999999999,6.580727272009639,0.17732053,0
a66bb2d9ed4ab0ec,154,4,0,284,5,5,8,15.92,7.43,7.49,True,2,Standard Complexity,0.05385164807125384,5.232264150943396,3.275936070464662,0.1773157,0
eff2108e6b5fe10b,24,3,0,122,8,6,2,15.98,13.96,6.32,True,3,Critical Complexity,9.243516646818145,10.270999999999999,5.752210792382351,0.17707418,0
9ef1a6d77e38b5c,30,0,0,150,4,5,1,25.0,12.48,6.81,True,0,Standard Complexity,4.784318133234619,12.419333333333332,5.444639524849699,0.17704596,0
47fa41207ecee0c1,33,1,0,88,7,3,2,13.54,0.99,6.3,True,2,Standard Complexity,18.72202179253083,6.725,5.34245262028593,0.17673188,0
80b58d9a48949962,36,7,2,228,1,10,3,18.21,2.48,6.53,True,2,Standard Complexity,1.3782960494756638,7.8829032258064515,4.879194931972194,0.17664567,0
6382edda31225be1,23,1,0,121,1,5,1,22.67,1.8,6.29,True,0,Standard Complexity,7.82007672596582,12.633571428571429,7.251732410892149,0.17639615,0
53e9adfdac0eb822,44,4,0,277,3,9,6,16.17,4.06,6.85,True,2,Standard Complexity,4.599793473624756,9.04818181818182,5.7620037836941576,0.17609532,0
b5235f8e1df15ec0,21,2,1,124,2,5,4,23.27,2.6,6.36,True,0,Standard Complexity,0.9741663102364185,12.555500000000002,6.529698672220642,0.17597038,0
e91039196135807f,30,13,0,296,1,12,4,14.64,9.32,7.74,True,2,Standard Complexity,0.042426406870993486,6.8875,4.913181462487756,0.17586742,0
2f6ac7527065d0a5,41,25,5,152,1,5,3,17.95,5.83,6.35,True,2,Standard Complexity,0.170293863659256,4.7619298245614035,4.625924824973216,0.17584403,0
743a78cfa83bf149,34,0,0,75,0,4,0,26.15,5.26,6.42,True,0,Standard Complexity,0.19723082923340737,16.016451612903225,4.486813330255886,0.17580907,0
733624e8dc4d2568,34,7,0,95,6,6,1,16.21,11.0,7.6,True,2,Standard Complexity,0.04472135954995512,8.510384615384615,4.827328040015217,0.17577335,0
5b09c7b083ee50c9,34,0,0,482,0,16,7,23.15,10.33,6.3,True,0,Standard Complexity,0.9297311439334253,14.784074074074072,3.3190976677172914,0.17574763,0
9a39f12e67eab1b5,53,54,0,130,4,12,4,15.95,10.81,7.22,True,2,Standard Complexity,0.02236067977497756,3.130281690140845,3.1001335599720137,0.175593,0
75c02da3d297d689,32,84,5,204,5,13,4,11.61,10.33,9.53,True,2,Standard Complexity,0.014142135623878865,3.093009708737864,2.788230755780188,0.17552638,0
ac85655a0573d543,55,1,1,112,3,6,1,19.11,6.32,9.47,True,2,Standard Complexity,0.21540659228539535,12.023488372093023,4.466903554605121,0.17536065,0
e9158466a9e487be,18,0,0,55,3,0,6,15.69,15.57,8.54,True,3,Critical Complexity,0.11704699910773085,11.0575,4.718068328246211,0.17533533,0
4ac47586e72986a1,23,14,7,80,0,7,0,16.4,6.5,6.59,True,2,Standard Complexity,0.647610994349015,7.91425,4.482578436290881,0.17529148,0
5053c7cd79f78cf0,46,0,0,448,5,14,13,23.46,8.96,0.1,True,0,Standard Complexity,1.800999722375707,13.571388888888889,4.47405182554408,0.17503697,0
f0866b5e472bf93a,45,0,0,61,0,3,0,18.15,1.25,6.3,True,2,Standard Complexity,6.9480141047639865,9.567499999999999,4.951178521321968,0.17483841,0
561b44a78a7d4269,35,10,0,112,0,3,3,13.95,9.67,6.32,True,2,Standard Complexity,0.43416586692187753,6.464761904761906,4.865793743351075,0.17473389,0
5cc5fcf2c430d905,21,4,0,104,0,4,2,22.76,11.01,6.3,True,0,Standard Complexity,1.9830532015051436,12.5568,6.196334219520442,0.17456481,0
934163e7dbe2d2d9,24,0,1,180,2,4,2,24.18,7.09,6.3,True,0,Standard Complexity,3.310589071449372,17.230909090909094,4.7863118360315315,0.17443468,0
9c63aefc5cd2d5eb,23,5,0,256,15,26,6,18.66,3.31,6.29,True,2,Standard Complexity,2.868327038536591,10.289411764705882,5.399244468483515,0.17436865,0
6361c3ffcdeac4f8,50,2,0,237,14,24,7,16.68,7.51,6.3,True,2,Standard Complexity,1.2522779244240845,9.758857142857144,4.2655046738280555,0.17407669,0
1334c204de371769,19,0,0,111,5,5,0,24.17,9.4,6.27,True,0,Standard Complexity,3.5419344996766515,15.576666666666666,5.337557077498616,0.17407115,0
9562a900f5a494b,24,0,0,102,2,4,1,18.57,2.09,6.3,True,2,Standard Complexity,0.9396275858015305,12.889473684210525,4.915568686577919,0.17365421,0
374ef1aaacbba7b0,16,5,0,61,8,0,9,14.5,14.03,7.6,True,3,Critical Complexity,0.04472135955015849,6.845000000000001,5.077698789806265,0.1730598,0
ec2dd327dd77b70f,38,3,0,149,1,8,2,22.18,13.57,6.73,True,3,Critical Complexity,5.555582777711072,13.149523809523808,5.2685531366965455,0.17293634,0
618cb2fc67ccb4a9,22,3,0,122,4,7,1,17.52,1.75,0.11,True,2,Standard Complexity,0.9897979591816399,9.508666666666668,5.420188024618908,0.17292705,0
334c9ff83f6358e3,81,11,2,60,4,5,3,13.26,11.06,6.6,True,2,Standard Complexity,0.16970562748469745,4.889583333333333,4.027931105798056,0.17260137,0
d67c5dda1ba25da1,20,1,0,97,7,2,1,16.91,1.99,6.29,True,2,Standard Complexity,2.994010688023743,9.86,4.91449104406776,0.17246613,0
36876bf30a3b4477,41,3,2,281,7,6,5,18.6,8.5,10.99,True,2,Standard Complexity,0.486004115208613,11.524705882352942,4.635435911536842,0.1724594,0
1292e25aede86015,10,0,0,88,0,4,0,35.17,10.14,6.3,True,0,Standard Complexity,2.400020833242545,16.348999999999997,8.666511928105793,0.17244872,0
2d6212a6d95c1949,30,2,0,154,2,10,2,24.73,7.46,6.29,True,0,Standard Complexity,1.220368796717044,15.848125000000001,4.682136556570621,0.17243786,0
32b94eb3170d0601,23,1,0,79,0,11,0,19.09,4.92,6.4,True,2,Standard Complexity,0.8658521813798588,13.211333333333332,4.697989451764328,0.17232862,0
5fa8d350bc43c98a,74,3,0,262,7,5,7,12.18,8.65,6.27,True,2,Standard Complexity,0.4669047011972124,5.553333333333333,4.4883553038204695,0.1722204,0
38222a5dc5f2ef0a,31,13,0,178,1,9,3,16.98,10.95,9.32,True,2,Standard Complexity,0.039999999999054126,5.627037037037036,5.194630286501925,0.17199592,0
5f91b2e0d11457f3,28,3,1,127,4,5,3,18.96,7.97,7.45,True,2,Standard Complexity,2.3105410621751923,12.779259259259263,5.250020758989594,0.1718271,0
3b072b3728ac0c06,91,25,0,311,14,6,2,12.94,7.59,6.33,True,2,Standard Complexity,0.08246211251227821,3.405263157894737,3.2204075721479604,0.17177866,0
d7d13ee9f62b19aa,64,117,0,218,11,17,3,12.12,5.18,7.23,True,2,Standard Complexity,0.02236067977497756,2.339051094890511,2.2626310126883467,0.17175674,0
4ca03abeae57653a,51,0,0,55,0,0,3,31.58,9.08,6.31,True,0,Standard Complexity,0.2920616373301181,25.449607843137255,3.3200401372392565,0.1714152,0
dda1bddc62ecbae6,34,4,0,165,5,5,0,19.21,4.14,8.7,True,2,Standard Complexity,3.989110176467288,7.605333333333333,6.010563885545367,0.17135002,0
49c63d6914d7d3e9,22,2,0,81,1,4,1,24.24,4.55,6.48,True,0,Standard Complexity,1.8809572031281,13.573157894736841,5.0687328974405,0.17129931,0
96edb94ac41a6e2c,182,22,0,81,9,2,0,11.89,11.67,9.28,True,2,Standard Complexity,0.06403124237430576,3.46027027027027,2.8032235175091094,0.17124893,0
cc9006c7b781e0e7,40,1,0,117,1,7,5,17.89,3.71,6.32,True,2,Standard Complexity,0.21095023109736746,10.811578947368423,4.693413933271864,0.17107004,0
e83042423b2f34a8,54,1,0,122,0,6,0,28.85,13.47,6.76,True,0,Standard Complexity,1.6332176829806349,14.271698113207549,4.2836784298073125,0.17094262,0
1214d44c4c259b02,37,1,0,104,7,6,1,22.44,20.23,6.3,True,3,Critical Complexity,0.4720169488483529,8.828928571428571,4.832505516430016,0.17078759,0
9b6d992de66c615f,52,0,0,140,9,10,4,18.85,3.51,6.29,True,2,Standard Complexity,6.796072395141177,10.905555555555557,4.1882271802733255,0.17059366,0
ced3e63e3dcb68fe,21,3,0,111,3,4,0,15.99,1.36,6.78,True,2,Standard Complexity,0.1044030650890541,8.824615384615386,5.2761475097251305,0.17057069,0
5521030f9d5f1733,83,6,0,74,8,12,1,12.26,8.21,6.91,True,2,Standard Complexity,1.3688316185710867,5.874615384615385,3.9261678622850855,0.1703968,0
4f518d6f3f064159,21,9,0,204,0,4,11,15.06,1.78,6.49,True,2,Standard Complexity,0.0,6.285,5.659882065909148,0.17027313,0
3b3c904651c5af0b,21,2,2,108,2,4,3,24.15,10.38,6.31,True,0,Standard Complexity,0.6906518659934127,12.873333333333335,6.278474248484969,0.16994463,0
fe6bed407c9249ca,23,3,0,81,10,5,2,13.73,1.73,6.64,True,2,Standard Complexity,11.322349579482081,8.052,5.117819457542441,0.16987328,0
5877835cf181cc59,27,0,0,61,9,2,1,20.85,20.53,6.3,True,3,Critical Complexity,2.2703523955544687,12.234444444444444,3.6015524773232976,0.1697379,0
151e62c2b891d0a3,53,4,0,241,1,8,14,20.86,5.19,6.28,True,0,Standard Complexity,0.3758989225841078,12.969038461538464,4.456317581045599,0.16973247,0
14208e83d1949cb0,27,3,0,107,2,4,6,18.68,12.77,6.29,True,3,Critical Complexity,0.6726812023537582,9.67086956521739,4.7714904362250135,0.1694693,0
4cd6a4302c5a020b,47,4,1,136,4,5,3,20.12,4.16,6.36,True,2,Standard Complexity,0.04472135954995512,8.1384375,4.8671617174277,0.16938193,0
1ad5e8178c49b7a0,32,24,2,109,2,7,3,15.15,3.04,7.84,True,2,Standard Complexity,0.03605551275463075,4.294615384615385,4.616684816859913,0.16938017,0
c74081a60be547d5,137,39,0,50,0,4,3,13.08,12.64,8.46,True,2,Standard Complexity,0.08062257748310958,2.8164814814814814,2.5105172533338016,0.16933897,0
da1c5c5aa771ac42,13,1,0,107,3,8,4,29.78,16.75,0.06,True,1,Critical Complexity,10.196872069414187,12.517499999999998,8.36596938495474,0.16927195,0
fe8cc1ce3d4ebd8b,64,10,0,182,8,10,2,11.84,4.2,9.36,True,2,Standard Complexity,0.111803398873693,4.863548387096775,3.549621105075044,0.16920339,0
c257931fc79ea76,19,0,2,271,3,6,4,24.21,6.19,0.07,True,0,Standard Complexity,4.232493354986013,13.969285714285714,6.361794967152088,0.16901556,0
2b957219ee7f8c85,57,5,4,92,0,4,0,17.33,3.91,7.41,True,2,Standard Complexity,0.08944271909991024,8.682444444444444,4.477721223795055,0.16871971,0
ce0523ebbf6c50cf,42,0,0,223,6,12,4,19.17,10.02,0.12,True,2,Standard Complexity,0.9800510190800906,10.286571428571428,4.56742687351401,0.16852222,0
f3a8dfbb81d2fa8b,63,0,0,109,3,5,0,18.67,10.29,6.33,True,2,Standard Complexity,0.674462749156685,11.790652173913044,3.3069816805568717,0.1685008,0
36165cf227afe792,29,0,0,50,0,4,0,20.05,5.31,6.25,True,2,Standard Complexity,0.12000000000080036,14.148,3.5406417497397276,0.16843326,0
95979f8ba6db47ff,31,7,2,95,6,3,6,15.46,3.04,6.31,True,2,Standard Complexity,2.4956962956255,6.233125,5.236657711209985,0.16839619,0
9140c367c9745510,35,0,0,208,5,10,3,21.51,2.6,6.3,True,0,Standard Complexity,1.7500000000004547,15.686896551724136,4.352717821956108,0.16837776,0
dc2fe2e7aa230153,29,3,0,116,9,6,3,15.26,4.79,6.42,True,2,Standard Complexity,0.5223983154643725,7.986190476190475,4.716958741948315,0.16827993,0
94eec780e25d7760,21,1,1,379,2,11,8,21.62,9.94,6.29,True,0,Standard Complexity,3.437862708137245,12.932941176470587,5.24168895626084,0.16809769,0
506fa9d5b4adbdba,31,0,0,126,2,4,10,16.77,4.41,6.27,True,2,Standard Complexity,27.220760459619154,9.8575,5.809489542980519,0.167835,0
c4cfffad8883b5de,38,1,0,84,5,0,5,16.58,5.75,6.29,True,2,Standard Complexity,27.618548115352155,8.728571428571428,5.425733468709035,0.16782616,0
654d6de4cbc92804,29,1,0,63,4,0,0,18.43,16.76,6.37,True,3,Critical Complexity,2.240758800049231,11.845882352941176,4.083415610121348,0.16756144,0
9afb8d010836e73e,55,1,1,108,0,4,0,23.97,11.01,6.37,True,0,Standard Complexity,0.24207436873858976,12.720526315789474,3.9005093779149176,0.1675256,0
a0b9f3d3b016e70f,61,78,0,234,10,12,10,10.4,8.96,7.84,True,2,Standard Complexity,0.182482875908818,3.4122105263157896,2.7704900493547,0.16732128,0
f191fe7af482d72f,57,13,5,211,6,5,5,14.57,3.68,9.45,True,2,Standard Complexity,0.036055512754607104,4.828965517241379,4.420831833745683,0.16714655,0
c0397be7dcc7e75,18,17,0,88,1,4,0,14.89,7.26,9.47,True,2,Standard Complexity,0.09055385138137341,6.8528125,4.7047982384841704,0.16681515,0
516f304fab0bbc0d,69,11,5,120,6,12,5,15.22,3.91,7.38,True,2,Standard Complexity,0.09433981132048024,5.762894736842106,3.68241047191327,0.16673002,0
2c577df598464cf8,30,1,0,88,7,0,8,14.47,1.9,6.27,True,2,Standard Complexity,10.975759654802895,8.563333333333334,5.090833810770971,0.1667177,0
ac17e6b0dc4b1a33,33,0,0,147,4,2,1,28.7,6.09,6.29,True,0,Standard Complexity,3.113278015211566,18.551000000000002,3.4775291515672446,0.16648486,0
58bdfeff3675b864,73,7,1,80,8,3,0,11.4,6.75,6.58,True,2,Standard Complexity,0.6999999999998181,6.433636363636364,3.96115518671298,0.16614251,0
214177f8997b868a,31,0,0,376,1,7,6,24.05,5.62,0.14,True,0,Standard Complexity,0.6315061361528785,15.219166666666666,4.256298192743967,0.16607735,0
2d7cbcded570688e,40,0,0,217,1,8,2,23.97,13.1,6.32,True,3,Critical Complexity,1.1830891766896943,15.472962962962962,3.573974667587081,0.16581218,0
a1bcff5bc10c5385,35,4,0,382,2,10,14,17.75,7.6,6.29,True,2,Standard Complexity,0.22472205054309796,9.053448275862069,4.936702987344453,0.1656123,0
fdb17985b900d107,49,4,0,103,7,6,1,14.25,2.72,6.82,True,2,Standard Complexity,0.5748912940723102,9.313181818181818,4.569573668559977,0.16559333,0
b946c0071526985f,36,0,0,52,2,0,4,35.62,8.5,6.28,True,0,Standard Complexity,4.311159936722407,29.938611111111115,3.5258239011752646,0.16552722,0
f742e5b830d2a53b,44,8,0,74,6,4,0,15.24,9.71,6.55,True,2,Standard Complexity,1.797804216259472,6.587999999999999,4.873357774676512,0.16551702,0
323fb1d6e73cdbe0,35,0,0,90,5,0,7,15.69,2.34,0.05,True,2,Standard Complexity,8.25976391914434,12.033333333333331,4.695542803789805,0.16534123,0
44304d7e4b00b722,20,8,0,284,3,6,2,18.11,2.64,6.87,True,2,Standard Complexity,1.306024502067746,6.686428571428572,6.186091088820442,0.16524985,0
5c59d494dd51ab1f,88,17,0,414,27,13,11,9.89,5.44,6.34,True,2,Standard Complexity,0.8319254774317287,3.1316,2.844456615946181,0.16511971,0
fd1f7aa847a234f2,29,4,2,216,1,5,4,15.08,5.04,9.35,True,2,Standard Complexity,0.036055512754354854,7.517272727272727,5.036238839937257,0.16510963,0
95f0dce86f59cdc8,73,3,0,91,4,3,0,14.74,2.95,7.62,True,2,Standard Complexity,2.7698555919037466,4.962,4.509631470530602,0.16495578,0
38a249c28bdb3264,63,0,0,284,5,8,0,14.9,5.49,6.26,True,2,Standard Complexity,0.8688498144099789,8.357045454545455,3.604131202551679,0.16495466,0
bd13d3e9286be817,28,0,0,69,2,1,1,20.36,8.4,6.3,True,0,Standard Complexity,1.4509651959988061,14.402857142857144,3.910381960222036,0.16485317,0
3dd9a1925ba48282,30,6,0,63,3,3,1,15.07,1.17,6.72,True,2,Standard Complexity,6.074380626862457,6.656153846153846,5.236153224621676,0.16467756,0
898bfb1247973519,43,5,1,167,0,4,9,18.08,4.57,11.19,True,2,Standard Complexity,0.10440306508894522,8.233333333333334,4.935226832566958,0.1646265,0
8c8809abc62a755c,30,3,0,192,1,4,7,17.46,17.03,6.31,True,3,Critical Complexity,0.5315072906368351,8.248333333333333,4.976536334529157,0.16442461,0
7785d2fea0c95062,52,1,0,117,7,2,0,17.75,11.34,6.36,True,3,Critical Complexity,4.017586340080135,12.985862068965517,3.7864408884419,0.16436218,0
623ae098d00c002c,29,4,4,132,5,7,2,17.47,2.32,6.4,True,2,Standard Complexity,1.2050311199301502,7.400555555555556,5.610328245717122,0.16427308,0
7367d3f00bca13e3,17,1,0,134,5,4,6,22.08,11.53,6.3,True,3,Critical Complexity,3.4305247412024364,15.650909090909094,5.849096984765262,0.16425993,0
d14bf6e0bd7993df,23,8,2,77,6,3,2,18.34,17.81,6.66,True,3,Critical Complexity,0.23194827009484914,6.837241379310345,4.938514991477334,0.16422455,0
1e817eeaa27759aa,32,16,0,62,1,4,0,24.47,10.45,8.23,True,0,Standard Complexity,0.08544003745323067,4.901923076923077,4.939096008248698,0.16421421,0
8bda2241c13be93b,32,1,2,141,2,4,1,21.64,9.09,6.33,True,0,Standard Complexity,1.0697663296253048,12.694193548387098,4.874982067258032,0.16410571,0
e78d614ef1a8fb50,23,0,0,250,1,17,5,20.94,11.38,6.3,True,3,Critical Complexity,0.5575840743783385,16.317619047619047,3.2749088024552826,0.16405676,0
7944d58810024c63,42,18,0,163,0,4,7,15.39,10.21,10.21,True,2,Standard Complexity,0.12727922061241775,6.483714285714286,4.604932191661015,0.16403237,0
aca61c87e15e22ed,37,2,0,73,6,6,4,13.68,2.66,18.84,True,2,Standard Complexity,7.133708712864688,9.178749999999999,4.878615165956421,0.16390589,0
1fbb002341b1ce06,11,5,0,33,3,0,2,15.74,3.58,6.84,True,2,Standard Complexity,0.13341664064131242,6.836666666666666,5.874643724421839,0.16379936,0
bf426cc8c0cf7488,16,1,3,103,2,4,4,25.98,4.34,6.39,True,0,Standard Complexity,0.570087712548861,14.059000000000001,7.464481160804145,0.16347252,0
dc49178e3d683fbb,9,0,0,205,2,1,11,25.85,1.29,6.27,True,0,Standard Complexity,0.702281994643277,17.119999999999997,6.874694336639428,0.16342779,0
cae2d902e7ac4b3b,35,0,0,93,0,5,1,22.58,7.02,6.29,True,0,Standard Complexity,0.27586228448258016,15.585862068965515,4.233377649797218,0.16314305,0
d5edfe96d84643bb,30,0,0,129,1,4,0,18.08,9.14,6.29,True,2,Standard Complexity,0.7605918747922018,11.989600000000001,4.627855209489596,0.16296196,0
b3002a59824588b3,99,6,0,170,5,1,16,12.17,2.52,6.54,True,2,Standard Complexity,2.979009902634967,5.275263157894737,3.8417654500051386,0.16295406,0
9abc639d3e639d6f,165,11,1,298,0,4,11,10.51,4.19,7.11,True,2,Standard Complexity,0.06403124237427026,3.1891666666666665,2.879123009799261,0.16275625,0
3643be4c598513e2,43,0,0,184,7,4,12,18.58,13.29,6.35,True,3,Critical Complexity,1.1884864324006053,9.873529411764707,4.344330234951231,0.16275156,0
d21d9f477169fe88,27,3,0,135,1,4,5,14.2,6.0,6.36,True,2,Standard Complexity,0.6438167441126649,8.276363636363637,4.868970906254258,0.16244514,0
caf0d93d22ddbc59,36,77,0,199,7,13,6,16.24,9.72,9.47,True,2,Standard Complexity,0.022360679774875877,3.243131313131313,3.140767983823607,0.16238956,0
efd1d7c8e9f99155,60,6,0,170,2,11,1,16.13,8.26,6.7,True,2,Standard Complexity,0.5403702434444,7.765102040816327,4.423675230010458,0.1620695,0
108ac2e99cd42017,39,0,0,239,2,6,2,16.07,2.77,6.29,True,2,Standard Complexity,2.0751144546751266,10.245652173913044,4.624262880002049,0.16202486,0
4372fccec4735829,24,0,1,89,7,5,2,17.58,9.35,6.86,True,2,Standard Complexity,3.575318167659887,9.559375,4.716940836959374,0.16161993,0
55ce0a5a6eb5bab1,46,1,0,215,5,8,3,26.25,16.66,6.34,True,3,Critical Complexity,0.7271863585079152,15.604186046511629,4.17297519905143,0.16140081,0
31d57d4f6cf91ee9,75,4,0,130,2,11,0,17.09,8.63,7.77,True,2,Standard Complexity,0.2758622844832004,7.169473684210526,3.8308243907108785,0.16117325,0
d7a57873ddd70b14,34,0,0,153,6,3,0,21.89,4.19,6.31,True,0,Standard Complexity,0.6977822009769572,13.05157894736842,4.431273148594151,0.16114603,0
71355a8bcd843b25,20,0,0,242,2,12,4,21.33,1.93,6.3,True,0,Standard Complexity,4.658261478277001,13.234285714285715,6.448090209274276,0.16083133,0
65a30e6572b5a1c3,47,0,0,51,8,2,1,13.19,7.07,12.59,True,2,Standard Complexity,3.873977284394134,8.086153846153847,4.398283823460688,0.16055004,0
1121c8f37d3cc178,12,0,0,329,2,4,10,23.43,10.17,6.29,True,0,Standard Complexity,16.75947791549558,11.873333333333333,8.357646532101938,0.16049656,0
7fa3038045ff5312,36,216,2,186,10,17,7,12.96,7.35,8.55,True,2,Standard Complexity,0.02236067977497756,1.7640416666666667,1.8298638150412239,0.16042466,0
9a1780f4c54e4ff7,21,2,0,123,6,7,9,17.89,1.8,6.32,True,2,Standard Complexity,3.3433665668003107,7.801666666666667,6.288994134376517,0.16034764,0
9aeaea0c3e61af7d,70,0,0,82,8,9,0,11.82,3.36,6.32,True,2,Standard Complexity,16.701862171626324,8.219999999999999,3.646152081304344,0.16006583,0
6689338313779718,49,0,0,275,10,5,6,16.35,4.11,0.08,True,2,Standard Complexity,4.580229251904176,11.371428571428572,4.312703588805746,0.15984769,0
7bdee109da62b185,20,1,0,173,6,4,7,20.75,4.22,9.5,True,0,Standard Complexity,0.5821511831130195,12.939411764705882,4.8777736852551365,0.15973441,0
2be161976a11eabd,29,0,0,164,2,5,5,24.03,1.85,6.29,True,0,Standard Complexity,0.8962700485905354,19.119230769230768,3.6421917778647463,0.15972741,0
a57a3d304de3f03d,49,0,0,154,2,4,1,15.98,2.84,6.28,True,2,Standard Complexity,1.1903780911964774,10.542307692307693,4.345763903541637,0.15964083,0
b4416a71d4db8420,41,0,0,67,3,0,0,19.43,4.66,6.29,True,2,Standard Complexity,0.848115558163965,10.348076923076924,4.455064550366132,0.15951608,0
9a86babb610ee1be,48,0,0,96,0,4,0,19.13,8.07,6.3,True,2,Standard Complexity,0.08062257748274296,10.155,4.419969556722415,0.15927179,0
e3300ff7be7aa054,47,18,0,246,0,7,7,20.42,13.65,9.63,True,3,Critical Complexity,0.022360679774265767,5.668367346938775,4.900666904611471,0.15911326,0
1d87aaba2a6e85d3,36,0,0,189,0,9,7,20.3,1.45,6.3,True,2,Standard Complexity,4.949929292424922,11.255714285714285,5.023382062608694,0.1590663,0
da68f93ca3c826c8,46,10,0,102,4,4,0,13.79,6.24,6.45,True,2,Standard Complexity,0.05999999999994543,6.574117647058824,4.686939373625556,0.15858385,0
93c0b734407595e4,57,5,0,65,4,4,1,14.26,5.72,6.3,True,2,Standard Complexity,1.5802847844623886,9.326666666666666,4.239592922457078,0.15841348,0
b548595f5a625b8f,21,1,2,75,0,4,0,17.42,5.29,6.32,True,2,Standard Complexity,0.19235384061679855,7.301052631578948,5.12933451591698,0.15836044,0
6bad9c026bb0852c,34,0,2,61,1,3,1,18.61,4.63,6.31,True,2,Standard Complexity,0.41182520563910546,9.696666666666667,4.538644866281369,0.1582137,0
fd2ae1c915438bb0,42,6,0,116,2,8,3,15.87,3.52,6.49,True,2,Standard Complexity,0.2549509756796303,8.388666666666667,4.884920834113441,0.15820573,0
81b269047b7d01cf,35,2,0,426,2,9,9,22.6,17.1,6.71,True,3,Critical Complexity,3.0501475374151528,14.377741935483874,3.902092664098222,0.15790322,0
c96c1e87502d56e3,98,6,0,68,4,4,0,15.13,10.03,7.46,True,2,Standard Complexity,1.0375451797392519,4.726153846153846,4.026301105446037,0.15787722,0
3834fa2e1a6ab5b0,12,7,0,93,4,3,0,20.34,12.65,6.28,True,3,Critical Complexity,0.06082762530298295,8.670909090909092,7.222542305543936,0.15787719,0
a2f6115e371bef3d,36,0,0,113,9,4,5,14.23,1.14,6.34,True,2,Standard Complexity,33.380188735236686,10.475000000000001,4.660351381602036,0.1568999,0
d1aa21480b88ac28,90,98,3,89,2,4,2,10.73,3.91,7.31,True,2,Standard Complexity,0.029999999999972715,2.007787610619469,1.7959367780194724,0.15689687,0
1418833209c9a2e7,17,1,0,77,1,4,3,22.44,2.52,6.3,True,0,Standard Complexity,0.7410802925457363,11.375625,4.863347572338934,0.1563397,0
c2ecf2317787f63e,41,1,0,231,0,4,12,16.15,2.8,7.41,True,2,Standard Complexity,0.5110772935673835,10.809285714285716,4.54008883532614,0.15572953,0
f550b209d994fecf,17,0,0,188,2,6,1,15.68,0.99,6.29,True,2,Standard Complexity,0.6264183905347385,11.58375,4.968716981022364,0.15571013,0
9fb675caeda173bb,37,0,1,58,0,0,0,18.86,7.57,6.31,True,2,Standard Complexity,0.020000000000436557,11.636216216216217,4.429785762223326,0.15568289,0
fec8aefc365b0d39,159,37,0,189,10,3,6,12.44,11.63,7.88,True,2,Standard Complexity,0.20615528128101537,2.5474509803921572,2.5213246154005096,0.15567183,0
7adbcd131ef43c34,41,1,0,112,1,3,1,18.99,9.28,6.34,True,2,Standard Complexity,1.5715597347856916,5.402121212121211,5.700323625887663,0.15563655,0
4bc679eedd01c8ad,38,0,1,81,7,3,2,16.53,4.28,12.63,True,2,Standard Complexity,1.0504284840008802,10.66909090909091,4.425503473248613,0.1556232,0
9da5788d90fe6149,29,1,0,96,1,5,0,20.15,19.57,6.26,True,3,Critical Complexity,0.711196175467442,14.519411764705882,4.3770302456832875,0.1555324,0
eb3d57c80cfe0f3,26,3,6,104,2,4,0,16.17,3.45,6.88,True,2,Standard Complexity,0.9300537618869229,7.798947368421053,4.960521932149396,0.15550984,0
c7d5c61ac06e0815,27,3,0,61,0,4,0,20.17,1.68,6.29,True,2,Standard Complexity,0.8321658488544106,13.982999999999999,4.471348901617945,0.15543883,0
3843be86898dca51,16,0,0,134,3,5,8,27.4,3.75,6.26,True,0,Standard Complexity,0.1500000000007276,13.436666666666667,6.347416972455978,0.1554188,0
d05723952bd7bff2,61,0,0,57,2,1,1,14.59,9.86,9.46,True,2,Standard Complexity,0.5869412236331955,7.108723404255319,4.130870608881932,0.15537025,0
b48ee6c8c27962b3,20,2,0,88,4,4,2,16.9,10.94,6.29,True,2,Standard Complexity,2.704071004985136,9.49875,5.218501790504627,0.15522821,0
e19a2f7ee425cce,56,69,2,192,10,12,9,11.26,8.09,7.47,True,2,Standard Complexity,0.022360679774875877,3.3634375000000003,2.824011563112614,0.15520559,0
23317bcfeccee9b6,38,26,2,87,0,6,0,14.25,3.3,12.03,True,2,Standard Complexity,0.41617304093368923,6.533728813559322,4.465032084955074,0.15515879,0
d99f1331e1e80ccf,49,0,1,120,4,6,1,19.4,7.15,6.35,True,2,Standard Complexity,0.3522782990761666,10.214705882352941,4.095044519828467,0.1550137,0
fe4ca8c58be5895f,28,6,0,183,5,5,4,18.92,1.58,6.3,True,2,Standard Complexity,0.4177319714839952,6.845555555555555,4.998012073950805,0.15491223,0
c49e175053ff117b,38,0,0,149,0,4,5,20.58,6.31,6.33,True,0,Standard Complexity,0.2501999200639448,14.15235294117647,3.9128611908630155,0.15478453,0
172e1fd17b55e4bd,67,1,2,69,4,4,0,13.39,3.97,6.32,True,2,Standard Complexity,2.085209821576757,6.946666666666668,3.9002226228686627,0.1545576,0
254dbb0c69467867,27,2,0,96,7,3,1,15.37,5.04,12.57,True,2,Standard Complexity,0.25942243542142257,8.792857142857141,4.730843217759431,0.15438096,0
36c15e6a60269868,65,17,0,179,12,11,6,16.03,14.87,7.36,True,3,Critical Complexity,0.5685947590331707,4.088055555555556,3.404886047566582,0.15424857,0
3f6e1dcf410882bc,23,1,0,28,2,4,0,13.74,1.54,6.29,True,2,Standard Complexity,25.304618155585704,8.316666666666666,5.0055391539995195,0.15383579,0
8bac67cda2182b8b,7,2,0,114,0,7,7,23.11,1.4,6.28,True,0,Standard Complexity,9.312083547734902,9.526250000000001,8.55207129516002,0.15369017,0
be843395f5103398,89,3,0,85,0,6,0,15.72,7.41,6.31,True,2,Standard Complexity,0.20124611797505226,5.930392156862746,3.5913730842849954,0.15367526,0
517041b315a8bf67,51,39,1,112,0,12,0,14.63,13.7,8.32,True,3,Critical Complexity,0.11661903789666346,3.4410937500000003,2.94244908472703,0.15342005,0
73e524c1a6507b78,61,8,0,163,6,8,4,17.4,7.62,6.48,True,2,Standard Complexity,1.3917614738164321,4.375238095238096,4.473437603334789,0.15321185,0
9b1fd8067c620dec,28,1,0,102,6,1,8,16.09,4.49,6.24,True,2,Standard Complexity,28.61831930774424,8.6275,5.360440163829832,0.15320869,0
326181713b42eafe,34,0,0,126,6,0,10,14.84,2.74,6.28,True,2,Standard Complexity,27.94254462285067,7.116666666666666,5.472524300742959,0.15302244,0
68900175aacd524e,40,4,0,100,5,0,0,14.06,3.3,6.3,True,2,Standard Complexity,6.107740989924241,6.847692307692309,5.031248742143986,0.1529972,0
1e2caf67689f6021,44,0,0,208,2,12,0,23.55,6.36,6.32,True,0,Standard Complexity,0.8002499609494405,13.091666666666667,4.2278740107521715,0.15296064,0
78a1625e833594f6,18,0,0,93,5,0,6,21.25,2.59,6.27,True,0,Standard Complexity,1.024890238025587,18.39833333333333,4.3246184802823935,0.15295482,0
431052aa8af55cfa,35,1,0,167,0,5,2,26.44,9.16,6.32,True,0,Standard Complexity,1.4980320423806806,17.706666666666663,3.8928638415553256,0.15286095,0
59fe7c42c850bd2,65,17,7,101,14,5,1,13.28,10.12,6.31,True,2,Standard Complexity,0.43011626335686787,4.3922727272727276,3.287252143187766,0.15285914,0
59ce0a83e80d6b6b,37,8,1,50,4,5,0,18.75,18.34,7.76,True,3,Critical Complexity,0.5803447251418187,6.32375,4.77714333441022,0.15277034,0
5304683a845c4697,32,31,1,121,7,4,9,19.82,7.55,6.75,True,0,Standard Complexity,0.12369316876929966,4.289499999999999,4.5542435980083456,0.15267019,0
1ff52e70a5394981,59,3,0,148,0,6,8,15.24,1.77,6.49,True,2,Standard Complexity,6.872816016743183,7.107000000000001,5.041249944210265,0.15260583,0
cf62019a563dc52,27,1,0,41,1,1,0,15.83,1.75,6.35,True,2,Standard Complexity,4.138852497975843,10.144761904761904,4.508802627503986,0.15249357,0
9d9667a84903d67b,57,5,1,299,0,11,7,17.14,8.95,7.17,True,2,Standard Complexity,0.21095023109732436,8.63642857142857,4.340207818937317,0.1520594,0
f42d2c67597946e,19,1,1,33,1,2,0,14.77,4.0,6.26,True,2,Standard Complexity,0.12041594578798338,8.844615384615384,4.804748637281207,0.15181048,0
d477d2cfa096d44,21,2,0,135,0,4,3,20.03,3.08,6.29,True,2,Standard Complexity,0.3383784863134926,10.522000000000002,4.949072236288333,0.15162283,0
b679f36c797bbaaa,26,1,1,81,1,4,2,20.52,4.98,8.1,True,0,Standard Complexity,1.501532550428673,13.23576923076923,4.680431581905606,0.15148231,0
7fe1e23199ffae5a,47,0,0,74,2,5,0,16.56,2.69,6.34,True,2,Standard Complexity,4.0684149247587476,10.742105263157894,4.379546454464709,0.15145437,0
3ef877b15b8c907e,58,24,1,60,7,4,0,12.23,9.81,6.63,True,2,Standard Complexity,0.041231056256139105,4.919574468085107,3.788733554445623,0.15142104,0
a83bdf8528cc0b7d,35,0,0,295,4,8,0,18.46,2.57,6.32,True,2,Standard Complexity,2.3429255216502503,12.389615384615384,4.324453260924109,0.15125397,0
4f0fa034b5e82ae9,59,1,1,114,0,3,6,21.65,12.51,6.65,True,3,Critical Complexity,0.33301651610691474,8.600833333333332,4.193446192837369,0.1512314,0
2bcc3873b73eff5f,16,36,0,112,7,4,8,19.7,8.21,8.5,True,0,Standard Complexity,0.04242640687179738,4.027142857142856,4.053602915757716,0.15086712,0
f7400d5be0b4b778,72,0,0,105,6,0,18,14.65,2.61,7.88,True,2,Standard Complexity,5.926153896078033,4.595000000000001,4.334856975725958,0.15080254,0
14d717944919fd8f,46,3,0,98,2,4,2,15.24,1.76,6.3,True,2,Standard Complexity,13.929267748162975,6.558888888888888,5.869538017869028,0.15076563,0
8d49505ff606fa0f,70,5,0,350,5,12,8,13.62,6.54,6.39,True,2,Standard Complexity,1.1968291440300016,7.167368421052632,4.006937197707395,0.15068461,0
84b6807c227c5e6,10,9,3,320,0,7,16,22.22,4.61,6.86,True,0,Standard Complexity,0.014142135623396534,6.323500000000001,6.9895853060106505,0.15052257,0
1255152bd882773d,300,5,0,145,4,3,4,11.22,4.63,6.3,True,2,Standard Complexity,7.344256259145792,3.8259999999999987,3.1928812484442113,0.15044205,0
b84473228e29c4a9,39,11,0,72,11,3,0,12.13,9.93,9.18,True,2,Standard Complexity,0.3162277660169242,6.313999999999999,4.261687928509078,0.15031219,0
5cf7d6617b833548,18,24,2,86,0,7,1,18.73,10.14,7.55,True,2,Standard Complexity,0.07071067811839751,6.248536585365853,4.868159145731958,0.15007384,0
fb50578fcdc5b9ef,40,35,11,61,2,4,4,14.29,11.44,7.63,True,2,Standard Complexity,0.03162277660165503,4.887812499999999,3.5730298193331316,0.14999056,0
691d1984af47c6c7,19,0,0,72,0,4,3,25.21,2.31,12.69,True,0,Standard Complexity,3.6934672057567304,18.37529411764706,5.143962900844009,0.14997815,0
f476764a6f37f3f8,76,1,0,66,6,4,0,15.04,9.59,6.31,True,2,Standard Complexity,6.153771201466386,7.535625,4.020635784223063,0.14993161,0
c83853394f4d6a81,18,1,3,115,1,4,1,20.62,2.06,6.31,True,2,Standard Complexity,1.693576098083553,11.133333333333335,6.170923935864241,0.1494297,0
a4cf98ccd2cff02b,39,4,3,162,0,4,4,18.45,2.53,9.49,True,2,Standard Complexity,4.119465984808706,8.392500000000002,5.3165137778435225,0.14923148,0
b0446abdfa64d745,125,102,0,66,2,5,5,8.85,8.59,11.73,True,2,Standard Complexity,0.022360679775485982,1.9399999999999997,1.527088154000448,0.14909421,0
a474dee2b47752c6,71,1,0,90,0,4,0,16.74,6.45,6.3,True,2,Standard Complexity,0.5412947441087844,8.607636363636363,3.3893152773955357,0.14898933,0
6c9e14e8a07c0ca,42,12,0,81,7,4,1,16.69,6.64,6.31,True,2,Standard Complexity,0.25179356624028015,5.802083333333333,4.930791839017565,0.148936,0
176867ddac5f4eb6,107,19,0,61,4,10,0,12.25,3.27,6.37,True,2,Standard Complexity,0.24041630560352906,3.3340625,3.0642870901881487,0.14885466,0
ba217a4af87150a6,28,30,0,72,6,2,1,13.25,10.09,7.85,True,2,Standard Complexity,0.014142135623878865,3.7912121212121206,4.0581849634324,0.14880724,0
8d3c24768374b78a,120,20,2,112,14,17,1,12.32,10.19,7.49,True,2,Standard Complexity,0.48754486973002115,3.4268571428571426,2.735320061114365,0.14880632,0
f590d4b85d1f843f,38,4,0,72,7,3,2,13.85,4.51,6.29,True,2,Standard Complexity,1.1720068259186396,7.873571428571429,4.524641433532697,0.14833511,0
b957e5ea705a31fa,53,11,1,202,2,6,0,16.94,8.14,6.4,True,2,Standard Complexity,0.43462627624202216,6.78775,4.319849816544552,0.14815304,0
7de8273512dabffa,27,0,3,92,8,6,2,21.91,9.19,6.31,True,0,Standard Complexity,5.070788893259167,11.503157894736841,4.93381997050815,0.1481069,0
c8186beb03246776,23,4,0,104,2,4,0,17.2,9.81,7.29,True,2,Standard Complexity,0.24331050121185702,10.33529411764706,4.684792816872932,0.14796694,0
8baed508d4bd2297,58,15,0,46,5,7,0,11.89,11.37,6.3,True,2,Standard Complexity,0.04999999999936335,4.001363636363636,3.6815588292492545,0.14760919,0
c0338c10bc165b0,17,3,0,65,1,4,1,17.66,3.13,6.3,True,2,Standard Complexity,2.8521746089605635,10.683333333333334,5.064045374555361,0.14756729,0
4a62ab8ce11abab5,31,1,0,77,1,4,2,18.72,3.44,6.29,True,2,Standard Complexity,0.27513632984420594,10.895,4.5508001651201,0.14744909,0
d09507c77ba8c70c,167,57,0,12,1,6,0,10.95,9.42,7.63,True,2,Standard Complexity,0.03162277660237405,2.847804878048781,2.123222369470543,0.14727229,0
b2ce3a9fb27b565b,80,1,0,207,2,9,3,12.71,6.7,6.38,True,2,Standard Complexity,10.58565538830716,7.559285714285713,4.048367332792874,0.14712194,0
15e9f2144e13e483,22,4,0,124,2,14,2,21.81,12.78,6.29,True,3,Critical Complexity,3.0951090449287206,8.787368421052632,6.581553041890136,0.1466869,0
2edef9fd77fd7205,39,1,0,148,0,6,2,19.7,4.57,6.28,True,2,Standard Complexity,3.7167996986658896,11.4890625,4.821261089807702,0.14645475,0
e24fed8c3a550e05,58,2,0,142,1,2,3,19.12,3.33,6.29,True,2,Standard Complexity,0.5032891812864995,6.950357142857143,4.437859427812063,0.1462941,0
e930eeaefe77179,60,24,0,60,4,0,6,10.76,8.79,7.4,True,2,Standard Complexity,0.10999999999989996,3.244285714285714,3.3211480680324863,0.14628151,0
df579621ff37aff4,15,2,0,154,11,3,9,18.0,2.86,6.3,True,2,Standard Complexity,3.528654134369225,8.843,6.6801003734973925,0.14594284,0
7e68aa404e97078,41,13,0,59,8,1,0,14.82,3.74,7.64,True,2,Standard Complexity,0.0499999999998181,3.3947826086956514,4.291794870868199,0.14541781,0
cda709956bc00e97,20,1,0,34,0,0,3,13.75,4.11,6.27,True,2,Standard Complexity,16.564467996286453,7.93,5.1100163078669985,0.14523432,0
6b9e797d199aaa50,29,6,0,99,4,1,5,15.11,14.87,6.32,True,3,Critical Complexity,0.6260990336997784,6.760588235294118,4.733114222392539,0.14521849,0
d1e8800257a03b67,50,6,2,106,7,6,1,14.11,6.5,6.29,True,2,Standard Complexity,1.871817298776555,8.65318181818182,4.54804092326239,0.14509973,0
8daa1cddbe286b9,51,4,1,80,0,7,3,16.95,10.49,7.18,True,2,Standard Complexity,0.13152946437976848,9.276363636363635,4.114573373946171,0.14500584,0
84ecb6f5155ab275,44,14,1,194,5,5,4,17.87,4.35,8.09,True,2,Standard Complexity,1.2557467897629795,5.058695652173914,4.742400148473552,0.14420588,0
6567fdc64732c16f,16,21,1,287,1,6,5,17.27,6.73,9.79,True,2,Standard Complexity,0.060827625302926874,4.5840000000000005,5.084891739260533,0.14373364,0
977ad2d7bff69986,34,0,0,358,2,13,6,24.67,4.34,6.3,True,0,Standard Complexity,4.130302652348854,13.384444444444444,4.178392685243785,0.14357619,0
5ad49dad30201c76,21,0,0,175,0,7,2,24.36,9.03,15.75,True,0,Standard Complexity,1.4773286702695576,14.131176470588235,4.732365261564045,0.14357606,0
df83dce2d13cafa3,32,1,0,107,3,5,1,21.38,7.49,6.29,True,0,Standard Complexity,0.4854894437575282,14.512083333333335,3.8783898926902927,0.1432856,0
646401e3965a5165,8,0,0,36,2,0,0,33.91,23.51,6.28,True,1,Critical Complexity,14.406783124625274,21.468571428571426,6.140810622551456,0.14326331,0
7b8e93a8d4d33cb9,63,10,0,93,6,14,0,12.49,4.95,6.4,True,2,Standard Complexity,0.31016124838536896,4.9463333333333335,3.75914838168907,0.14320266,0
d4ef3648b80f4800,43,4,0,386,7,7,3,19.09,9.97,6.36,True,2,Standard Complexity,0.29410882339759525,11.57965517241379,4.458739950934508,0.14315747,0
9b7e49ab60971dbb,26,0,2,84,0,2,1,24.08,6.97,6.3,True,0,Standard Complexity,2.3908366736353734,15.71962962962963,3.9187313531781354,0.14264138,0
e42be1ef1b583a43,23,0,0,99,6,0,9,14.63,1.91,6.29,True,2,Standard Complexity,9.468400076042508,8.1,4.811742581089169,0.14249316,0
d43bee8a2df59a45,41,54,0,102,0,17,0,12.24,9.58,9.41,True,2,Standard Complexity,0.12041594578798338,3.2363513513513515,2.639918392639339,0.14248057,0
c143718e44ea090c,43,21,0,350,5,1,2,18.7,8.78,7.47,True,2,Standard Complexity,0.04472135954995512,4.4077142857142855,4.332186571443561,0.14233005,0
aaa96f0816769a08,30,1,0,124,4,9,4,16.55,5.66,6.28,True,2,Standard Complexity,0.41231056256203075,10.898888888888889,4.666191510201498,0.14224356,0
236f83e2f81653ce,51,21,0,75,2,2,0,16.72,6.04,11.44,True,2,Standard Complexity,0.32062439083767674,4.6572000000000005,3.9059180943793486,0.14183338,0
7a0b1b1aea9bc5ce,87,36,5,88,4,11,0,10.96,7.32,7.3,True,2,Standard Complexity,0.15811388300798757,3.3923333333333328,2.725625534726947,0.1417301,0
b0dcac6d0558bb74,47,26,0,81,2,2,1,14.12,11.04,7.7,True,2,Standard Complexity,0.02236067977497756,4.6378260869565215,4.239700519080727,0.1417014,0
ba86d1e9e3d3273b,29,2,0,128,2,8,6,20.58,5.01,6.36,True,0,Standard Complexity,0.1702938636593428,9.50304347826087,4.816909016825054,0.14152086,0
2add47b4694cf832,34,4,0,57,2,3,1,12.86,6.8,6.75,True,2,Standard Complexity,0.8062257748296857,7.609999999999999,4.594164777192913,0.14129806,0
ae13446b1f881a45,16,1,6,79,2,1,2,21.16,7.4,6.31,True,0,Standard Complexity,1.048093507278789,11.9475,6.5781272980993615,0.1412327,0
f4f1822d7c83b310,31,0,1,167,6,4,6,20.24,7.75,6.29,True,0,Standard Complexity,1.893805692249822,11.694999999999999,4.441394166571702,0.14118607,0
1af817b374c47455,24,6,2,69,0,4,2,16.22,2.93,6.34,True,2,Standard Complexity,0.5462600113499061,7.675416666666666,4.642939064829757,0.14088453,0
abb47e459beab9c,81,34,0,68,12,8,1,12.33,8.75,6.61,True,2,Standard Complexity,0.1499999999992042,4.0116129032258065,3.0103553501251397,0.14087464,0
d05b09c62e8f543,62,2,0,116,0,6,4,16.53,13.0,6.37,True,3,Critical Complexity,0.10770329614259212,8.559111111111111,3.843372258965771,0.14059377,0
c97b2f7b381c08bb,70,4,3,205,2,7,3,18.58,3.53,6.28,True,2,Standard Complexity,0.0640312423744478,5.2124,4.177249123526151,0.14049418,0
9d85c7f62c78785a,32,1,0,133,5,8,2,15.82,1.49,6.28,True,2,Standard Complexity,2.6977953962448433,10.472,4.72488899340503,0.14025672,0
f1354d461bd7ebef,21,0,0,176,9,0,11,28.95,13.87,6.3,True,1,Critical Complexity,13.136487353931187,23.160666666666668,2.72936003895093,0.14008996,0
a338d6038f2f7be1,23,1,1,80,1,4,1,24.12,17.11,6.26,True,3,Critical Complexity,0.8570297544446791,10.782,4.573465207039407,0.13971317,0
edb3253f61169296,46,29,1,55,9,4,0,13.07,4.04,6.43,True,2,Standard Complexity,0.44598206241827776,4.811090909090909,4.022107395486407,0.13969061,0
4bfa3a0197ca4f3a,19,0,0,82,0,2,0,18.32,11.5,6.3,True,3,Critical Complexity,4.505840654084092,8.175333333333333,5.174644421493025,0.13916901,0
d40fd97cd3b8dd6f,22,3,0,212,5,6,8,17.91,1.91,6.3,True,2,Standard Complexity,0.2300000000000182,8.972272727272726,4.969592933593237,0.13913876,0
94bb707788c3b44b,36,1,0,96,7,6,1,15.95,8.55,6.29,True,2,Standard Complexity,0.8023091673415874,7.088799999999999,4.767727609668992,0.13911124,0
f40db3d03df3bf95,23,3,1,150,0,7,0,21.6,9.53,6.51,True,0,Standard Complexity,0.01999999999998181,15.486818181818178,4.761500323488229,0.13889813,0
462012deec453596,21,0,0,77,7,0,8,17.69,17.15,6.28,True,3,Critical Complexity,13.448141135487845,11.3225,4.476144406741141,0.13881963,0
13768c2d69d69024,57,4,3,95,10,5,1,15.49,9.82,6.77,True,2,Standard Complexity,1.8788294228056008,6.403684210526315,4.123825779318489,0.13875969,0
5e9f86db03a4498d,74,3,0,282,4,8,0,17.26,11.43,6.49,True,2,Standard Complexity,0.6560487786741714,7.519655172413794,3.4626584193896166,0.13850552,0
a467c832f9b58bee,83,28,0,133,3,10,0,12.05,5.63,7.24,True,2,Standard Complexity,0.23769728648011243,3.26078947368421,3.148664195946682,0.1376024,0
77c2a0c97b049ab5,54,2,0,342,0,13,8,16.68,8.09,6.32,True,2,Standard Complexity,0.2941088233959911,9.115454545454545,4.093521741475655,0.1374765,0
4df7841d8834f4e4,67,12,1,59,6,5,1,16.33,15.86,6.37,True,3,Critical Complexity,0.4686149805542642,4.443214285714285,3.322163724325532,0.13741326,0
a4b4b2828db74fbb,39,0,0,82,2,5,0,21.15,15.17,6.27,True,3,Critical Complexity,0.07615773105836082,6.957500000000001,4.676558277347623,0.13736406,0
285a1e32e4a9d74a,13,1,0,139,10,3,7,21.83,20.55,6.29,True,3,Critical Complexity,26.47953171791378,10.486249999999998,6.468212538058717,0.1372215,0
c90facccaf957979,24,0,0,118,3,3,1,21.62,17.15,6.32,True,3,Critical Complexity,3.5307364670843713,13.498235294117647,4.238124217836607,0.13713877,0
b313c43a2ed1b9d4,15,2,0,168,4,14,4,27.09,19.12,6.3,True,1,Critical Complexity,10.017070430021166,9.308333333333334,8.115418281819421,0.13712622,0
d41e7859b53aa354,27,14,2,86,0,6,0,14.71,2.52,9.48,True,2,Standard Complexity,0.053851648070156063,4.585384615384616,4.724170444695296,0.13700289,0
6167d1cb4ddc2626,33,0,0,312,2,15,2,18.87,9.41,6.34,True,2,Standard Complexity,0.5141984052874844,11.349655172413794,3.8847948357122664,0.13681075,0
2029933f10c93608,46,1,1,147,4,4,6,15.49,4.72,6.3,True,2,Standard Complexity,19.04463178956213,6.98125,5.195525568939104,0.13673377,0
ab58d1d26aed36d4,26,6,0,34,4,0,0,13.13,12.11,6.77,True,2,Standard Complexity,2.0350184274349665,6.041818181818181,4.811929906127853,0.13649237,0
1a21bb9c14093edf,27,0,0,143,9,8,1,15.72,7.7,6.35,True,2,Standard Complexity,6.447456862980993,10.285714285714286,4.498758105277046,0.13649131,0
a7729272ce2424ab,25,0,1,95,6,6,1,18.64,3.51,0.17,True,2,Standard Complexity,0.6780117993073778,10.130833333333333,4.510361142845315,0.13636328,0
321e9809dbb7ac10,53,3,11,69,6,6,3,19.5,19.0,7.71,True,3,Critical Complexity,0.09848857801812543,6.1909375,4.350601509687339,0.13628148,0
8a6054f1bdb4a15e,26,1,0,117,9,6,3,14.77,4.63,6.34,True,2,Standard Complexity,6.595399912059722,10.391428571428571,4.64776883052942,0.13618483,0
5b49bafcec8ce28f,18,3,0,126,3,4,9,22.45,10.46,6.78,True,0,Standard Complexity,0.2830194339613202,14.266315789473685,4.674644045583427,0.13617605,0
75c918289a64339,53,34,0,125,7,9,0,12.17,11.32,9.42,True,2,Standard Complexity,0.014142135624039643,2.901914893617021,3.471645411774845,0.13578627,0
4f169ec1e9f7127e,45,12,0,118,1,4,5,12.82,3.5,7.2,True,2,Standard Complexity,0.041231056256194255,4.362272727272727,4.4746436443365685,0.13556954,0
517484029c1edf55,87,31,0,69,0,5,5,12.33,8.04,7.35,True,2,Standard Complexity,0.4317406628983129,2.981190476190476,2.6894354181650706,0.1354128,0
d3f91c4d297a974b,75,9,3,155,6,14,1,12.23,3.9,6.87,True,2,Standard Complexity,0.6983552104769136,5.176190476190476,3.4612445823658455,0.13523749,0
23d3e0cbe5c5395e,31,14,0,85,2,7,0,15.15,5.07,11.06,True,2,Standard Complexity,0.42047592083243907,5.261071428571428,4.796616619545277,0.1352164,0
552ea17d3b1eee09,27,2,0,104,7,6,1,13.62,3.12,6.3,True,2,Standard Complexity,1.7819371481621775,8.324444444444444,4.6605581714142135,0.13499463,0
de331573df61dc2c,17,0,0,323,7,10,5,26.8,5.59,6.29,True,0,Standard Complexity,4.164720879001522,21.419000000000004,3.076073633709051,0.13486783,0
8f2d4df79a797695,324,53,0,135,5,9,6,11.89,10.72,6.39,True,2,Standard Complexity,0.11180339887486238,2.515135135135135,2.379819572563162,0.13476384,0
14cb7f83c2b84a47,40,3,0,107,0,5,0,19.92,5.41,7.9,True,2,Standard Complexity,0.34132096331772277,10.135853658536584,4.538692717990531,0.13470279,0
5b554848a4354bea,43,4,0,80,0,7,1,19.1,7.6,6.31,True,2,Standard Complexity,0.5656854249491837,12.18794117647059,4.327087581470505,0.13462344,0
b6122880b3d272d,6,3,2,88,9,4,3,16.68,2.01,6.29,True,2,Standard Complexity,2.42923856382974,9.975454545454546,6.325143711822413,0.13428575,0
be3cf9b094cda040,45,0,0,131,2,6,2,20.3,6.5,6.31,True,0,Standard Complexity,0.6661080993348653,13.177894736842106,3.8720613019116534,0.1341299,0
7e47b44c26c1e472,43,1,1,89,4,6,3,17.85,6.91,6.29,True,2,Standard Complexity,0.5745432968889427,11.996666666666668,4.448176012847271,0.13406052,0
895cade6c33775dd,43,4,0,167,2,11,1,17.47,8.3,6.51,True,2,Standard Complexity,0.5745432968887859,9.405909090909091,4.5327401496735735,0.13384147,0
23e7dacb008d1a65,41,2,1,156,5,14,3,18.42,4.18,6.33,True,2,Standard Complexity,7.2231987374013125,8.339411764705881,5.127145141405504,0.13320312,0
1227d710b1dd4e0a,23,0,1,23,1,0,0,16.48,3.95,0.07,True,2,Standard Complexity,1.7452220489100074,11.661111111111111,3.6209005768806084,0.13310753,0
3dcef89dc7eaed63,51,17,1,112,5,9,12,12.64,5.83,6.65,True,2,Standard Complexity,0.15811388300774668,4.6692857142857145,4.1389473545917,0.13294734,0
fe6e89090857f99c,31,0,0,104,7,6,1,16.06,4.98,6.23,True,2,Standard Complexity,1.926265817586044,9.89,4.101337180318958,0.13246106,0
f23d9bb6475bb92f,28,1,0,88,0,3,0,19.75,7.13,6.24,True,2,Standard Complexity,0.9042676594903292,12.046000000000001,4.295615439026171,0.13231122,0
edd9886ac3ba67cd,39,1,0,297,3,10,6,15.45,4.24,6.3,True,2,Standard Complexity,10.79624008625224,6.474444444444444,5.851034307636198,0.1321939,0
e56a0aa290d02479,143,23,0,393,6,9,4,11.68,6.86,6.76,True,2,Standard Complexity,0.22360679775022302,3.303333333333334,2.575387780941391,0.13180818,0
c42bae1d418c30d2,43,0,0,117,6,7,3,12.91,2.2,0.1,True,2,Standard Complexity,22.100002262443688,8.526,4.742600974149101,0.13179927,0
c7e83faddf308c6a,13,11,0,162,1,5,3,20.67,13.82,9.86,True,3,Critical Complexity,0.9633275663034139,7.360833333333333,5.880133159395476,0.13164909,0
3de6267047cc74b7,60,6,0,182,4,6,7,17.26,2.85,6.32,True,2,Standard Complexity,5.318731051670182,3.9010526315789478,4.928448987083315,0.13141629,0
29988498f838c630,45,15,2,91,10,6,0,12.12,2.0,7.68,True,2,Standard Complexity,0.03162277660165503,3.5327272727272727,4.015720451401174,0.13127136,0
28a5f4f76056134b,32,6,3,91,1,4,0,14.14,3.7,6.74,True,2,Standard Complexity,0.11180339887509116,8.494062500000002,4.695557647510437,0.13096082,0
1810046ef64b069,28,0,0,193,3,4,8,18.29,11.2,6.32,True,3,Critical Complexity,1.7729072169744615,11.11315789473684,4.264192467058902,0.13087703,0
e967c2a3c0037369,12,1,0,65,1,1,2,24.83,9.83,0.61,True,0,Standard Complexity,22.387719848166785,14.006,7.679894790946031,0.13080628,0
79c31788a1ca9827,63,13,0,62,0,10,3,13.94,3.84,9.93,True,2,Standard Complexity,0.14317821063242686,4.700454545454545,3.438215680569749,0.13011855,0
669ab368e39837fa,191,63,1,216,1,6,0,8.92,6.82,12.54,True,2,Standard Complexity,0.2954657340538222,2.4428235294117653,1.653574105324375,0.13010459,0
701edf73743de9b3,42,12,0,124,4,7,1,18.55,5.75,9.36,True,2,Standard Complexity,0.04242640687131504,5.697333333333334,4.843844845666394,0.13000701,0
7e3dda76ee0f3e0,28,3,0,89,9,6,10,11.69,2.29,6.3,True,2,Standard Complexity,0.6438167441128313,6.32,4.898363672356991,0.12992963,0
29b2e2500ef6ca1,29,9,0,258,2,7,4,15.9,4.46,6.48,True,2,Standard Complexity,0.07071067811839751,6.405652173913043,4.826629777541654,0.12977263,0
28514e171ed40428,15,4,2,186,0,5,1,24.93,5.11,1.56,True,0,Standard Complexity,3.397057550292729,10.62470588235294,7.63535207990326,0.12974747,0
bb64fa65e3ef1186,43,0,2,128,4,4,9,16.28,9.45,6.26,True,2,Standard Complexity,3.76240614500857,10.396190476190474,4.668853714921669,0.12956995,0
b7cce3e4be32e60f,15,3,0,76,1,5,0,17.79,4.85,6.33,True,2,Standard Complexity,0.9850888284814904,12.1,5.774154700040517,0.1295458,0
624d7089e9eb5c8b,26,21,0,51,0,5,0,13.61,9.34,6.58,True,2,Standard Complexity,0.05,4.334857142857142,4.223869837975983,0.12930575,0
63661df3db2f1582,150,7,0,133,3,1,1,9.3,6.14,7.63,True,2,Standard Complexity,0.6600757532282278,3.7521052631578944,3.039628749746931,0.12923226,0
baea493bcae66e38,31,5,1,169,2,7,3,18.91,11.69,6.53,True,3,Critical Complexity,1.6082288394379458,7.473928571428572,4.811391497036497,0.12914298,0
4cd47bec52351a46,36,10,2,117,3,10,0,13.26,9.53,6.53,True,2,Standard Complexity,0.09433981132060075,7.6503571428571435,4.435267331404096,0.1290403,0
93685ea7bdc10351,11,0,0,74,4,0,4,25.37,2.65,6.32,True,0,Standard Complexity,8.607119146380489,20.085,6.115034341686071,0.12895654,0
da48597ea9544221,13,2,0,151,2,7,9,22.6,6.23,6.3,True,0,Standard Complexity,0.2647640458975515,14.359230769230768,6.681606740826136,0.12893347,0
1ebf13ba20570f57,8,0,1,207,5,13,18,18.76,17.35,6.27,True,3,Critical Complexity,3.620124307257918,12.273333333333333,5.560904203055071,0.12865981,0
5bfa8f2cce9ef216,34,18,5,207,8,10,4,12.69,7.69,7.03,True,2,Standard Complexity,0.07280109889295759,4.641515151515152,4.364243223794602,0.12863135,0
ced3d8f0cb57d821,36,0,1,151,1,5,4,17.17,5.03,6.26,True,2,Standard Complexity,7.214000277239003,9.85125,4.583095126385661,0.12847936,0
f8e1aa6872cb068e,26,12,19,84,0,7,0,17.18,14.76,7.46,True,3,Critical Complexity,0.036055512753913416,7.238541666666666,4.303972481703838,0.1284223,0
47a14582e0f163c2,12,1,0,78,4,0,4,26.73,9.28,6.3,True,0,Standard Complexity,9.178638243225741,20.331538461538457,5.927885660365495,0.12829301,0
9884f6b6ca131d5f,82,28,0,73,2,10,0,11.62,4.92,8.98,True,2,Standard Complexity,0.8080841540330627,3.2758536585365854,3.0326684503591372,0.12825984,0
917f68d5cf874171,24,1,0,52,6,4,1,14.15,1.21,6.38,True,2,Standard Complexity,26.145274907715116,10.06,4.3251312118824785,0.12824601,0
a6cdf175c85b478c,55,7,3,118,0,7,0,18.64,3.17,6.34,True,2,Standard Complexity,0.22671568097520742,7.374102564102565,4.31108572079525,0.12820844,0
c43b0c43e64c5823,41,0,4,53,0,3,1,20.59,4.19,6.3,True,0,Standard Complexity,0.12529964086142975,14.802333333333333,3.3918968963627942,0.12815794,0
8344af5d4ad12536,18,17,4,27,4,3,1,13.89,12.66,6.44,True,2,Standard Complexity,0.06324555320302246,4.9048,4.628503965645919,0.12811518,0
956d81c10eeaec83,20,3,0,169,0,6,11,16.46,3.69,6.28,True,2,Standard Complexity,1.130000000000063,7.698823529411764,4.9039922300496706,0.1280979,0
d42a6368c239a5a0,16,2,3,177,2,4,7,22.98,5.44,6.88,True,0,Standard Complexity,1.0375451797386381,11.003529411764704,6.603425974604102,0.12786609,0
c031e5189201b4b,131,1,0,179,2,4,2,10.75,2.42,6.29,True,2,Standard Complexity,7.964452272441038,3.0500000000000003,3.1376308375472206,0.12772764,0
74e52fdaa0992990,41,0,0,163,6,6,6,22.27,3.68,6.3,True,0,Standard Complexity,2.1317832910500747,18.621290322580645,2.8506487568740626,0.12766565,0
585d73499463b7d6,28,8,0,59,4,0,2,17.28,8.12,6.28,True,2,Standard Complexity,0.23706539182289627,6.211666666666666,4.784493761680075,0.12747844,0
fc540669afba0a36,33,63,12,159,3,13,3,11.82,4.1,11.11,True,2,Standard Complexity,0.010000000000218279,3.1233333333333335,2.780883652526457,0.12740564,0
16113edeeb430fd9,48,12,0,129,8,14,4,12.91,10.49,7.88,True,2,Standard Complexity,0.18384776310849593,6.426,4.262502551318885,0.12716521,0
4c6bc0dbe85d3db4,38,2,1,100,8,0,11,13.92,2.48,6.8,True,2,Standard Complexity,4.557630963560071,5.6075,5.147418649187182,0.1267393,0
952bd08c101fcb09,5,6,0,74,7,2,6,16.55,4.31,8.84,True,2,Standard Complexity,0.10816653826401049,6.970000000000001,5.286592475309592,0.12619264,0
e1ea31997f9a8cc8,71,3,2,19,0,0,0,18.35,9.01,6.29,True,2,Standard Complexity,3.501428280002366,3.6503703703703705,3.6702502503048517,0.12616172,0
59d2e3f1303310f4,49,7,0,158,3,5,3,18.19,2.6,8.11,True,2,Standard Complexity,0.34205262752979426,7.371111111111112,4.439961572517503,0.12595038,0
7bfc215c551e326e,54,14,2,78,0,6,0,12.8,10.37,6.86,True,2,Standard Complexity,0.01999999999998181,6.118181818181818,4.149302573412792,0.12585822,0
1e351c8c6e4a2e82,29,0,0,206,1,13,6,19.75,4.38,6.32,True,2,Standard Complexity,4.6003912877053414,14.149999999999999,4.467058513687266,0.12569346,0
a84642e2dcd0365d,48,0,0,104,8,3,3,12.95,3.72,6.3,True,2,Standard Complexity,1.7628386199534092,9.535555555555556,3.6704771446142805,0.12567896,0
719e84b22a57b54b,35,0,0,104,7,6,1,14.24,4.8,6.29,True,2,Standard Complexity,3.6400549446401316,10.261333333333335,4.112275714924226,0.12549783,0
55922fe32bbb7e70,32,3,2,153,0,6,8,16.95,12.29,8.03,True,3,Critical Complexity,1.2955693729013888,9.737499999999999,4.439348910594886,0.12541835,0
53858dc0d1d6bf90,52,22,0,78,2,2,0,16.33,6.04,11.44,True,2,Standard Complexity,0.4134005321719215,4.589607843137255,3.7739249661505676,0.12526241,0
6ff2ace37277a42e,29,2,0,76,6,2,1,15.03,4.74,6.31,True,2,Standard Complexity,12.00070414600708,7.281666666666666,4.7281494500726415,0.124886915,0
672ffd991a7de3b1,35,4,0,111,1,5,1,14.68,3.94,6.36,True,2,Standard Complexity,0.559732078766394,10.062258064516127,4.131695512059237,0.12469091,0
2f7cc517829390ac,30,1,0,76,0,4,0,22.29,13.69,6.3,True,3,Critical Complexity,0.5353503525727943,10.328620689655171,4.346437878934197,0.12467188,0
9c7061884528c0df,18,4,0,146,6,11,4,13.37,4.37,6.29,True,2,Standard Complexity,0.7981227975698124,7.601999999999999,4.961410686488269,0.12466759,0
fdb782c079cdf780,28,1,4,164,2,8,2,19.73,10.01,6.66,True,0,Standard Complexity,0.05830951894859494,9.108461538461537,4.710879953981888,0.12457545,0
b0d107deef30d3ea,16,0,0,175,0,6,11,19.05,4.82,6.23,True,2,Standard Complexity,0.6772001181332743,9.064285714285713,5.424938069805451,0.124571756,0
a539304fe1b0f45d,32,15,0,167,6,10,9,16.12,3.82,6.75,True,2,Standard Complexity,0.1004987562111175,3.7737499999999997,4.382458226174743,0.12443737,0
219083f05a0470e7,12,3,0,58,2,4,0,19.21,7.07,6.3,True,2,Standard Complexity,0.7998124780222752,9.515,5.6859962690304835,0.1243514,0
bc367b1ef5c9462,13,0,0,155,4,16,3,27.12,1.44,6.28,True,0,Standard Complexity,1.0307764064043865,14.774285714285716,6.346373221078673,0.12417571,0
81c55334b053e30f,62,7,2,262,3,10,6,13.13,8.71,9.77,True,2,Standard Complexity,0.07999999999992724,7.473846153846153,3.680905417730817,0.12408657,0
35a5075a7a373af8,50,1,1,127,4,5,2,16.72,11.62,6.31,True,2,Standard Complexity,1.1583177456984397,10.269583333333333,4.372264362972832,0.124031745,0
4023233a67b44b2,130,22,0,276,5,8,1,10.18,6.97,6.88,True,2,Standard Complexity,0.022360679774265767,3.61186046511628,2.9992722030472456,0.12392151,0
605889771b254835,23,0,0,90,2,4,2,21.38,8.81,6.31,True,0,Standard Complexity,2.8101601377858114,15.734347826086957,4.151841734948539,0.123845756,0
dc2c0532090ffafc,28,0,5,48,2,1,4,15.68,4.49,6.3,True,2,Standard Complexity,1.9298186443288046,8.88809523809524,4.205063409348781,0.12357388,0
2c2eb379504b5758,18,0,0,122,3,4,6,26.59,2.21,12.57,True,0,Standard Complexity,3.0541938379875404,21.08125,3.520040615887834,0.12357015,0
a88497b96925aaf8,25,2,0,198,1,14,3,18.28,2.41,6.29,True,2,Standard Complexity,3.57526222814489,12.41578947368421,4.424117296186383,0.123553626,0
1c5f2845e75c8e16,25,8,0,147,0,5,1,19.18,10.24,7.48,True,2,Standard Complexity,0.036055512754607104,10.068620689655171,4.323600610074202,0.12349671,0
4374d99faf0702ee,50,3,0,118,1,4,3,22.48,3.79,6.33,True,0,Standard Complexity,0.6648308055437426,7.843500000000001,4.367409730034497,0.12322002,0
8560f7e433853744,43,4,0,391,1,9,9,19.95,6.54,6.98,True,2,Standard Complexity,0.009999999999990905,10.473714285714285,4.55149651101656,0.123197824,0
5998015f45d30d0,16,0,0,88,7,2,2,16.43,1.21,0.12,True,2,Standard Complexity,22.374829608289552,9.16,5.961168789200095,0.12287959,0
51b5d0576173af03,58,0,5,88,5,2,1,13.86,12.39,6.29,True,2,Standard Complexity,2.798731855680261,7.676428571428572,3.834241603429469,0.12278839,0
a32895d6d78b54b7,62,30,4,203,14,10,12,10.9,5.48,9.05,True,2,Standard Complexity,0.0824621125124988,4.014883720930232,3.289622422733891,0.12254607,0
5e4a75549a89df22,26,4,1,150,4,16,3,16.86,5.6,6.32,True,2,Standard Complexity,4.757856660303956,8.517142857142856,4.964961173642984,0.122541875,0
ecbe9e6f55809058,18,1,3,179,2,4,5,20.88,3.98,6.32,True,0,Standard Complexity,1.6323296235747966,11.8405,4.865412084294608,0.12222023,0
2119453c294e8775,52,0,0,130,4,3,2,15.93,2.31,6.29,True,2,Standard Complexity,0.1170469991070898,8.1425,3.5958995745153954,0.12202866,0
c25fe486ee125945,39,19,6,152,1,5,3,15.61,8.6,8.18,True,2,Standard Complexity,0.6184658438427484,5.1736,4.4199220626612865,0.12200348,0
8e33b2da66211d82,43,25,0,96,2,16,0,12.97,6.83,11.29,True,2,Standard Complexity,0.06999999999970896,4.193243243243242,3.794619273039024,0.12190677,0
e170c962cde29adb,77,9,0,130,2,6,7,16.78,15.96,6.48,True,3,Critical Complexity,5.483912836652644,3.8157894736842106,3.786612589511514,0.12166387,0
c6d602ca55371909,53,2,0,76,7,7,4,14.76,4.84,6.33,True,2,Standard Complexity,7.103027523528168,8.091176470588234,4.27706315176106,0.121514015,0
85a365a1ac570f85,229,6,0,150,2,6,3,10.93,6.53,6.33,True,2,Standard Complexity,0.16155494421454264,3.4224999999999994,2.7455573963526363,0.12136883,0
afead29b9781ad9a,16,0,1,54,8,7,0,14.8,3.98,0.18,True,2,Standard Complexity,19.71486748623968,7.333333333333332,5.7483988108767194,0.12136142,0
9fe7a55c45f745d5,52,1,0,77,4,0,3,15.27,4.17,6.33,True,2,Standard Complexity,0.8203657720796387,6.698787878787879,4.136386768722086,0.12135249,0
98e433d75f109fcc,100,19,0,53,0,4,2,12.02,11.75,6.46,True,2,Standard Complexity,0.3061045572998598,2.955384615384615,2.9901507947172044,0.121218905,0
3703f313b30bdc25,56,19,4,224,10,15,9,13.19,8.3,7.13,True,2,Standard Complexity,0.3623534186398467,5.5762745098039215,3.482696138802896,0.121208005,0
db69af1e278cd232,68,3,0,76,1,0,5,14.77,5.01,6.27,True,2,Standard Complexity,5.234013756190711,5.3684615384615375,4.255815652011412,0.120988764,0
73d7008ccca37595,53,6,1,66,7,2,0,14.09,6.04,6.72,True,2,Standard Complexity,3.860051813123748,5.9192307692307695,4.092368059126763,0.12087128,0
205669e9188e3295,18,0,0,104,0,2,1,37.79,3.66,6.3,True,0,Standard Complexity,5.722805256166015,30.93777777777778,3.6593404924256734,0.12078497,0
4e015bd17a111971,17,1,0,36,3,0,0,16.95,4.62,6.25,True,2,Standard Complexity,2.397665531303166,9.583333333333332,4.422946478938622,0.12071932,0
5de3035446331775,32,4,0,117,4,9,0,15.18,3.44,3.16,True,2,Standard Complexity,2.252487513838849,7.536470588235295,4.824593785005264,0.1207053,0
ca2c440f39095a2,46,10,0,227,7,9,8,15.64,2.41,12.55,True,2,Standard Complexity,0.16278820595941035,5.810909090909091,4.501770940174116,0.12068699,0
2e58f1f8f9388d62,42,0,0,204,4,6,4,16.95,5.68,6.8,True,2,Standard Complexity,1.6807438829287402,11.376666666666667,4.015816507538936,0.120638795,0
3a4aab1effbe5afd,45,0,0,66,4,0,3,16.38,15.58,7.82,True,3,Critical Complexity,4.258286040181157,11.511666666666665,3.3291160822189556,0.120521076,0
4dde88aecad80424,20,0,2,287,6,15,7,20.13,3.82,6.3,True,2,Standard Complexity,3.9230727752616086,11.849,4.438928812224859,0.12023716,0
c4f12f09c4b6abef,54,25,1,105,6,9,5,19.99,5.02,9.48,True,2,Standard Complexity,0.01999999999998181,3.9248936170212767,3.875872926984252,0.12019228,0
94b0559bb2768150,43,0,0,219,1,8,10,21.73,3.48,6.31,True,0,Standard Complexity,2.72045952000739,15.758124999999998,3.2055678489738755,0.119931884,0
b848172951791137,3,1,0,473,0,10,11,18.17,1.09,6.29,True,2,Standard Complexity,9.137641927762166,9.44,7.391221144032968,0.119819075,0
4d6153ab03a7cdb5,9,0,1,26,0,0,0,29.23,7.09,6.29,True,0,Standard Complexity,10.207487447947495,18.168,6.349957165209857,0.11972238,0
bb29d696dcda43b0,80,5,0,41,6,4,0,12.43,2.34,6.56,True,2,Standard Complexity,3.649232796081785,5.367647058823529,3.8156373755003083,0.11911822,0
8a98b2069306a9ba,27,4,2,94,0,1,3,21.46,4.65,6.32,True,0,Standard Complexity,1.3354400023962236,5.695000000000001,5.03521693826439,0.11907142,0
66d2a58df2ad661f,24,0,0,192,4,3,6,24.14,7.47,6.3,True,0,Standard Complexity,4.80800374375957,17.28058823529412,3.649935487887963,0.119013764,0
e8737a4bc233af80,22,0,0,136,5,4,8,24.88,16.16,6.3,True,3,Critical Complexity,1.5728954192829838,22.112,2.253392109687082,0.11868169,0
117fcd9aaf5344c7,28,2,1,59,0,2,0,16.35,6.54,6.32,True,2,Standard Complexity,0.731641988953455,9.08653846153846,4.374561026159954,0.11853709,0
34aaa1d4bc77d804,68,4,1,90,3,8,0,14.26,12.41,6.55,True,2,Standard Complexity,2.0554804791094035,5.913200000000001,3.7197620569063283,0.11821137,0
b5de0f50e320bfc8,35,2,0,72,2,0,11,17.03,5.41,6.63,True,2,Standard Complexity,0.4589117562239143,10.52,3.6319898127610437,0.11821063,0
1ac86c63d965282,12,0,0,117,6,0,8,27.16,8.83,6.31,True,0,Standard Complexity,12.727187434779223,18.9975,6.275543967126144,0.118195005,0
5c8297f71c265b4c,26,0,0,79,3,3,2,17.71,16.83,1.48,True,3,Critical Complexity,14.07879611330444,12.663333333333334,3.679821855591503,0.11798032,0
49fb920c9b631451,63,0,0,113,1,5,1,11.32,10.1,6.06,True,2,Standard Complexity,12.594733026150239,7.727499999999999,3.729875165471359,0.117788,0
91b7a84daaff9211,23,0,0,96,0,4,4,22.09,3.07,6.3,True,0,Standard Complexity,1.3171180660838657,17.577272727272728,3.521526246876206,0.11777262,0
49ef44a71a02370,42,5,0,74,8,2,0,12.53,4.0,6.3,True,2,Standard Complexity,0.3106444913400891,7.868666666666667,4.222013527006069,0.11761531,0
4863e0adec9c76f7,37,0,1,144,3,14,3,16.77,11.85,6.28,True,3,Critical Complexity,1.3001538370517822,8.553214285714285,4.130111597914092,0.117505915,0
4301b2ba6ce54ef5,20,1,0,133,2,9,6,21.6,3.55,6.3,True,0,Standard Complexity,4.4504831198414925,14.14421052631579,5.016027276629305,0.11736668,0
2817d7a3087ca8d9,36,0,0,112,7,6,1,15.93,15.41,6.29,True,3,Critical Complexity,8.43341567812233,9.79857142857143,4.0164711895302485,0.11735893,0
c16901be6f931fbf,39,3,0,405,11,17,1,12.26,8.8,7.1,True,2,Standard Complexity,0.18973665961037958,5.26,4.374572632187711,0.117292084,0
66ad17a41eacc731,42,112,1,235,10,18,9,10.84,9.73,9.34,True,2,Standard Complexity,0.036055512754607104,2.807686567164179,2.4905999139987545,0.11705446,0
570eb8269088a9b6,31,1,0,138,0,4,3,18.64,6.6,6.3,True,2,Standard Complexity,0.38118237105093555,11.05653846153846,4.448232096797811,0.11692447,0
4137d4c2064cd546,41,3,1,88,1,6,1,14.52,2.42,6.33,True,2,Standard Complexity,6.152235366108843,8.12,4.750122366844879,0.116886795,0
dc165135e38e0b3f,30,6,0,54,0,1,2,13.95,6.69,6.24,True,2,Standard Complexity,0.2600000000003582,4.61,4.770518257427011,0.11684301,0
761b73c28622e63d,20,0,0,99,4,4,5,25.42,3.86,6.31,True,0,Standard Complexity,0.8612200647918582,15.663076923076924,4.416156324949394,0.116835386,0
eb98c9237d016037,51,34,0,35,1,0,3,11.57,7.63,10.54,True,2,Standard Complexity,0.050990195136149025,3.3972499999999997,3.0562476891606805,0.116087586,0
f8e5806416a82d60,46,5,0,114,2,4,1,15.99,10.86,7.37,True,2,Standard Complexity,0.08485281374198697,8.5840625,4.415946854423607,0.11607033,0
e59604f15cfa8fea,27,0,0,78,0,3,0,15.29,10.8,6.29,True,2,Standard Complexity,2.4423349483642234,10.574117647058825,3.604564196263218,0.11603389,0
1258b697f8e020da,43,33,0,152,4,8,7,13.22,10.85,8.0,True,2,Standard Complexity,0.05385164807150718,4.326739130434783,3.4652937979138385,0.11596375,0
10bf707f66a747,31,0,0,179,2,4,14,17.66,5.09,6.31,True,2,Standard Complexity,0.37336309405180257,12.20625,3.811305345613232,0.11586422,0
65b18d34a48ff1ba,21,0,0,80,6,0,9,15.56,1.14,6.32,True,2,Standard Complexity,28.600540204688187,9.482,4.66538487158348,0.11577014,0
22a9bf8f0c69c58f,14,4,0,80,1,4,0,27.12,2.26,6.57,True,0,Standard Complexity,1.816039647144175,8.814375000000002,6.628389669397462,0.11570821,0
d9a168449654f72e,14,2,1,127,2,14,3,23.18,3.72,6.83,True,0,Standard Complexity,0.3176476034855911,11.615294117647059,6.58055613387971,0.11537411,0
fa56443ebd346b29,27,26,6,81,0,6,0,16.54,7.79,6.42,True,2,Standard Complexity,0.13341664064199413,4.902444444444444,4.240886257247839,0.11518468,0
5fd61b5f4deb5254,13,0,0,31,2,0,2,15.1,14.39,1.16,True,3,Critical Complexity,1.3497036711811754,10.394,4.849179724448249,0.11510109,0
ce695f4c55d9d7fe,8,1,0,76,3,2,0,17.46,15.95,6.31,True,3,Critical Complexity,6.275316725074358,9.78,5.687473955984325,0.11495829,0
5471c1bee8ade3e0,59,4,24,127,9,6,4,17.56,10.06,6.31,True,2,Standard Complexity,0.24839484696757888,6.361126760563379,4.228141651955641,0.114451796,0
51fb2ffac8d0666,23,0,1,81,0,4,0,26.05,7.68,6.33,True,0,Standard Complexity,4.414091072916226,15.584166666666667,4.1328923655904175,0.11434324,0
238cb0f9af5022ad,48,7,0,332,2,10,10,18.97,8.64,6.8,True,2,Standard Complexity,0.22360679774932818,8.74690476190476,4.180318105972341,0.1143001,0
fb8bd34c0895af01,38,7,1,120,1,5,2,16.04,4.45,6.33,True,2,Standard Complexity,0.060827625302926874,5.7784615384615385,4.913624459138466,0.11426287,0
a22b18efadc1362b,25,0,0,74,8,0,7,13.01,4.36,6.29,True,2,Standard Complexity,14.780507433779633,8.745,4.422392828925687,0.11392301,0
5a7deb785ae2b14e,29,0,1,69,0,3,0,17.33,5.6,6.3,True,2,Standard Complexity,2.1702073633642294,10.806666666666665,3.6651299810208338,0.113900244,0
4ff49fcb34c021cd,42,4,0,112,2,7,3,20.2,10.07,6.29,True,0,Standard Complexity,1.9185671737002414,8.265555555555556,4.465810310391055,0.113806844,0
21075d7b94723bd,159,49,0,188,0,6,5,11.1,8.91,9.5,True,2,Standard Complexity,0.041231056256194255,2.7096923076923076,2.400207663599624,0.11378052,0
fd3c8e776bdb7788,50,1,0,83,0,4,1,18.87,3.27,6.76,True,2,Standard Complexity,1.5811388300841898,10.83607142857143,3.9368835928268684,0.113765776,0
8f288c919dd2f6d2,62,1,1,117,7,5,3,20.43,8.38,9.39,True,0,Standard Complexity,0.4401136216938116,9.227500000000001,3.7722242633302097,0.113705955,0
6eb5e917f1efa0f1,23,0,2,179,0,7,2,22.02,4.24,6.3,True,0,Standard Complexity,2.416153968603776,16.6072,3.9706709961919535,0.11366882,0
132aa188bf8f1d5a,16,0,0,94,5,3,4,18.91,1.63,6.29,True,2,Standard Complexity,30.116581811355005,9.326000000000002,7.22452379053457,0.113285445,0
de127c42236ca574,15,1,0,170,0,4,8,21.49,1.66,6.32,True,0,Standard Complexity,1.598499296215135,10.895,7.137001120919066,0.11298629,0
1f2cadfd2da9f589,24,9,4,28,4,3,1,14.85,6.03,6.46,True,2,Standard Complexity,2.2603539545834535,7.803333333333334,4.166763554429087,0.11296709,0
6b3c70843e0f7d37,36,9,0,92,0,5,2,15.99,11.76,7.71,True,2,Standard Complexity,0.199248588452182,7.206666666666666,4.301444201918958,0.11295014,0
15a080f01581314d,40,1,0,220,2,8,4,19.78,15.11,6.3,True,3,Critical Complexity,3.350955087732586,10.168000000000001,4.206282919633439,0.112948865,0
489abab6c2cb886b,86,77,7,114,0,1,5,11.44,5.02,9.29,True,2,Standard Complexity,0.1802775637730355,2.3831521739130435,1.9073336324667358,0.11292564,0
c2bf061a7f0298e4,139,71,0,43,10,1,0,9.2,6.87,7.6,True,2,Standard Complexity,0.03999999999996362,2.1880434782608695,1.8342675585558694,0.11288825,0
596d137ed9155ddb,6,3,0,64,6,2,6,16.72,2.89,6.48,True,2,Standard Complexity,4.170491577739651,9.217777777777776,5.463154924436526,0.11286982,0
e5f9e7c6ffda9616,59,4,0,103,2,4,1,14.61,6.29,6.37,True,2,Standard Complexity,0.27313000567495876,8.669512195121952,3.8069352318639957,0.112827785,0
cf9be9438a42d474,32,11,4,70,11,0,1,15.96,6.31,17.39,True,2,Standard Complexity,0.3125699921621479,4.611,4.144587916789799,0.11269807,0
b4e88225099d4771,62,28,0,61,0,6,1,12.42,6.15,6.55,True,2,Standard Complexity,0.22203603311154324,2.9205714285714284,3.258817439201039,0.11248764,0
e2a8ae42b72eb66,17,14,0,104,4,4,5,14.04,9.76,11.98,True,2,Standard Complexity,0.08246211251227821,5.108095238095238,4.931073117098123,0.11246305,0
a595d0d138d166cc,24,0,1,223,5,5,5,17.47,6.6,6.29,True,2,Standard Complexity,1.466867410505646,10.879000000000001,3.655766540686098,0.11167241,0
5d3bd5ae8def4b2,62,4,0,241,4,8,6,15.18,5.07,6.26,True,2,Standard Complexity,0.2817800560721578,7.695853658536585,3.9834676495698496,0.111647904,0
d4f788169ee8df9d,53,1,0,124,7,9,11,14.0,8.0,6.3,True,2,Standard Complexity,4.7051036120364085,8.268823529411764,4.507713496758432,0.11159147,0
7e0d28b4a89c59a,29,0,0,69,5,9,0,14.66,6.97,0.14,True,2,Standard Complexity,43.78619074548536,6.502,5.3451563120268055,0.11152346,0
a22a89658dba8e39,54,5,0,50,4,6,2,13.97,12.41,6.6,True,2,Standard Complexity,0.32557641192186565,4.097272727272728,4.070439089356982,0.11148272,0
7f61d1814165a6ac,92,57,4,80,13,5,0,12.33,5.07,8.03,True,2,Standard Complexity,0.036055512754165665,2.093783783783784,2.509320303525036,0.111305006,0
c8a75aef5ea3e445,37,0,0,103,7,6,1,17.47,3.66,6.28,True,2,Standard Complexity,0.44045431091064874,10.58388888888889,4.005352167744345,0.111303546,0
d717c0be3c9109b1,218,20,0,325,34,14,10,13.15,8.56,6.45,True,2,Standard Complexity,0.2801785145231002,2.5645454545454545,2.288698969984172,0.11125118,0
f5d023d3d1e9dadf,23,0,0,68,0,4,2,21.41,4.34,6.3,True,0,Standard Complexity,6.076684951518855,17.91941176470588,4.3255308692735115,0.11122258,0
bb25335880d76524,43,8,2,166,10,13,5,13.82,13.06,6.35,True,2,Standard Complexity,0.18027756377321838,6.497037037037035,4.335816224422063,0.11082211,0
27bad4f59cbb7497,21,1,1,171,0,5,1,23.98,3.12,6.29,True,0,Standard Complexity,1.0901834707976068,17.04434782608696,4.5821343290492695,0.11057646,0
69ccfd1776967bd9,18,0,0,125,0,6,3,15.73,4.58,0.02,True,2,Standard Complexity,3.0313363389764967,12.52,4.8332701145290855,0.110431105,0
e8b99be3131c9a11,20,1,0,82,7,2,4,12.5,1.77,6.5,True,2,Standard Complexity,19.40895669529938,6.470000000000001,5.409630301601025,0.11013795,0
708d55c6561882df,36,9,0,27,2,0,5,10.88,0.91,6.14,True,2,Standard Complexity,0.06324555320374148,2.2381818181818187,3.659721346028754,0.109780155,0
aabc428806073db5,23,0,0,141,3,14,2,22.54,2.53,6.29,True,0,Standard Complexity,1.6880758276808543,10.357777777777777,4.132788345194179,0.10969145,0
d4c6b5519260b8d7,49,24,2,57,2,8,0,13.55,5.89,8.14,True,2,Standard Complexity,0.5408326913203046,3.9894444444444446,3.9001651990969455,0.1095173,0
5e0c75145b6bee44,11,1,0,453,5,21,4,25.28,7.16,6.34,True,0,Standard Complexity,39.24062435792876,14.223333333333334,7.523187858584655,0.10920758,0
3989fac83237c431,8,3,2,76,1,4,4,24.42,7.55,6.26,True,0,Standard Complexity,3.3982495494003935,10.194615384615386,7.085711098764042,0.10873573,0
3685b7015b91c098,38,21,0,150,4,5,4,17.27,17.02,6.27,True,3,Critical Complexity,0.06708203932513605,3.021724137931034,3.8873509009797913,0.1079328,0
b72d11577240d39c,63,3,0,101,4,4,0,12.8,3.5,6.32,True,2,Standard Complexity,0.23537204591840843,6.702272727272728,3.5363038380080902,0.10792066,0
b21104d367583af9,9,0,0,85,3,4,4,24.03,4.8,6.27,True,0,Standard Complexity,20.76147634442249,13.932857142857143,7.615932011787084,0.107866935,0
2cccd609a36975f1,15,1,0,155,2,0,3,18.22,1.78,6.33,True,2,Standard Complexity,3.4694379948346987,9.946923076923078,5.539075713809444,0.10753567,0
536fddebe35276c5,27,3,0,73,6,6,4,12.95,1.8,18.84,True,2,Standard Complexity,6.1835022438744085,6.999090909090909,4.688834812704159,0.10713857,0
6f9fd6d797ac74ac,104,3,0,211,0,2,3,11.84,5.91,6.38,True,2,Standard Complexity,10.626005834742326,4.6872727272727275,4.026837448260203,0.10704222,0
669c16965d6c4f25,8,3,0,70,8,1,0,16.29,5.05,6.25,True,2,Standard Complexity,4.0673947435675535,8.664545454545454,4.952438083934681,0.10699693,0
a5208bd5ceb0e6b6,14,1,0,254,3,16,3,21.9,1.92,0.12,True,0,Standard Complexity,9.00384917687979,15.629,6.719670304412263,0.10679441,0
422ed2bb981c2ea8,52,0,0,119,2,4,1,19.88,7.94,6.34,True,0,Standard Complexity,0.3894868418829758,8.681219512195122,4.013732035681183,0.10660886,0
1dc53f3d3520b77,15,0,0,390,6,8,10,21.88,7.86,6.32,True,0,Standard Complexity,14.043147795277344,12.15,6.699115613273143,0.10649415,0
99bdf1124e05e1af,142,15,4,54,8,7,0,12.64,2.65,6.31,True,2,Standard Complexity,0.3676955262170908,3.6025,2.792260508978344,0.10638363,0
2f9e64231854c145,13,3,0,146,4,5,0,21.58,11.56,6.86,True,3,Critical Complexity,8.363372525483197,9.623333333333333,6.970313638726899,0.10636606,0
6a831b6e0c771220,12,0,0,183,8,4,10,24.16,1.95,6.29,True,0,Standard Complexity,8.801454425264238,18.056666666666665,5.228722491095592,0.10609169,0
59dd707bce93487a,168,61,0,22,2,2,1,11.96,11.8,7.59,True,2,Standard Complexity,0.08246211251216792,2.507222222222222,2.4499298301868784,0.10601812,0
91b7bbf818fba592,16,0,0,492,6,13,1,20.0,9.14,12.58,True,0,Standard Complexity,6.393660923133103,13.283333333333333,6.663487575336707,0.10589039,0
9f3cecaaec360aea,40,22,0,106,8,7,0,12.4,10.46,10.69,True,2,Standard Complexity,0.08944271910031698,6.057878787878787,3.918736467339841,0.10562089,0
efead25eee781d1c,36,1,0,84,1,8,0,16.2,3.6,6.28,True,2,Standard Complexity,0.7427651041883642,10.252727272727272,3.825482954439968,0.10541372,0
7300b7810321b136,48,8,0,84,1,7,0,23.91,8.0,7.16,True,0,Standard Complexity,0.20808652046691017,6.015714285714286,4.517058009504027,0.10529943,0
1f90de31173f273f,21,3,0,118,1,5,2,15.53,4.04,6.27,True,2,Standard Complexity,0.3224903099317615,8.73470588235294,4.724525643972486,0.105142705,0
5a6d12e45d11bf2a,8,0,0,127,0,6,4,27.02,2.07,6.27,True,0,Standard Complexity,23.80942040453748,17.041666666666668,8.201831943061393,0.10512301,0
183c9667ec2cad20,31,10,0,101,1,7,0,14.82,8.07,7.92,True,2,Standard Complexity,4.004722212588506,5.17,4.76914562579085,0.10491776,0
60766ab20d366a92,10,2,0,311,1,8,6,27.95,6.61,6.32,True,0,Standard Complexity,8.975188020314857,14.636363636363638,7.539448102212151,0.104899205,0
a0807b3e6b46aa8a,12,8,0,275,3,7,5,18.66,3.2,6.74,True,2,Standard Complexity,0.4177319714845069,8.367894736842105,5.266537441288974,0.10474884,0
d509c5533dbfb233,8,2,2,137,4,5,4,24.63,5.84,6.31,True,0,Standard Complexity,3.9091303380676785,12.238181818181818,7.428224819359074,0.10473773,0
9f24354fbe006f00,24,0,0,243,10,9,12,16.86,1.51,6.3,True,2,Standard Complexity,13.420059612386304,9.656666666666665,3.823355129260744,0.10438561,0
159e7aa7bb67eaf1,41,8,0,147,7,12,5,19.73,8.07,6.87,True,0,Standard Complexity,0.36715119501374166,7.4975,4.285347127129843,0.10430025,0
d85f92228845cc2a,128,16,1,64,5,10,0,9.31,7.82,7.46,True,2,Standard Complexity,1.6685922210053903,3.416111111111111,2.795222390057103,0.10428272,0
f5a5cc0f751cdb61,76,3,1,131,5,7,1,12.66,5.71,9.21,True,2,Standard Complexity,0.561426753904671,6.5185,3.408637227690855,0.1042743,0
e9d3f256dcc8712c,39,1,0,148,7,10,2,12.74,3.68,5.56,True,2,Standard Complexity,5.546638621724104,7.297499999999999,4.615129331882261,0.10425691,0
2b2f13c7c741f26d,26,0,2,76,0,2,0,18.19,8.11,6.26,True,2,Standard Complexity,1.7240939649567353,10.452727272727271,3.6835311391235126,0.1036511,0
aca8d287616b2fb5,17,1,1,85,6,0,4,15.51,5.0,6.28,True,2,Standard Complexity,6.712689475910118,7.2299999999999995,4.973276585913959,0.10363566,0
356d059e5af21289,10,0,0,26,1,1,3,17.18,1.58,6.26,True,2,Standard Complexity,1.906724940834266,11.574444444444445,4.899131694292846,0.10354852,0
8a9e85a2152f8bb2,25,2,0,89,8,0,11,14.05,11.11,6.29,True,2,Standard Complexity,13.69269878438848,9.093333333333332,4.442284197222065,0.10318758,0
b404ce708dde16a9,23,1,1,155,4,13,3,14.87,4.3,6.3,True,2,Standard Complexity,13.240713726986122,9.106923076923078,4.8462870555562505,0.10317282,0
7947b62776c839da,35,6,0,186,9,4,8,15.2,13.96,6.31,True,3,Critical Complexity,0.7782673062642853,6.19,4.329417461455473,0.103145055,0
c900812c7beddfff,6,7,0,78,7,2,7,13.16,2.19,6.4,True,2,Standard Complexity,0.041231056256194255,6.045454545454546,5.2028495053390325,0.103061445,0
9ef5838f2930e9f0,27,10,2,142,8,10,7,13.55,2.31,6.55,True,2,Standard Complexity,0.24351591323771168,4.298947368421052,4.532164458781305,0.10272394,0
7d4be8645b36485b,24,2,5,108,2,4,1,18.42,4.44,6.3,True,2,Standard Complexity,0.3794733192202918,12.378999999999998,4.330550657826323,0.10262492,0
8f598c508e2c9e8,14,6,2,357,2,6,9,19.63,3.35,6.27,True,2,Standard Complexity,0.029999999999972715,6.566923076923077,6.920611783333993,0.10238838,0
b7531ac270825909,67,17,1,88,0,6,0,11.07,6.44,6.49,True,2,Standard Complexity,0.07810249675906829,3.1596428571428574,2.7022734901016445,0.10234437,0
2f0662d32e41c3e3,17,0,0,72,7,1,0,16.71,4.73,6.29,True,2,Standard Complexity,1.2501599897613103,12.138666666666666,3.7161321588746308,0.10212665,0
2053bad68c8e07fe,10,4,0,248,0,6,0,19.86,9.14,8.66,True,0,Standard Complexity,0.11180339887448106,10.556923076923077,6.358130330669162,0.10196772,0
64e39a7c9d5e8e97,48,4,0,126,9,3,9,12.55,7.18,6.33,True,2,Standard Complexity,0.5907622195098096,5.91,4.454299565070205,0.10172788,0
605e5141aaf33e78,15,0,0,70,5,1,4,22.14,7.88,6.29,True,0,Standard Complexity,2.8808679247744338,15.784166666666666,4.997786940792451,0.101545915,0
fb7957e06c36f477,54,0,0,102,7,6,1,14.65,9.51,9.46,True,2,Standard Complexity,0.32249030993207173,7.569210526315789,3.9792761716693548,0.10152038,0
74b0940dee702961,225,22,0,169,13,16,1,10.62,3.28,7.01,True,2,Standard Complexity,0.586941223633118,3.337619047619047,2.4077788712775354,0.10151642,0
fb8c087cd420a9b0,43,1,0,151,2,13,7,17.63,6.04,6.37,True,2,Standard Complexity,0.9291393867446027,10.261500000000002,4.008887969250326,0.10132357,0
19169b754ce5bb9f,21,2,2,66,4,3,1,16.29,8.81,12.6,True,2,Standard Complexity,0.3801315561751748,9.85235294117647,4.275361050335591,0.10128419,0
294b73fba2381b01,16,10,0,130,0,4,3,19.36,4.82,6.44,True,2,Standard Complexity,0.009999999999990905,6.1499999999999995,6.185769151851692,0.10117365,0
538083a0cf8cd8fd,13,1,0,93,4,1,3,17.1,2.37,6.41,True,2,Standard Complexity,9.732676918504335,8.196666666666667,6.023212505705646,0.10102523,0
288bae45f3a66ea,30,0,0,134,2,3,4,21.83,5.21,9.42,True,0,Standard Complexity,0.36687872655636633,6.857826086956521,4.503569556736406,0.10064823,0
ae43090e852d6626,19,0,0,96,3,4,6,18.88,16.15,6.29,True,3,Critical Complexity,3.0300165016052025,11.525555555555556,4.253746351710614,0.1006339,0
d77a2a0fd191f598,16,1,0,171,2,7,5,24.28,8.12,6.29,True,0,Standard Complexity,5.248714128242315,17.17538461538462,5.730244477781723,0.10055829,0
ffcf7937b9f4653e,35,5,0,44,0,0,0,11.88,1.25,6.15,True,2,Standard Complexity,1.0560303025945663,3.6442857142857146,4.076528134657366,0.100455195,0
150f74a4fa36c163,31,15,4,28,4,3,2,15.36,6.99,6.37,True,2,Standard Complexity,1.091146186356459,5.864102564102565,4.091647350488879,0.10031802,0
424fd30338242274,68,5,0,108,1,3,7,12.64,8.08,12.58,True,2,Standard Complexity,5.786000345662389,4.459,4.227652894928816,0.100180276,0
58f654f4975a44c4,67,23,0,111,4,20,0,10.26,9.23,6.54,True,2,Standard Complexity,1.3437261625790389,3.7802439024390244,2.851998433110162,0.100176476,0
47bf0cf553844d87,12,4,0,62,0,5,0,15.02,1.92,7.38,True,2,Standard Complexity,0.9377632963599846,7.098000000000001,5.7904918616642576,0.09983254,0
d7d55a67a919a711,43,10,1,74,7,2,0,13.3,7.67,6.3,True,2,Standard Complexity,0.9433981132057182,5.178888888888888,4.299511456599703,0.09973809,0
2c721483b5c7bff0,4,4,0,121,13,4,5,16.1,1.6,6.29,True,2,Standard Complexity,0.7495331880577746,7.6125,6.099132622758748,0.09937699,0
a3b89cfc7832e974,56,8,0,244,4,8,4,13.75,4.81,6.46,True,2,Standard Complexity,0.12165525060585375,6.3420000000000005,3.641335743926945,0.09936195,0
2d8e5ec79d696995,33,0,0,141,3,4,6,23.85,5.44,6.29,True,0,Standard Complexity,1.8333030300525501,19.0212,2.7151652914693796,0.09916263,0
c57e3008355a4e67,20,0,0,91,7,2,1,19.34,3.97,6.28,True,2,Standard Complexity,4.724510556660869,12.526,3.9179310866833785,0.09892964,0
3a1469934427ba31,19,2,0,83,3,0,0,15.94,1.48,5.79,True,2,Standard Complexity,44.95180641531544,6.398000000000001,6.07721778448,0.09879381,0
922567ce0087a2b1,45,2,0,58,2,4,6,16.38,3.82,7.69,True,2,Standard Complexity,4.1641565772673514,7.46,4.445619566869541,0.09867225,0
4f01bddb0ebd92a8,59,6,3,105,2,3,1,14.34,8.79,6.88,True,2,Standard Complexity,0.07810249675899551,6.700555555555557,3.7246398864790433,0.09860088,0
f64062374ff4f00f,27,16,0,258,3,13,2,15.04,6.55,7.39,True,2,Standard Complexity,0.022360679775079245,4.422592592592592,4.116434624672714,0.098069005,0
84af1830c256d1b9,21,0,0,133,5,4,3,23.95,4.1,6.2,True,0,Standard Complexity,3.0564358327959855,12.325624999999999,4.312083267908332,0.09786974,0
74845c7964ef08ec,41,3,0,60,2,0,3,13.8,2.48,6.33,True,2,Standard Complexity,1.015972440571113,5.2333333333333325,4.626690681974176,0.09782583,0
843ab5ee35cae192,46,1,0,115,2,11,1,14.92,4.24,6.31,True,2,Standard Complexity,1.6524527224704986,7.3233333333333315,4.429370946774156,0.09768845,0
5cfe598d25f96515,54,15,5,115,11,12,0,14.33,6.76,7.56,True,2,Standard Complexity,0.12041594578792673,4.773243243243243,3.454489483191601,0.09755587,0
ead6973c15c52b5,59,5,1,168,2,11,1,15.85,11.47,6.34,True,2,Standard Complexity,0.4103656905742436,7.482830188679246,3.606165777203476,0.09753227,0
18a9f8f0c437bc42,51,16,0,202,9,10,2,12.81,5.68,6.36,True,2,Standard Complexity,0.6306346010171887,5.089354838709679,3.35468275071734,0.09746187,0
ab62bd71f8264329,28,1,1,157,4,13,3,16.35,4.02,6.29,True,2,Standard Complexity,6.0672316586726245,9.727272727272727,4.369356288993298,0.09703189,0
e337a27da0bec6e1,40,3,0,181,5,0,12,13.17,5.44,6.35,True,2,Standard Complexity,0.6806614430092701,6.046250000000001,4.64823605655952,0.09700941,0
39fde45018c63127,49,7,0,110,0,5,0,14.14,2.17,6.42,True,2,Standard Complexity,0.6198386886926246,8.17309523809524,3.8603568106090167,0.09681701,0
6d1e93733f7f0eca,143,81,0,47,4,5,0,8.82,4.64,8.86,True,2,Standard Complexity,0.009999999999763531,2.178,1.7214104681917093,0.09670402,0
a42dd2d365f1cadb,20,0,1,140,4,7,1,22.83,14.23,6.31,True,3,Critical Complexity,10.24753628927485,15.570833333333335,4.5606385852811835,0.09666398,0
70659af5d34be5d6,13,3,0,457,4,11,9,18.97,2.63,6.29,True,2,Standard Complexity,6.324531603209782,11.311999999999998,7.044451433575222,0.0965638,0
5f1da077bd7be40c,49,0,0,376,5,8,4,20.1,3.98,6.3,True,2,Standard Complexity,0.5742821606143852,16.05483870967742,2.7813107503683336,0.09645053,0
c1e0268280acb1c2,119,66,0,234,4,5,0,11.87,9.34,11.77,True,2,Standard Complexity,0.18681541692302314,2.3463513513513514,2.2184810815025355,0.09601727,0
493d34213f44d5ca,62,2,0,77,3,0,15,12.82,8.59,6.31,True,2,Standard Complexity,17.929383703853507,6.418571428571428,4.234229322932766,0.095941104,0
be937e19f7c6d50c,60,3,0,99,0,9,1,16.11,2.82,6.64,True,2,Standard Complexity,0.4204759208326682,7.108,3.9813348802344457,0.09589415,0
534a24bfc6743e07,72,8,3,61,5,6,2,9.72,3.16,7.34,True,2,Standard Complexity,0.9143850392473286,4.487272727272727,3.361083675107536,0.09587844,0
87007b75ecb772ae,93,27,0,94,3,7,5,11.07,9.4,6.57,True,2,Standard Complexity,0.03162277660143933,3.298444444444444,2.8137937660789376,0.09565736,0
8f499f6c23bcbe3f,55,20,0,97,2,3,6,12.03,7.72,11.05,True,2,Standard Complexity,0.08944271909960519,3.8991304347826086,3.3666289590930805,0.09555616,0
5e2fb9cffa7c23c9,31,13,0,120,5,6,0,13.9,3.47,6.67,True,2,Standard Complexity,0.1252996408614116,6.198125,4.554611974073643,0.09555238,0
6f6e1f0ffb33fd02,52,1,0,188,0,7,12,14.68,6.36,0.05,True,2,Standard Complexity,3.9603156439850866,9.015555555555556,4.216552333393588,0.09546033,0
2621049b6b350ce8,44,1,1,122,4,8,2,16.34,9.71,6.32,True,2,Standard Complexity,0.23323807579385336,10.980882352941176,4.0234981616433485,0.09545967,0
6cc9793684828463,33,1,0,120,3,5,5,14.04,2.61,6.52,True,2,Standard Complexity,1.345362404707432,8.523,4.138434607433105,0.09540908,0
a261bad61e17dbb6,31,8,0,357,0,13,6,17.7,9.58,6.54,True,2,Standard Complexity,0.34000000000089453,5.571,4.5955085681565215,0.09529101,0
bf60296024e78781,6,3,1,116,4,4,7,20.16,4.5,6.29,True,2,Standard Complexity,0.22203603311138964,12.210999999999999,6.013355885027926,0.09525253,0
d57a1670b99fb1fb,38,12,0,189,6,18,4,11.88,4.03,6.73,True,2,Standard Complexity,2.298717033477575,5.06,3.942364772569885,0.09515019,0
fd1f51699c0cac0a,35,21,19,77,3,6,1,13.77,5.67,7.15,True,2,Standard Complexity,0.0360555127546544,3.968666666666666,3.615888764267446,0.095067285,0
11515edd67340b53,12,1,0,255,6,4,8,20.48,1.5,6.29,True,2,Standard Complexity,22.713872413131448,14.530000000000001,6.9675189271361155,0.09503792,0
61ddc941ae1ba3b4,46,13,0,221,3,9,8,13.16,6.53,7.68,True,2,Standard Complexity,0.04472135955005681,3.6938461538461542,3.8004211071558864,0.094968185,0
df72c5dc77a73ed6,11,0,0,149,1,5,2,23.08,1.17,6.28,True,0,Standard Complexity,2.2772790781984398,16.660000000000004,6.706555665085387,0.094911575,0
11bed37461106243,13,1,1,240,1,7,4,22.4,4.65,6.29,True,0,Standard Complexity,4.847442624724278,9.73923076923077,6.902354627826943,0.09477942,0
694e0262d8ccc4e,28,4,0,109,13,10,1,14.72,7.08,7.4,True,2,Standard Complexity,0.22022715545662527,6.572777777777777,4.326341546022402,0.09460038,0
6f6b8a54d4857e3e,12,4,0,144,3,7,1,20.51,4.39,6.29,True,0,Standard Complexity,0.5462600113503754,10.804666666666666,5.561590739667524,0.09453458,0
862e12c0f0d641d8,32,13,8,150,0,5,6,16.0,11.54,6.32,True,2,Standard Complexity,0.03162277660165503,6.019230769230768,4.419794277968837,0.09446,0
5dc11b2bbc63e64b,30,0,0,116,4,4,8,13.44,2.93,6.35,True,2,Standard Complexity,0.1969771560353274,8.757,4.240917471491281,0.09441347,0
72cad0f08c0a56de,132,52,0,12,1,6,0,11.44,6.29,10.41,True,2,Standard Complexity,0.02999999999974534,2.305384615384616,1.920720279096502,0.094079934,0
4222d18ac0687607,48,5,0,87,6,10,0,14.75,12.21,6.24,True,2,Standard Complexity,2.440430289928245,5.870769230769229,4.390627187611323,0.093607016,0
1dcf044ffe257259,46,11,0,45,6,4,9,12.14,2.88,6.66,True,2,Standard Complexity,0.014142135623878865,3.4805263157894735,4.223681947859699,0.09351696,0
2c611dd1b16b4025,21,4,0,69,3,6,0,16.02,5.26,6.93,True,2,Standard Complexity,0.06324555320331006,8.852142857142857,4.410667553251562,0.093414575,0
e38b325309013511,30,1,0,54,1,8,1,13.93,9.66,6.29,True,2,Standard Complexity,3.5546167163281592,7.767272727272727,4.31830162513225,0.09340856,0
e3a197913ef47b55,26,0,0,95,2,5,0,20.06,14.57,6.3,True,3,Critical Complexity,0.05999999999994543,14.620000000000001,2.670091134524563,0.09329729,0
84f4458093a8e7cb,30,0,0,268,5,4,13,23.74,4.15,12.57,True,0,Standard Complexity,4.305624228843197,20.763571428571428,2.4375561741303144,0.093252264,0
629e05d7d25d6424,40,14,0,31,0,1,0,16.12,2.53,6.51,True,2,Standard Complexity,0.11401754250949103,3.392631578947368,3.6807591352375053,0.09316155,0
4997740b15eab98f,35,0,0,79,4,0,0,17.34,13.66,6.3,True,3,Critical Complexity,14.561940117992954,13.31142857142857,3.0854702284436715,0.09293553,0
332d0b8140b60191,50,6,4,154,4,14,3,13.91,4.71,6.62,True,2,Standard Complexity,0.010000000000218279,7.068157894736845,4.163916966197219,0.09259058,0
d508787a91305e33,55,19,9,66,1,4,0,13.9,8.04,7.59,True,2,Standard Complexity,0.08544003745317744,5.146511627906977,3.3425403817086736,0.092437215,0
ebaa39f750befb84,67,19,0,224,6,14,7,9.59,3.68,9.63,True,2,Standard Complexity,0.1780449381476271,3.281034482758621,2.82694101133532,0.092351384,0
d8036e6d7e2a86a2,74,29,1,72,12,8,0,15.53,14.73,6.88,True,3,Critical Complexity,0.4973932046180871,3.4734693877551024,2.8479685212520316,0.09233737,0
4142820b012bcf07,34,11,1,123,2,7,4,16.4,3.65,6.32,True,2,Standard Complexity,3.5968041370083013,5.466538461538462,4.602962208695021,0.092013516,0
f858acba0f927c84,7,0,0,116,1,4,1,21.79,1.94,6.29,True,0,Standard Complexity,3.3443983016380514,14.995,7.195810702531484,0.09160893,0
1e7b8089ad497e47,36,17,4,124,4,3,2,15.97,8.62,9.62,True,2,Standard Complexity,0.07211102550921421,4.812564102564102,4.325494913404808,0.09160744,0
526ef372aba76ee8,35,18,1,97,0,4,2,12.41,5.92,6.3,True,2,Standard Complexity,0.022360679774996627,3.834827586206896,3.843913792755445,0.09159126,0
69a2e137eed8cde9,50,3,0,32,2,0,1,13.08,3.98,6.32,True,2,Standard Complexity,3.1600632905052835,5.127,4.428744856051204,0.09132024,0
de46c887c59d70df,37,2,0,64,6,6,4,17.86,3.82,6.24,True,2,Standard Complexity,0.170880074906142,8.467222222222222,3.9602845093581003,0.09131785,0
f84a2c81fec0b16,12,0,0,126,1,10,1,18.4,5.13,6.26,True,2,Standard Complexity,0.5099019513594212,11.866666666666665,6.07302963016721,0.09122639,0
53328360c292aad3,38,13,0,77,8,0,8,12.43,12.08,9.23,True,2,Standard Complexity,0.13000000000010914,5.6696,3.921831694501945,0.09120976,0
b07fd38538f2b967,36,5,2,89,1,7,0,17.41,3.86,6.3,True,2,Standard Complexity,0.7951100552762528,6.669629629629628,4.081578744555956,0.09119674,0
b96af75f3773071d,9,0,0,323,4,16,8,27.94,9.68,6.29,True,0,Standard Complexity,9.119347564381917,21.375555555555554,4.360897234670639,0.090952165,0
c9084b4e45f22cc2,44,0,0,211,5,4,6,14.76,7.71,6.29,True,2,Standard Complexity,8.939854584947101,9.268888888888888,4.173848329365025,0.09095172,0
95c5e292611fc1d4,48,2,3,55,9,13,1,14.94,4.93,6.6,True,2,Standard Complexity,4.975479876354302,5.650000000000001,4.1797348400745875,0.09092328,0
1cc24aa2fae612cc,13,14,1,484,0,16,18,13.3,2.92,6.64,True,2,Standard Complexity,0.014142135624039643,4.87625,4.35653801056527,0.09087229,0
5bbf8610473f63ec,16,0,0,148,4,3,10,18.43,10.67,6.27,True,2,Standard Complexity,7.10043660629402,12.565999999999999,5.230856908767435,0.09058056,0
5ef1d8db92176538,17,1,3,22,2,0,0,18.46,5.06,6.3,True,2,Standard Complexity,3.689119136053959,8.216666666666665,4.327806732180992,0.09033988,0
68e117ba62a484b5,25,13,0,72,6,8,2,12.72,7.91,6.32,True,2,Standard Complexity,1.0701868995644614,5.4072000000000005,4.26393763556645,0.090230644,0
7d28dec2c5642afb,14,0,0,412,5,12,17,26.43,9.69,6.29,True,0,Standard Complexity,13.717871555018785,21.7,3.2115339014246764,0.09019865,0
b32e7dbaa9054970,28,4,0,76,6,2,1,15.25,2.1,12.61,True,2,Standard Complexity,4.619134117992246,7.499166666666667,4.365595527022122,0.0901739,0
db5d815b63188137,9,1,0,188,0,5,10,21.57,6.3,6.29,True,0,Standard Complexity,4.243406650320658,11.818888888888887,6.913501194433404,0.09016471,0
519bd33bf0327411,6,0,0,312,2,9,16,21.19,1.5,0.06,True,0,Standard Complexity,6.942398720903217,15.769999999999998,5.3468433054778535,0.090064384,0
979770a55847d324,37,16,1,225,11,14,11,11.48,9.03,6.99,True,2,Standard Complexity,0.5003998401278714,5.052666666666667,3.601614391106053,0.08989097,0
b1ff94995bb0cdd,55,5,0,202,6,13,3,16.09,7.31,6.37,True,2,Standard Complexity,0.6506919393999872,6.414999999999999,3.997798842892835,0.08985056,0
6064b6c149683232,43,0,0,166,6,8,3,13.36,4.43,6.29,True,2,Standard Complexity,2.5933183375745683,9.185882352941176,3.687007488662491,0.089497335,0
804c309eeafba71f,13,0,0,95,2,4,3,23.98,4.62,6.29,True,0,Standard Complexity,5.056925943693445,14.64,6.634734357907632,0.08948032,0
f92775348122d542,44,14,0,46,3,0,3,11.46,10.96,6.75,True,2,Standard Complexity,0.13892443989425712,4.392941176470588,3.814303983545718,0.08938037,0
d7f8f18da8f83adc,29,0,0,71,4,1,8,15.33,3.29,6.24,True,2,Standard Complexity,23.90351647770642,11.815,3.4689587775008226,0.0885598,0
9b6e21624652bfc3,53,2,2,82,4,6,2,16.46,3.48,6.36,True,2,Standard Complexity,5.039543630131728,5.990714285714286,4.693724479536046,0.08854493,0
e7e69ec77e1d7a,76,12,3,248,14,17,10,11.15,8.23,7.12,True,2,Standard Complexity,0.08944271909991024,4.196153846153846,3.1006352660792653,0.08853408,0
fd088881c9479e4d,20,4,0,137,12,3,9,15.62,2.97,6.32,True,2,Standard Complexity,0.1264911064057573,5.04125,4.79774800687781,0.08836276,0
4debba46433730be,24,3,3,94,6,4,0,15.3,7.03,3.41,True,2,Standard Complexity,0.55,7.877058823529412,4.425230821106307,0.08832453,0
1e2d313c50421999,37,18,0,54,7,8,0,12.31,9.56,7.0,True,2,Standard Complexity,0.14212670403606162,5.097931034482759,4.008931734317282,0.08819935,0
e86c7d3fd27cb9d1,34,2,0,48,6,0,0,12.94,3.09,6.35,True,2,Standard Complexity,5.180086871858431,6.518000000000001,4.193453946331115,0.08813257,0
e1801ed212ba8877,16,42,1,32,0,3,0,13.08,5.95,6.35,True,2,Standard Complexity,0.23409399821464583,3.537627118644068,3.2432999197474897,0.08808959,0
bab7906d842a08fc,15,4,1,118,1,4,4,16.4,3.01,6.3,True,2,Standard Complexity,0.014142135624039643,8.495,5.406165461766778,0.08796602,0
92d74dfa21511602,58,7,0,57,5,0,2,12.24,2.62,6.34,True,2,Standard Complexity,1.3200378782443707,4.930000000000001,3.73322342525292,0.087883376,0
e0810a0842ef700b,19,0,3,61,3,0,1,16.32,6.64,6.29,True,2,Standard Complexity,3.8225645841502733,11.363125,3.890976289361707,0.087793685,0
80373742ccf4e228,50,24,0,426,0,4,6,16.0,6.94,8.53,True,2,Standard Complexity,0.02828427124775773,2.99264705882353,3.436373181151664,0.087785766,0
1f6b3179793a442f,47,2,0,143,6,5,10,15.15,4.49,6.28,True,2,Standard Complexity,4.128195731793639,9.346428571428572,4.041786392784502,0.08774593,0
fe3c4355eedd00d5,62,1,0,160,8,11,2,11.86,1.11,6.31,True,2,Standard Complexity,14.943215852018067,5.754,4.2441140418230985,0.08772808,0
c5b017a2e0891550,26,3,2,125,1,6,3,16.92,10.05,6.36,True,2,Standard Complexity,1.4190489773086377,6.7525,4.59020764780854,0.08770901,0
d7b0d3b40a0634be,13,8,1,50,8,1,0,13.5,10.23,6.43,True,2,Standard Complexity,0.05000000000009095,5.550666666666666,4.761345001385871,0.08768356,0
92f785945871e374,42,5,2,21,2,0,0,12.38,10.03,7.11,True,2,Standard Complexity,0.20615528128090507,5.959166666666667,4.345736336405553,0.087447,0
6c49be0a846b4e98,106,59,0,154,7,18,3,10.8,9.62,7.4,True,2,Standard Complexity,0.03162277660176289,2.8805882352941174,2.362492877270894,0.08694756,0
dbb9ebd3d4de1ac4,12,53,9,22,4,3,1,13.98,8.73,8.98,True,2,Standard Complexity,0.08544003745301777,3.4158333333333335,3.2692543959679177,0.086902924,0
55b14d3e00e3fc52,23,2,1,122,2,4,2,14.7,1.37,6.35,True,2,Standard Complexity,6.037913546913337,6.884000000000002,4.974792860009349,0.08686628,0
e5275c298145d060,13,1,2,102,2,4,3,21.64,2.44,6.4,True,0,Standard Complexity,3.3600595232824184,10.069375,6.251319329499574,0.08670661,0
dcb07932e50003cf,42,5,5,80,2,4,1,14.57,4.3,9.43,True,2,Standard Complexity,0.050990195135881475,7.284411764705883,4.315680841369931,0.086551644,0
5ccd7a05a6397b12,30,1,2,107,7,6,3,16.78,5.32,6.51,True,2,Standard Complexity,0.4810405388320833,10.641428571428573,3.7571408654711367,0.0863853,0
e0ce8836ef8c041d,25,0,0,67,6,4,0,14.4,2.86,6.31,True,2,Standard Complexity,0.0707106781181081,9.323333333333332,3.526575298123284,0.08633181,0
c67fd3bf08e53239,39,2,7,113,4,6,1,14.18,4.38,6.41,True,2,Standard Complexity,0.2154065922852898,7.705652173913043,4.005912832070544,0.086291455,0
b5605543065650b9,15,1,0,222,4,16,10,20.03,2.58,6.3,True,2,Standard Complexity,13.251181079435899,11.688,6.113478224382582,0.085815966,0
cc3d39a638b5ccbf,7,1,0,83,8,0,7,15.43,2.4,6.27,True,2,Standard Complexity,69.79390302884703,9.376666666666667,5.792554608192217,0.08577304,0
f0f54801e326be43,48,2,0,98,0,4,0,15.79,3.55,7.31,True,2,Standard Complexity,0.06708203932533942,7.409459459459459,3.5536216364214903,0.085690744,0
39194a05abb1816a,12,2,0,240,3,12,2,18.68,5.18,6.31,True,2,Standard Complexity,3.821256337907629,10.370714285714287,6.885252837235032,0.08560934,0
efe009565242ea92,10,2,0,83,6,3,2,14.49,4.01,6.19,True,2,Standard Complexity,0.3765634076751778,9.97,4.829330526411848,0.08540432,0
e709d76c68241350,44,23,6,53,4,4,0,17.07,13.52,6.59,True,3,Critical Complexity,0.2501999200639357,4.1213461538461535,3.700928173001467,0.08515867,0
60d8c1e0a5cfce36,25,0,0,81,0,4,0,18.5,3.82,6.31,True,2,Standard Complexity,2.1377558326417825,14.565333333333337,2.645282257571434,0.08497157,0
30bdda2349f10456,39,8,1,54,4,5,2,14.53,3.2,6.84,True,2,Standard Complexity,0.904433524367598,5.934444444444444,4.394438685204823,0.084894486,0
f6ef3def378f912,51,34,1,51,5,4,2,11.46,4.33,7.23,True,2,Standard Complexity,0.3905124837945875,2.61875,2.7514488796813943,0.08456962,0
d023e55d8a386d09,43,11,2,121,8,10,5,12.0,8.84,6.44,True,2,Standard Complexity,0.16155494421454264,4.9055,4.274762537264497,0.08412686,0
95461aedc89c8c93,85,37,1,113,13,17,1,10.78,9.03,6.64,True,2,Standard Complexity,0.04242640687083271,2.5913333333333335,2.428584041050349,0.08379155,0
ff298c85fc4841b9,39,15,7,51,1,6,0,15.52,5.23,6.84,True,2,Standard Complexity,0.44384682042342133,4.524117647058823,3.733977628124684,0.0836389,0
ed55ba4184a82cdc,102,90,1,90,5,6,3,10.4,6.09,11.64,True,2,Standard Complexity,0.014142135623798477,1.9393518518518518,2.2012405059623004,0.083581336,0
31698c25d264be6b,14,1,0,152,4,7,2,20.87,1.32,9.15,True,2,Standard Complexity,3.6347764718066697,16.5375,6.050528386017208,0.08334773,0
9d1d13754b144177,67,12,5,33,2,4,1,10.9,7.23,6.35,True,2,Standard Complexity,0.03162277660165503,3.3556521739130427,3.2336986846898457,0.083256446,0
75ff4eed99c41ddb,3,1,0,105,10,4,3,16.07,2.13,6.29,True,2,Standard Complexity,39.7457331043232,10.915,6.227075959067787,0.083116114,0
71d1349ed0c01699,38,1,0,119,7,1,12,11.83,3.29,6.28,True,2,Standard Complexity,11.214940927173803,7.063333333333333,4.468040833395426,0.08304048,0
277bae1ee8645e8e,35,0,1,118,0,3,6,14.37,2.92,6.28,True,2,Standard Complexity,3.9091942903877657,8.294285714285715,3.664711476239519,0.08286679,0
a28a2867483238bb,37,1,0,113,7,6,2,15.27,6.86,6.31,True,2,Standard Complexity,2.9740544715925297,8.148125,3.9078898058127223,0.08277315,0
81a8942471fd63f0,4,9,0,105,8,3,8,18.03,1.54,6.32,True,2,Standard Complexity,0.036055512753661166,4.105384615384616,4.793589654439347,0.08255822,0
bbd11fe99796ec15,35,1,0,109,3,3,1,16.81,5.16,6.32,True,2,Standard Complexity,0.7308214556237599,9.113684210526316,3.9313827894417903,0.08247297,0
b5a14a995e3fe41b,22,5,0,88,6,5,2,15.31,1.64,6.64,True,2,Standard Complexity,3.6133779210040107,6.220000000000001,4.76235359509412,0.08245708,0
ea7f7e0f304abeaf,15,0,0,125,7,0,5,27.27,3.7,6.29,True,0,Standard Complexity,9.737864242224369,22.35,4.268662554009159,0.0822472,0
7856158b28a51622,36,3,0,191,1,4,10,14.87,4.45,6.31,True,2,Standard Complexity,0.5777542730259727,8.7392,3.850195756062281,0.08198097,0
d4b39e0a09ca4c8b,30,0,0,180,4,0,7,27.53,3.27,12.58,True,0,Standard Complexity,3.7170418345775285,23.267500000000002,2.068282802229908,0.081967086,0
f536d953d125558a,13,1,0,194,0,8,9,17.18,5.61,6.31,True,2,Standard Complexity,9.484650757934029,10.34,6.543097508061453,0.08187938,0
b43d5f64aeaed19c,24,12,2,233,9,15,8,9.4,1.33,7.32,True,2,Standard Complexity,0.009999999999990905,3.217727272727273,3.45880553714742,0.08184911,0
a5348de21471e1d1,41,5,1,81,7,4,1,14.06,3.82,6.31,True,2,Standard Complexity,1.8388311504866017,6.494285714285716,4.4704996753091,0.08184112,0
8de98d1beb2de37d,36,5,0,70,6,4,1,11.6,5.16,6.31,True,2,Standard Complexity,0.24413111231597945,5.51,4.511071229360454,0.0816348,0
f8eb26fb0765a309,50,39,5,26,1,1,2,12.89,4.33,9.55,True,2,Standard Complexity,0.2505992817226599,3.3428378378378376,2.664328179744212,0.08160246,0
918f03ca2ded0bca,16,0,0,211,11,21,7,17.68,13.51,6.28,True,3,Critical Complexity,6.810646078016358,12.804285714285713,4.229639826418379,0.08152981,0
638f0c7238b9dbd,20,4,0,155,3,3,19,11.95,9.58,7.1,True,2,Standard Complexity,2.0268448386594327,6.464444444444444,4.565401554959288,0.0814872,0
bf7939de0c64aa7f,9,0,0,224,7,1,11,24.04,2.02,6.29,True,0,Standard Complexity,26.432680529979745,21.242857142857144,3.7915609838004123,0.08147464,0
b29185038dd0b4cd,67,0,0,117,0,10,0,15.49,10.28,7.79,True,2,Standard Complexity,0.19999999999988632,8.70813953488372,3.0048845938555577,0.08135375,0
849c82d80a254654,37,0,0,249,3,9,3,21.54,3.6,6.21,True,0,Standard Complexity,0.5234500931320196,12.67263157894737,3.2403067465340913,0.08134592,0
9e8586f54e56311e,23,12,0,65,6,7,1,12.77,8.06,6.35,True,2,Standard Complexity,0.22203603311186068,5.697619047619048,4.281177969584567,0.081147544,0
5c4478c9b55d41f0,38,3,0,64,4,0,7,10.69,2.14,6.03,True,2,Standard Complexity,1.8252671037407189,4.540000000000001,4.390507943279456,0.080776244,0
d59911cda0aa44e5,27,0,0,88,8,6,3,14.49,10.09,6.26,True,2,Standard Complexity,0.376430604494352,9.921666666666665,3.4151756909418296,0.080733806,0
5c67b276bcdb7a5b,47,4,1,87,4,6,2,13.11,5.05,7.36,True,2,Standard Complexity,0.02999999999974534,5.6370000000000005,4.608409812505828,0.08069016,0
2063f1d52629f2b7,43,0,0,130,1,0,9,15.38,12.53,6.33,True,3,Critical Complexity,2.3146490014689025,6.4325,4.26174480113486,0.08055354,0
45a31d46dbef717e,18,1,0,126,6,4,9,14.6,4.52,6.26,True,2,Standard Complexity,47.14813782112837,9.205,4.976477167635757,0.08042279,0
35e4d9c70b898799,72,28,1,219,14,9,11,9.43,7.44,7.47,True,2,Standard Complexity,0.022360679774875877,3.49625,2.632115772054869,0.080274805,0
c0044b80bb73bf02,36,3,0,45,3,0,0,12.64,6.46,6.6,True,2,Standard Complexity,2.763837911311062,4.66857142857143,4.394348411219083,0.08017472,0
e3865ddb9603800f,14,0,0,211,4,4,10,25.49,4.16,6.31,True,0,Standard Complexity,8.901876206733538,12.902500000000002,6.2028812189712825,0.080110654,0
5a490b906e374c68,37,1,0,72,6,6,5,14.94,9.04,18.84,True,2,Standard Complexity,11.316227286512222,7.730769230769231,3.9054330234420505,0.0801083,0
ae3fdbc89a66eb47,59,7,3,50,2,2,1,15.67,8.21,6.31,True,2,Standard Complexity,0.5721887800365246,5.459705882352942,3.6051543862626647,0.079982296,0
d872e452acd142a0,9,0,0,483,3,7,20,20.3,2.35,12.55,True,2,Standard Complexity,19.9568534594009,15.995,5.124141391491847,0.079838276,0
2b72e5de418104d,33,22,3,154,5,11,8,14.29,4.93,7.01,True,2,Standard Complexity,0.5643580423808364,4.958333333333333,3.9947393482325553,0.07980745,0
9d478554f538467d,30,3,2,69,5,4,0,13.3,2.6,6.32,True,2,Standard Complexity,1.2379418403140499,6.755,4.246227148893474,0.07979598,0
3af821bfc97cd7e5,10,0,0,78,0,5,0,19.21,5.07,0.05,True,2,Standard Complexity,1.5976545308668018,12.898000000000001,5.072967179077744,0.079731405,0
2950632df1bd5898,53,44,0,62,2,8,0,11.73,8.01,8.26,True,2,Standard Complexity,0.05830951894859494,2.6509433962264155,2.5376406098422493,0.079632536,0
41fb5db771c25297,31,28,1,171,5,11,11,14.34,6.92,6.75,True,2,Standard Complexity,0.2701851217220569,3.7063157894736842,3.7506100704121463,0.079541825,0
bb4fb61948e35657,36,4,0,58,0,4,0,15.25,3.93,6.89,True,2,Standard Complexity,2.6257379914988404,5.048666666666666,4.687742692976605,0.079452544,0
7361419bf6c4121b,18,0,1,70,5,4,2,14.59,1.87,6.29,True,2,Standard Complexity,2.0319940944795865,9.214,4.243086612361337,0.079101674,0
4f8ac349e1133e22,15,1,0,188,2,6,1,20.88,4.16,6.4,True,0,Standard Complexity,3.3107400985286755,11.545,6.121375798516757,0.07908749,0
4721cd6b30027179,27,0,0,53,1,0,7,15.25,3.81,6.29,True,2,Standard Complexity,18.318864593637393,5.507777777777778,4.640258081370948,0.0788393,0
72c447912b935e94,72,3,0,170,3,7,7,10.37,2.63,6.3,True,2,Standard Complexity,2.93436534875971,3.3975,3.3414433632788088,0.078778856,0
833740cd970e650c,75,63,3,114,6,12,3,10.16,9.66,8.01,True,2,Standard Complexity,0.1252996408611031,2.7725301204819277,2.2580761847913084,0.078630395,0
6aee96043423e7c4,46,2,0,97,6,0,8,12.47,2.71,12.57,True,2,Standard Complexity,18.01852935175383,5.382,4.614660984297764,0.078504376,0
589267cf6c864dd6,43,0,0,62,9,1,3,12.56,10.68,6.31,True,2,Standard Complexity,7.365500661869423,6.719999999999999,3.729106237871661,0.07849632,0
dac154bc88bef47,38,5,0,83,2,4,3,13.39,5.77,6.3,True,2,Standard Complexity,1.4536161804273315,6.5988461538461545,4.4676429226185554,0.07838688,0
73044ae06ae283b5,110,6,0,199,0,1,5,18.16,7.09,9.3,True,2,Standard Complexity,0.05830951894793204,4.057659574468086,2.9991759242391876,0.07828542,0
6773aad54f442bf9,69,2,0,148,0,8,2,14.13,3.79,6.33,True,2,Standard Complexity,0.464865571966786,5.866071428571429,3.2920448912988003,0.07827377,0
8faa77a14c1d9214,15,8,0,118,3,8,0,13.64,1.98,6.91,True,2,Standard Complexity,1.0679419459881125,6.3394736842105255,5.269792239672023,0.07824593,0
d7e3022e6ea9d7e7,48,12,4,41,5,6,1,13.28,5.13,9.43,True,2,Standard Complexity,0.4904079934093503,4.495454545454545,3.798908607951795,0.07820965,0
7ad62b191ffaf202,21,4,0,92,3,5,3,16.47,5.12,6.3,True,2,Standard Complexity,1.1715374513860448,7.275499999999999,4.583377002822264,0.07820732,0
3f9aad4370a8ed65,26,4,3,50,0,4,0,13.2,3.97,6.29,True,2,Standard Complexity,0.05656854249358614,6.710000000000002,4.273342038020481,0.07819776,0
16232a022b9e12d9,18,0,0,407,7,5,4,24.79,8.69,6.3,True,0,Standard Complexity,3.364342432035792,18.734375,2.6882079736089985,0.078167096,0
aa36e1457b143f2,25,8,0,62,4,0,9,12.41,7.39,6.61,True,2,Standard Complexity,0.16124515496588074,5.376250000000001,4.382684501250346,0.077904254,0
494a71a4bdc599db,11,0,0,213,4,5,10,24.38,1.4,0.01,True,0,Standard Complexity,6.866185258205836,17.869,5.1707764407291865,0.07784726,0
21951b1a6b61cbb,44,1,1,63,0,6,3,14.98,3.36,7.42,True,2,Standard Complexity,4.194150688756887,5.790625,4.749129484376584,0.077821724,0
3067aed90f84cd36,57,1,0,117,2,11,1,16.1,5.11,6.31,True,2,Standard Complexity,0.2061552812813242,6.392647058823529,3.71860213206643,0.07760972,0
735de68cea87d713,7,0,1,106,1,3,1,17.12,1.75,6.29,True,2,Standard Complexity,10.779930426491505,9.942499999999999,5.280702486412201,0.0775371,0
62907435b202641a,22,0,0,50,3,0,6,14.44,1.4,6.29,True,2,Standard Complexity,13.87259168288339,9.203333333333333,3.8986436387828807,0.077257276,0
b0ea828015f170ae,167,51,0,238,7,9,7,7.43,5.56,8.54,True,2,Standard Complexity,0.0984885780181716,1.9418181818181817,1.394756315297895,0.077073134,0
5b554f8e6d6245e1,41,6,5,102,7,6,1,17.8,4.54,9.03,True,2,Standard Complexity,0.8780091115699163,6.7930769230769235,4.124840108072041,0.077016376,0
a79c0c6bb6749adc,154,5,3,154,4,5,6,11.31,5.08,6.61,True,2,Standard Complexity,0.29120439557183037,2.6339130434782607,2.7677753413643695,0.07687479,0
dc963f1e8ef01d86,33,1,0,100,7,6,1,13.26,2.22,6.29,True,2,Standard Complexity,1.2083045973595663,8.830833333333334,3.6553304874145405,0.07681805,0
1a6319aa702380d9,26,1,0,113,3,6,2,15.09,1.4,6.31,True,2,Standard Complexity,13.61996328923155,9.002,4.506057700473885,0.07680761,0
eb9d166181416245,14,0,0,171,0,5,8,20.37,3.32,6.31,True,2,Standard Complexity,4.051234379790773,11.248888888888889,5.5498337201206,0.07675743,0
631c9f323a739b6d,115,8,2,57,12,0,0,10.65,4.51,6.78,True,2,Standard Complexity,0.3701351104672409,4.649166666666667,3.0140544629378474,0.07666549,0
564626f4140418d8,62,3,0,52,6,1,1,11.23,1.2,11.25,True,2,Standard Complexity,0.8500000000000428,4.5344444444444445,3.9562752154326817,0.07658201,0
9f1f7805ee1ef62d,40,2,1,220,0,6,3,17.44,3.94,6.31,True,2,Standard Complexity,2.464568927824881,8.633125,4.021664330146787,0.076339856,0
965d9093a6e097be,44,17,0,136,5,9,2,13.21,8.29,6.56,True,2,Standard Complexity,0.09999999999990905,5.056666666666667,3.7677833606766,0.07563828,0
d83f193f9168a7ed,20,3,0,40,2,1,3,13.38,2.52,6.3,True,2,Standard Complexity,0.09899494936626778,8.094375000000001,3.8271855990237786,0.07526025,0
af592e53132a61aa,36,2,1,26,2,0,1,13.12,1.99,6.3,True,2,Standard Complexity,0.46227697325312517,6.341666666666666,4.169056314749844,0.07460702,0
bfd74155bd393799,48,7,1,211,14,12,11,13.88,11.65,6.38,True,2,Standard Complexity,2.078581246908415,5.13925925925926,3.2809911848413824,0.07392874,0
ad65d38bd351dd87,29,2,0,46,5,4,0,15.7,4.02,9.43,True,2,Standard Complexity,1.0347946656225084,6.395,4.224620298519936,0.07377492,0
358dd2c17c1da150,11,0,0,345,11,6,9,23.61,2.88,0.06,True,0,Standard Complexity,9.47052796838757,18.55,4.591892855892873,0.07351798,0
348a31a3abae642,40,16,2,122,1,5,3,16.48,7.88,6.76,True,2,Standard Complexity,0.030000000000654836,5.791944444444444,3.9665390871951476,0.07348836,0
faf37c5c420bb283,26,7,3,95,6,3,2,16.65,15.89,12.62,True,3,Critical Complexity,0.31384709652913917,7.988709677419355,3.866097258539546,0.073428415,0
fab9a90f06fb0fa8,46,0,0,113,0,4,1,16.91,10.21,6.29,True,2,Standard Complexity,3.0567957079267813,12.876666666666667,3.2044815840042244,0.073148906,0
337181acde23f2e8,44,6,3,154,16,1,0,9.62,5.12,7.45,True,2,Standard Complexity,0.5879625838435204,4.1708333333333325,2.7951936675101585,0.07302848,0
5367eb69b6c07ad7,41,10,0,47,5,0,0,13.61,12.94,6.81,True,2,Standard Complexity,0.32202484376149587,2.754375,3.3023343424576197,0.07278186,0
a186cbb45c1b58c2,7,1,0,23,1,0,1,14.38,0.76,3.14,True,2,Standard Complexity,52.60434677856932,7.580000000000001,5.306756699403758,0.07271062,0
b07265e0db92cc10,30,1,2,105,7,4,1,13.36,5.6,6.28,True,2,Standard Complexity,0.1749285568459018,8.009285714285713,3.898929274787621,0.07246553,0
d402a7c806cc2efc,21,1,0,100,6,0,11,11.74,1.23,0.4,True,2,Standard Complexity,7.611839462311665,7.9175,4.110203005935351,0.07236953,0
4db15bf6c91a17d8,58,4,0,69,5,0,12,10.15,7.66,6.7,True,2,Standard Complexity,0.752728370661529,5.504375,3.755492592107592,0.0723689,0
dee2e510804392cc,17,0,0,151,3,0,7,23.86,3.18,6.3,True,0,Standard Complexity,4.17043163233733,21.308,2.4811588690233717,0.07226036,0
73f3878ae370ced5,42,9,2,26,3,0,0,13.35,2.27,6.33,True,2,Standard Complexity,0.41761226035647775,4.418235294117647,3.954391803156583,0.072251566,0
8d4f0ab70d5fec36,30,1,1,119,9,0,1,12.23,7.34,6.13,True,2,Standard Complexity,31.626956856454004,6.530000000000001,4.45847881382578,0.072201274,0
5776120b694e4bc5,16,0,0,208,11,7,7,16.34,6.84,6.28,True,2,Standard Complexity,1.0558882516632815,10.147142857142857,4.228504343097194,0.07201345,0
10810393add927f8,32,15,0,271,15,19,11,10.26,5.7,6.33,True,2,Standard Complexity,0.05656854249487235,4.2956,3.2592675005283014,0.07189915,0
fa12cf864764768a,50,3,4,133,5,6,0,13.83,5.04,6.38,True,2,Standard Complexity,0.21260291625449962,8.554347826086957,3.5220631627634496,0.07186846,0
281948870fda9eb2,19,10,1,68,6,0,0,12.36,8.3,6.42,True,2,Standard Complexity,0.7800640999303653,4.913125,4.248049138648822,0.07173088,0
8d715418c24f65a,21,0,0,280,1,4,10,18.97,3.79,6.3,True,2,Standard Complexity,0.03605551275485935,11.363,3.0312540309251546,0.071672805,0
3b50d68e09b3c55e,13,0,0,88,4,3,4,18.6,2.84,6.39,True,2,Standard Complexity,4.694390269246825,11.18875,5.0741364721004505,0.071291044,0
52c7e6dee06d6c85,38,9,0,90,7,4,1,11.2,1.1,6.32,True,2,Standard Complexity,0.41773197148417485,3.27,3.545611884620712,0.07122807,0
5c7a350ec87f2c7c,19,0,0,189,1,3,6,20.89,6.68,6.28,True,0,Standard Complexity,0.21260291625449962,16.450000000000003,2.823830409535633,0.0711971,0
89858fbdb850d009,9,1,0,210,2,8,9,26.08,16.13,6.32,True,3,Critical Complexity,3.8910152916684164,14.344,5.906107347483618,0.07086614,0
b38f503473ef03e,105,64,3,65,6,8,2,12.01,8.72,7.12,True,2,Standard Complexity,0.029999999999972715,1.8802564102564099,2.264122615121598,0.07080028,0
caf79a9574057a6a,23,0,0,170,2,4,3,25.87,3.68,18.84,True,0,Standard Complexity,1.7827226368675804,21.968181818181815,1.587418248041415,0.0706978,0
70c324355286bf0d,42,17,3,93,3,4,1,11.89,9.4,6.59,True,2,Standard Complexity,0.014142135623878865,3.9057142857142852,4.032829057136148,0.07042029,0
1518054621499d59,141,67,0,58,4,2,9,9.49,4.46,9.4,True,2,Standard Complexity,0.014142135624039643,2.1796470588235293,1.9004937111237072,0.070319556,0
57c5e04703fe7b06,12,0,0,403,6,8,9,28.33,2.17,0.02,True,0,Standard Complexity,5.883961250721282,18.77125,4.595904256781248,0.070311,0
bf7cc531c443036c,41,0,0,110,1,5,4,27.18,11.53,6.3,True,0,Standard Complexity,3.2811278548694003,21.36388888888889,2.4847661166236525,0.07026889,0
d4aafcff9505aab6,21,0,0,182,7,1,5,24.57,2.13,6.29,True,0,Standard Complexity,6.687189245116384,20.21833333333333,2.441218388883351,0.070197314,0
83ab69c1a41c97dc,32,1,1,75,7,3,2,13.47,4.92,18.88,True,2,Standard Complexity,0.16124515496582434,6.391428571428571,4.36424900615846,0.070075154,0
679db9682a4aa17a,38,8,2,119,10,3,8,12.96,2.65,6.72,True,2,Standard Complexity,1.3644412775933137,4.67,3.9103744796922673,0.069977865,0
5d3eaca942c248a7,83,1,0,90,0,6,0,12.53,5.98,6.38,True,2,Standard Complexity,0.09433981132054049,6.823409090909092,3.067452261747389,0.06993288,0
59f9c4181793092f,24,2,0,122,7,1,9,13.31,0.94,11.64,True,2,Standard Complexity,0.40199502484546545,6.262857142857143,4.568306076453642,0.06989663,0
7b41fda4e6766397,10,0,0,54,4,0,4,18.64,1.3,6.28,True,2,Standard Complexity,6.964553108419716,10.337500000000002,4.79677170084214,0.06982569,0
697040602a172454,16,12,6,66,1,5,0,16.17,12.67,6.41,True,3,Critical Complexity,0.050990195135881475,4.1000000000000005,4.409140299629644,0.069674954,0
c87585ecc0dd6414,104,43,0,57,0,4,3,4.3,2.85,6.89,True,2,Standard Complexity,0.03999999999999204,1.7975510204081633,0.7730182842631093,0.06965877,0
424db10283c77c66,47,2,0,72,1,6,0,15.09,3.85,6.29,True,2,Standard Complexity,0.30528675044970377,6.158076923076921,4.125831402676751,0.06948797,0
131af5a3edd6de1,16,0,2,134,5,4,6,21.44,5.49,6.29,True,0,Standard Complexity,3.114482300479327,14.877142857142859,4.30226921614202,0.06933714,0
a188373144216f89,27,0,0,206,4,0,17,22.95,3.75,6.29,True,0,Standard Complexity,3.959608566511813,20.790000000000003,1.4024429235609388,0.06927045,0
9ed14a5fdbb94099,36,10,0,65,4,3,4,14.41,2.7,6.46,True,2,Standard Complexity,0.8000000000002728,3.7364285714285717,3.676626184702603,0.069217905,0
fc1c481a2622d234,50,0,0,73,6,5,3,11.63,6.89,6.21,True,2,Standard Complexity,23.629297492731517,5.4316666666666675,4.170257452750636,0.06899959,0
cdc5ef9e869a5dd6,26,0,0,98,1,4,4,15.77,3.81,6.31,True,2,Standard Complexity,3.198280788173594,8.174166666666666,3.7410926619846716,0.06879911,0
65deb9c254673aa2,9,0,1,175,4,14,8,23.83,6.18,6.31,True,0,Standard Complexity,5.36765311844903,17.463,5.058098555781609,0.068627305,0
983b6295823fa182,44,32,1,147,2,13,0,10.29,5.04,7.11,True,2,Standard Complexity,0.2501999200639266,2.9504347826086956,3.1260803047640424,0.068592794,0
e8aa90dfdc47372b,36,14,3,76,3,0,2,14.03,7.73,6.29,True,2,Standard Complexity,1.0339245620450688,5.08576923076923,3.7750488260489097,0.06857668,0
a5031de0322af15c,15,2,0,112,0,5,6,20.38,4.72,6.19,True,0,Standard Complexity,3.5395621198105958,14.830625000000001,4.799738884499344,0.068387724,0
15b54a66a1a12948,12,3,2,132,5,3,2,18.63,2.05,6.3,True,2,Standard Complexity,1.233207200757251,8.315,5.2510961440717985,0.06816851,0
3e3540ee7a507082,45,1,1,129,0,7,0,18.71,5.89,6.3,True,2,Standard Complexity,0.600832755431877,13.262727272727274,3.224925907278804,0.067914605,0
e1b04fd0798b701a,47,4,5,71,4,4,0,15.43,4.79,6.32,True,2,Standard Complexity,0.42941821107168965,8.25741935483871,3.5112941899900165,0.06785758,0
1e8491d172f190c6,43,5,0,142,2,5,1,16.11,5.97,6.46,True,2,Standard Complexity,0.08246211251238851,6.1089473684210525,4.351513825805599,0.06776631,0
2ffbf671cec72c4,100,37,1,102,12,4,1,11.59,10.81,8.7,True,2,Standard Complexity,0.07615773105845039,2.8598181818181816,2.4992547914121714,0.06772187,0
948348a1391625ba,25,24,2,43,7,8,0,11.74,2.28,6.43,True,2,Standard Complexity,0.022360679775485982,2.9239393939393943,3.1023695141597027,0.0676948,0
d678fb22cab446f2,24,0,0,114,0,3,1,19.86,2.62,0.05,True,2,Standard Complexity,5.750217387194986,14.1475,2.8568838647496095,0.06760182,0
eb2be0ec31b69538,30,13,4,77,2,8,0,12.45,4.51,6.54,True,2,Standard Complexity,0.13601470508704686,5.740322580645161,3.8944298384884877,0.06671422,0
46ee010c862057a2,56,1,0,92,5,0,4,10.3,5.02,6.62,True,2,Standard Complexity,4.316676962665071,5.1675,3.6833909309222124,0.06664302,0
a82d19d65c56e54d,11,13,2,19,2,3,1,14.88,1.42,6.33,True,2,Standard Complexity,0.022360679775485982,2.7182352941176466,3.5426514418940975,0.066392265,0
99b174e129393b9,11,0,2,82,6,3,2,16.12,6.98,9.49,True,2,Standard Complexity,5.821039426081979,9.361428571428572,5.057990647258563,0.066256866,0
143f915e606fe9d2,12,1,2,119,2,9,0,17.37,5.01,0.07,True,2,Standard Complexity,2.366178353379223,10.430909090909092,5.357922688616371,0.0661192,0
3f8a51109763da5c,21,0,0,106,3,4,2,16.29,1.94,6.3,True,2,Standard Complexity,1.2790621564256672,7.473846153846155,4.131225443937797,0.066106305,0
d353f56ffad68156,56,2,1,84,4,6,1,19.11,11.09,9.41,True,3,Critical Complexity,0.8516454661420307,5.880909090909091,3.5884641465576155,0.066029325,0
fa6dac1b8c811ce1,85,47,2,105,4,8,3,9.86,2.3,9.38,True,2,Standard Complexity,0.14035668847629734,2.1529310344827586,2.054033885343742,0.065613225,0
845cf4aa9e2249ef,12,21,0,272,15,16,13,11.35,9.35,7.2,True,2,Standard Complexity,0.060827625302926874,2.894399999999999,3.3144532942854994,0.06550774,0
24c0b8df4f337bda,3,0,0,81,5,0,9,13.94,1.41,6.27,True,2,Standard Complexity,114.42886392864335,8.49,5.889759474432437,0.064986564,0
e21f622d93eac816,15,11,0,207,9,15,3,15.51,3.98,6.63,True,2,Standard Complexity,1.8429595763342803,5.4750000000000005,4.382791503555282,0.06495267,0
8094facd4fa4434d,24,4,0,94,5,10,5,13.36,10.27,6.87,True,2,Standard Complexity,2.7804496039308875,8.1,3.9226062764442724,0.0647587,0
7a25a092daa0a782,12,0,0,134,0,4,1,21.19,3.88,6.29,True,0,Standard Complexity,6.942117832477278,12.175,5.879007144067781,0.064693466,0
ea8ed8f8bb304823,37,1,4,72,4,0,2,16.64,8.71,6.3,True,2,Standard Complexity,3.077174028227341,7.775999999999999,3.4406720273806974,0.06442084,0
c13aab647e509deb,87,1,0,78,6,0,5,11.09,7.38,6.47,True,2,Standard Complexity,1.9902261178066871,5.290666666666667,3.0258364500121653,0.064252436,0
50a4b0b3f57fc707,14,0,0,120,3,0,6,21.95,2.16,6.29,True,0,Standard Complexity,11.267102555670428,16.248181818181816,4.683291030464908,0.06417656,0
da514dba26748dc1,33,1,0,52,3,0,5,11.05,2.44,6.31,True,2,Standard Complexity,2.677778930382009,5.031666666666667,4.237213772699645,0.06407869,0
8414ca1eba6b43da,15,2,0,186,5,7,3,14.73,4.84,6.28,True,2,Standard Complexity,20.79246979076866,9.049999999999999,5.855128805870399,0.064062715,0
c972deaa2de13ce4,21,0,0,153,3,14,3,13.39,4.51,0.18,True,2,Standard Complexity,1.0097524449091293,8.4865,3.743307728466897,0.06400067,0
785e7d19d7352457,30,0,0,64,5,0,6,10.64,2.95,0.05,True,2,Standard Complexity,2.931381926668643,8.223333333333334,3.396491653979965,0.063656494,0
460f9342fb0f14db,37,0,0,130,5,11,3,14.17,2.71,6.35,True,2,Standard Complexity,1.1792370414807647,8.9625,3.3732121807954307,0.06320618,0
bd7904818d92da09,29,1,0,132,4,4,6,13.5,4.02,6.32,True,2,Standard Complexity,7.179651802142984,8.111818181818181,4.306776516948859,0.063129514,0
8d7c567d975a8132,32,92,1,208,10,17,9,11.49,11.06,11.38,True,2,Standard Complexity,0.009999999999763531,2.778141592920354,2.3129824246555795,0.06301271,0
e606088ff1e616b6,53,6,0,121,5,6,0,14.86,7.54,6.32,True,2,Standard Complexity,1.7758941409891058,5.7595,4.032290261129523,0.06299371,0
917c0a2f7e00ab00,13,31,3,38,0,4,0,13.9,3.84,6.35,True,2,Standard Complexity,0.3492849839315976,3.304418604651163,3.5323266608177155,0.06281114,0
2c72ae692478798b,42,3,0,141,2,7,12,13.01,3.98,6.31,True,2,Standard Complexity,3.8563454202130885,8.279285714285715,3.9697759279797324,0.06261178,0
4a5b306a08a40070,17,0,0,69,0,2,0,19.16,8.85,6.32,True,2,Standard Complexity,6.678031146977436,14.688571428571427,2.656363941133651,0.062560335,0
d1679e899b90cfd5,6,0,0,597,0,19,21,19.08,3.69,0.01,True,2,Standard Complexity,1.2141251994749804,15.736666666666666,2.381796707436542,0.062454138,0
11ee2fff5c10a08e,64,0,0,191,10,8,5,14.56,10.1,6.21,True,2,Standard Complexity,0.5044799302249395,8.303170731707317,2.795743663032659,0.062294327,0
c3477c428344f961,19,23,1,82,4,12,3,11.97,7.57,6.66,True,2,Standard Complexity,0.009999999999990905,4.261351351351353,3.798010974581131,0.062189315,0
63fb3c924d6d23c0,42,5,2,90,1,6,4,13.82,5.92,6.97,True,2,Standard Complexity,1.0604244433248742,7.621428571428571,3.469899869166374,0.062093843,0
ee61192518f1295d,42,1,0,45,6,4,6,13.58,2.5,6.3,True,2,Standard Complexity,6.072758845862396,7.995454545454544,3.3951981161537375,0.062042996,0
b7fe9a7b720dbdcf,49,6,4,120,4,6,1,13.14,3.66,6.29,True,2,Standard Complexity,1.060047168761896,6.67032258064516,3.699495592358127,0.061727054,0
4c1a0c3676cbcac9,30,1,0,162,8,4,9,13.5,2.81,6.32,True,2,Standard Complexity,3.6501232855892285,6.214,4.050563417600075,0.061555658,0
b2f3eb6b0f24cab4,61,1,0,123,5,7,1,15.25,6.4,6.32,True,2,Standard Complexity,0.34713109915368995,8.463962264150945,3.240106764850907,0.06119591,0
18159c534c76d5b,125,55,1,32,4,5,4,6.05,3.28,9.47,True,2,Standard Complexity,0.010000000000218279,1.9523684210526315,1.3686142323158512,0.060702432,0
d2e8aca1b2cd4361,60,14,0,33,5,6,2,9.59,2.21,6.83,True,2,Standard Complexity,0.14035668847607055,2.2242105263157894,2.6821521519490625,0.060660385,0
8d610f10711a33b3,14,0,0,188,8,3,13,28.33,9.14,12.57,True,0,Standard Complexity,4.254609265255282,23.608333333333334,2.3558467456286047,0.06052841,0
b1fe15904e74fc45,31,1,3,104,7,6,1,16.02,4.32,6.28,True,2,Standard Complexity,3.203248351283388,10.472941176470588,3.300678655182156,0.060463436,0
c770856be4299208,18,19,2,32,5,4,0,13.42,8.39,7.29,True,2,Standard Complexity,0.16552945357366408,4.382962962962963,3.906996397551463,0.06038954,0
b0f7c2eb43ceb035,23,4,1,89,7,4,1,15.18,3.87,6.37,True,2,Standard Complexity,1.4179210133146438,6.519285714285714,4.240565097594751,0.06030577,0
5891463f5b72fd4e,38,5,0,34,3,0,5,11.75,5.14,7.07,True,2,Standard Complexity,0.11401754251012917,4.244999999999999,3.65997336055879,0.060174365,0
fff083fcfdf99de0,45,5,0,53,6,5,2,11.78,1.79,6.3,True,2,Standard Complexity,1.2330855606970352,6.195,3.968099671127226,0.059994467,0
49725034eaaab4f,12,0,1,192,16,4,5,13.26,2.27,0.06,True,2,Standard Complexity,27.720970401485236,8.565999999999999,4.066416604333599,0.059881125,0
cacec46b1b8ee97f,32,21,11,52,6,3,2,13.0,7.16,8.81,True,2,Standard Complexity,0.6140032573201026,4.641190476190476,3.4565508561081053,0.059358563,0
faac740a6f2452f8,22,1,1,88,3,4,2,14.42,1.95,6.29,True,2,Standard Complexity,7.664757008542443,9.224545454545455,4.179298252613412,0.05907835,0
49ea143383a32e58,15,1,0,398,3,7,9,18.28,0.91,6.28,True,2,Standard Complexity,4.440382866375437,13.44625,4.736045126210264,0.058959827,0
a1db004e73326037,55,4,0,323,4,11,2,13.77,5.03,7.11,True,2,Standard Complexity,0.09899494936634817,5.953846153846153,3.2692856707305618,0.058830235,0
39fc9fb83e34c90,37,2,6,72,8,2,0,12.57,4.27,6.3,True,2,Standard Complexity,0.06324555320331006,7.457500000000001,3.296296216968372,0.05856093,0
7af3452d8229706b,22,1,0,81,0,2,0,15.72,5.84,6.3,True,2,Standard Complexity,4.960252009726989,9.715909090909092,3.3878374157228826,0.05836852,0
518f72f36685949a,69,26,0,192,0,9,7,11.42,9.31,7.83,True,2,Standard Complexity,0.019999999999527063,2.053666666666667,2.545642660617463,0.057762902,0
8fc02628a0ba2a5d,39,6,1,49,3,1,3,12.05,3.01,7.28,True,2,Standard Complexity,1.556823689439301,6.162857142857144,4.011331738079658,0.057447445,0
ac09d1b461716853,16,0,3,106,5,0,4,15.68,2.74,6.29,True,2,Standard Complexity,1.3462912017835382,11.123999999999999,3.9853486673062872,0.057441678,0
99c22b4ac0757490,55,67,2,60,5,2,0,8.62,2.82,9.0,True,2,Standard Complexity,0.01999999999998181,2.00027027027027,2.0412860102402672,0.056775432,0
71cb15189130d7d3,49,0,0,121,3,6,1,14.48,3.5,6.32,True,2,Standard Complexity,0.36124783736368576,5.807317073170731,3.7102613308724015,0.056699805,0
789498b8ca028cad,113,8,2,115,7,0,12,10.07,10.01,6.32,True,2,Standard Complexity,0.7940403012442823,3.6861904761904762,2.775281154681151,0.0566357,0
882a965c3ed514f5,15,16,3,87,0,6,0,19.41,5.18,7.55,True,2,Standard Complexity,0.058309518949725775,4.864444444444445,4.575294633972146,0.056525882,0
8078b80ad3bb6391,33,1,0,167,1,5,1,15.99,7.57,6.29,True,2,Standard Complexity,0.5420332093148927,10.862083333333333,3.0775625896243857,0.05588919,0
67d3b904273403b2,32,75,10,35,0,3,0,14.98,10.94,6.42,True,2,Standard Complexity,0.40162171256056584,2.768613861386138,2.3105860684271953,0.055695545,0
798768c609959973,41,6,0,52,4,2,0,11.47,6.79,8.76,True,2,Standard Complexity,6.391901125643409,5.15625,4.186370556639725,0.055583544,0
e4589a4c6945a184,31,3,4,153,1,10,0,13.5,3.83,6.54,True,2,Standard Complexity,0.6512296062067,7.0665517241379305,3.8088366183462963,0.055457935,0
9a0271d44fadf88,30,16,0,208,15,12,10,10.39,5.15,7.18,True,2,Standard Complexity,0.022360679774875877,3.3446153846153845,3.0454483448749836,0.055456575,0
45d10beab2084eac,18,15,12,145,1,10,0,12.83,3.91,7.41,True,2,Standard Complexity,0.060827625302964254,5.31775,3.5914366815384615,0.055423737,0
d5ca8ab2eaf04078,381,20,0,44,3,5,1,14.32,4.17,8.68,True,2,Standard Complexity,0.014142135623718088,2.5836363636363635,2.3609417332430285,0.055375706,0
76438bb70522d24,53,2,0,50,4,11,4,11.39,2.76,6.34,True,2,Standard Complexity,14.086891069359877,4.65875,3.5542595484151125,0.05532221,0
746840798d65c437,26,9,4,66,2,4,1,11.9,9.35,7.33,True,2,Standard Complexity,0.04472135954995512,6.661153846153846,3.4563968866248307,0.05509671,0
36dc207f2e1acae6,167,27,0,47,8,7,0,11.35,5.25,9.18,True,2,Standard Complexity,0.2789265136195364,3.4062711864406774,2.2659931771742574,0.055060014,0
5464d02eae83fa9c,50,0,0,57,2,1,1,17.67,4.88,6.33,True,2,Standard Complexity,0.30805843601514993,15.101666666666667,1.812560726952035,0.053859957,0
dd51e14196557692,24,2,1,63,10,10,0,13.05,2.04,6.3,True,2,Standard Complexity,6.08949915838748,6.478571428571428,3.652785350431439,0.053240363,0
23d1ace3d3482548,31,8,2,100,5,4,11,11.15,9.92,12.67,True,2,Standard Complexity,0.6717886572429285,5.955384615384616,4.213570777645114,0.052962027,0
d684117b380e4a1d,12,0,0,259,6,8,13,26.11,0.86,6.3,True,0,Standard Complexity,5.83453511429997,21.5525,2.8941697859662625,0.052824818,0
aab95653a7f4ce5d,52,19,0,50,2,4,4,10.88,7.27,7.36,True,2,Standard Complexity,0.7574298647404067,3.307741935483871,2.8134775974702952,0.052773416,0
5c6086541dea3374,39,1,1,56,11,2,0,10.85,3.91,3.13,True,2,Standard Complexity,13.806701271484076,5.0600000000000005,3.551277938996045,0.052770697,0
d1ddb0e0fbdff339,30,1,0,222,1,7,6,21.36,2.89,6.29,True,0,Standard Complexity,0.7397972695275318,6.0136,4.10023109592618,0.052740067,0
7fef53f9cea75ce1,41,0,0,111,7,6,1,15.37,3.63,6.3,True,2,Standard Complexity,1.4968299836654262,10.436153846153845,2.953364544071306,0.05258576,0
792014a991678dec,30,2,0,80,7,4,1,13.36,5.63,6.31,True,2,Standard Complexity,0.5166236541236071,6.026,4.256719863932791,0.05236945,0
f9af418879c92d30,57,2,0,118,3,5,1,11.19,6.52,0.1,True,2,Standard Complexity,4.5728000174947185,4.1375,3.673546481263031,0.052059505,0
cebd181721639e80,36,28,0,221,10,14,10,11.05,9.34,10.15,True,2,Standard Complexity,0.4373785545724065,4.212380952380952,3.0563819331919153,0.05198032,0
e3cc81fcfe5476c,53,0,0,66,8,3,1,11.22,1.35,6.27,True,2,Standard Complexity,37.4129937321247,4.4475,4.038807837716472,0.051663112,0
7d0099cefab58ded,37,7,1,99,2,1,12,12.03,9.64,6.43,True,2,Standard Complexity,0.6935416353758327,4.614444444444445,3.76886399362847,0.05107377,0
b8879ae6b5025412,47,0,0,255,3,20,4,11.91,6.89,6.49,True,2,Standard Complexity,19.278239027463425,6.596666666666667,3.0775350887069055,0.05072923,0
5375a2a15d6bf45d,25,3,5,92,4,4,2,15.71,1.83,6.32,True,2,Standard Complexity,0.16031219541883837,6.76095238095238,3.6714560557306144,0.050696447,0
c82c883c62ba28f7,11,3,0,97,7,3,1,13.77,2.42,6.3,True,2,Standard Complexity,23.379471764777087,7.2942857142857145,4.969992403394186,0.050451003,0
bf0e0ec62356939a,19,5,0,30,2,0,3,11.25,1.16,6.72,True,2,Standard Complexity,1.6584631439979725,2.812857142857143,3.499717189740232,0.049864314,0
367b8ba747623081,41,0,0,61,6,0,9,10.42,1.3,6.29,True,2,Standard Complexity,14.044874509941328,7.039999999999999,3.3558381963378388,0.049821675,0
9f347397efd321a2,9,2,0,117,7,4,8,13.26,0.77,6.5,True,2,Standard Complexity,0.09219544457237644,6.115,5.332000093773442,0.049784772,0
3ddd068efd6abf3b,70,10,34,64,7,2,0,12.98,6.2,6.33,True,2,Standard Complexity,0.028284271247436175,6.339846153846153,2.798864325899507,0.049742695,0
a25d22175935a001,40,47,0,109,0,15,0,10.1,5.75,7.84,True,2,Standard Complexity,0.03162277660402779,2.8450943396226416,2.457937947419378,0.049498465,0
550b78d76e80a1f9,15,0,0,118,6,7,1,20.77,20.04,6.29,True,3,Critical Complexity,13.880922159569543,12.147,4.191334035841095,0.04931533,0
d8d69165ba147731,32,5,0,182,3,1,18,12.58,1.54,6.28,True,2,Standard Complexity,6.115136956765883,4.606,4.522765083441766,0.049303338,0
11e33406ff841e81,38,7,3,201,6,6,4,15.22,3.39,6.45,True,2,Standard Complexity,0.264007575648943,5.4389473684210525,4.031712310560446,0.04892714,0
bd293212cb4df11a,16,0,0,114,1,8,1,19.84,4.41,6.29,True,2,Standard Complexity,0.3613862199917446,14.712,3.2523267568516747,0.04890482,0
d73ccb0e42111b56,47,22,1,51,8,4,1,12.33,3.0,6.56,True,2,Standard Complexity,0.14317821063250627,3.1839999999999997,2.9656299740286456,0.048882216,0
f03036efa401614c,14,4,1,19,3,1,2,14.33,4.26,6.49,True,2,Standard Complexity,0.5824946351681207,7.462857142857142,4.131563917956887,0.048821185,0
f1e173b3e63df08a,85,5,0,70,4,5,2,10.55,7.19,6.31,True,2,Standard Complexity,4.442938216990945,4.499999999999999,3.1916968169656355,0.048556734,0
9bcc5082a06a23c,11,0,0,80,1,4,4,26.43,1.35,6.29,True,0,Standard Complexity,5.927469949313777,21.86125,3.6474732264267544,0.048529524,0
46c0786ec8a95981,46,2,0,98,1,2,3,9.94,2.12,6.22,True,2,Standard Complexity,3.122707158860533,4.396,3.7200677413186973,0.04839658,0
1a293430a04b2cd3,40,63,6,148,6,15,4,10.19,8.17,6.4,True,2,Standard Complexity,0.08544003745310509,3.223678160919541,2.25399064493491,0.048321407,0
215d94eecfef01aa,78,40,0,38,1,5,0,10.6,7.15,12.56,True,2,Standard Complexity,0.022360679775485982,2.6828888888888884,2.054768570068953,0.048170377,0
9213954cd9f43694,28,1,1,81,5,1,8,13.24,1.84,0.48,True,2,Standard Complexity,22.190775110392106,6.847142857142857,4.2240255487786404,0.048147205,0
edab97d1c950f1e8,10,0,0,134,1,3,2,23.92,11.38,6.29,True,0,Standard Complexity,2.0168291945526757,16.621000000000002,4.008130362151411,0.048078533,0
935a47dace5448dd,18,0,0,131,4,4,6,22.59,1.85,6.3,True,0,Standard Complexity,5.277309920783847,19.33923076923077,1.9617592635907253,0.047993984,0
894a71b05632b20e,13,1,0,118,2,4,2,23.82,6.22,6.29,True,0,Standard Complexity,2.8820131852581046,17.5725,4.450784809072066,0.047753453,0
1ca20d6d7e251bba,6,0,0,134,5,4,8,28.85,1.33,12.56,True,0,Standard Complexity,12.851556325986722,23.180000000000003,2.871410803072247,0.047558047,0
9138510470f28159,28,4,0,140,0,0,8,15.25,14.49,6.45,True,3,Critical Complexity,0.38948684188312754,3.6149999999999993,4.03338381511108,0.047541816,0
2187cbdd37e436,98,2,0,68,3,0,2,12.37,9.76,6.28,True,2,Standard Complexity,0.08944271909991024,5.853611111111112,2.830160137575432,0.047534153,0
bec3b6653b290288,31,1,4,107,8,4,0,11.84,2.42,6.32,True,2,Standard Complexity,8.554583566720313,6.64125,3.576011876028937,0.04732387,0
45094f4a18e13276,49,5,0,44,0,4,0,12.22,5.1,6.49,True,2,Standard Complexity,0.6435060217279381,6.044,3.4294501016926895,0.047276393,0
e605e867468bd023,15,0,0,284,1,9,15,20.06,6.3,0.03,True,0,Standard Complexity,2.0274368054269507,15.797857142857143,3.072514509024044,0.047159735,0
cd13d5227ee3771,51,3,0,35,2,1,2,8.51,0.74,6.38,True,2,Standard Complexity,1.7321951391226482,4.268,3.2909779701480835,0.047058478,0
1f6c90d832801e4,29,0,0,164,4,7,2,20.73,5.2,6.29,True,0,Standard Complexity,2.2917242417010555,18.096315789473685,1.3252257425427796,0.046971396,0
35f4e1b84e494085,23,7,0,342,20,41,8,7.75,6.88,6.42,True,2,Standard Complexity,0.014142135623725625,4.360588235294117,2.2465436736259212,0.04689037,0
3e8dfc5f3a6d0cfa,16,0,1,226,0,10,2,19.49,1.6,6.28,True,2,Standard Complexity,1.2969194269503044,13.969999999999999,3.0531644785915697,0.04686584,0
c31b7cf9a8914585,41,3,0,106,2,1,6,8.8,2.19,8.53,True,2,Standard Complexity,0.12041594578781344,4.475714285714285,3.722467910800411,0.04657974,0
86d282ad6dbbaeb4,24,0,0,115,4,0,6,25.15,3.08,6.3,True,0,Standard Complexity,5.837610812653088,21.288571428571426,1.6579585430921495,0.046389055,0
6b1e4a5eb322499a,21,6,0,116,2,13,2,12.25,7.2,6.32,True,2,Standard Complexity,0.1843908891461833,5.9342105263157885,4.252780286613098,0.046339355,0
7a543685d40d5b6e,35,2,2,39,4,0,0,12.16,5.36,6.31,True,2,Standard Complexity,14.024924242219267,5.83375,3.8978421514345603,0.046156254,0
9a3fa73ed55f2b41,54,3,2,165,9,13,6,15.72,5.09,6.33,True,2,Standard Complexity,1.0124228365657524,4.997727272727273,3.388069887411337,0.04597291,0
eb51764523cd0997,9,0,0,127,5,0,4,25.33,2.61,0.05,True,0,Standard Complexity,2.040220576310143,22.185714285714287,3.0723971894590574,0.0459168,0
aaaf22114d3a2b,53,3,0,114,0,5,3,13.19,4.15,6.48,True,2,Standard Complexity,0.13892443989425712,7.239756097560975,3.0999641916144913,0.04585432,0
2deeabf269d2ff8c,29,2,0,64,6,0,5,10.46,6.82,6.29,True,2,Standard Complexity,1.4512408483777528,6.165714285714286,3.614735149922001,0.0456915,0
5084dfc0c1f76f0e,28,2,0,55,5,1,7,11.19,10.32,6.28,True,2,Standard Complexity,16.911289128862794,4.59,4.360822743473988,0.045682907,0
69db4769792f351d,15,0,0,80,3,3,5,14.68,2.96,12.58,True,2,Standard Complexity,7.989042495818906,11.635,3.805341640378693,0.045503072,0
9188fd46cd3557c6,33,0,0,58,8,0,6,12.14,2.85,12.57,True,2,Standard Complexity,13.508967392069994,4.828333333333333,3.977337537711489,0.045372207,0
adeb79fb17c032a0,44,7,3,37,6,3,1,11.69,2.13,6.3,True,2,Standard Complexity,0.3252691193456768,3.9992307692307696,3.483432130569508,0.044753,0
2b5a05b94f77ab1e,113,13,0,134,1,3,11,10.95,9.81,9.59,True,2,Standard Complexity,0.4148493702538399,2.3934999999999995,2.142965877003178,0.04381609,0
8d791ab2ecfddc79,41,0,0,98,4,2,0,13.3,7.15,6.45,True,2,Standard Complexity,6.609281352764245,6.040909090909091,3.8920255407586106,0.043085687,0
5b3e5544d6d0e918,98,5,0,79,5,0,7,10.51,7.41,6.46,True,2,Standard Complexity,0.8170679286326156,4.6579999999999995,2.936127154376436,0.04273474,0
116abcade3d3dc46,43,0,0,105,8,4,4,17.32,3.4,6.3,True,2,Standard Complexity,2.307661153635576,14.158181818181816,1.876882415950926,0.042600997,0
c20f514f5d1bd230,15,0,1,123,4,4,5,14.8,2.16,6.29,True,2,Standard Complexity,2.769855591903763,9.273333333333333,4.475063003901609,0.042397156,0
b23b1491462b26ad,96,35,3,42,3,4,0,11.46,11.35,7.02,True,2,Standard Complexity,0.10000000000072759,2.844897959183673,2.3234818369702244,0.042372897,0
65ff45294ead9994,12,0,0,131,0,7,1,16.86,1.26,6.27,True,2,Standard Complexity,0.17888543819982047,13.375833333333333,3.913507502512576,0.04232605,0
681f24871535ae3f,25,0,1,153,3,0,10,11.87,4.49,6.26,True,2,Standard Complexity,11.990850678746197,5.7316666666666665,4.12596823653417,0.042302497,0
633e732109f307e2,29,1,0,511,10,14,4,10.12,4.14,6.32,True,2,Standard Complexity,2.8900692033240563,5.664,3.3825203620968787,0.04210937,0
de63ee953a3436c2,19,33,18,54,4,4,1,12.55,4.57,10.76,True,2,Standard Complexity,0.31064449134040384,4.379833333333334,3.158182225936658,0.04202356,0
ef5dcbc4054891f9,44,79,5,77,3,5,4,8.67,7.94,8.8,True,2,Standard Complexity,0.03162277660165503,1.7382954545454545,1.1925785866909921,0.04171799,0
9ab61d06ed25864e,33,1,0,237,1,6,9,11.28,1.64,5.75,True,2,Standard Complexity,81.8026020368546,4.786666666666666,4.59716821049171,0.041506954,0
67c0fa7aa60a8c5,10,2,2,68,2,4,1,14.83,1.45,6.31,True,2,Standard Complexity,12.071197123732242,7.373,4.749800101056885,0.04139821,0
5d1935131de0d724,32,61,5,37,4,3,0,10.02,5.02,9.8,True,2,Standard Complexity,0.1029563014098647,2.8029629629629627,1.8400928884527625,0.041307107,0
dddda64bbbf6dad0,32,3,1,36,2,0,0,14.27,7.17,6.29,True,2,Standard Complexity,4.758844397540224,5.945454545454544,3.7094237818545923,0.04091422,0
bb5becd5bdf5c8eb,41,0,3,64,7,2,0,15.24,2.13,6.47,True,2,Standard Complexity,1.3901438774459258,8.009333333333334,3.0730494445890213,0.040725615,0
7ce7f7c18f52c5e6,10,0,0,147,0,5,1,22.48,2.48,6.29,True,0,Standard Complexity,3.6930475220324928,15.654444444444444,3.590732240740231,0.040397692,0
cb31359b890e386d,49,12,0,203,4,6,0,10.53,9.3,6.69,True,2,Standard Complexity,0.17029386365933777,4.1375,3.104032659299834,0.040395882,0
a7651b39066585a5,30,0,0,148,7,0,7,14.15,5.65,6.22,True,2,Standard Complexity,31.2162858136582,6.5600000000000005,3.7030913726622674,0.039842322,0
3cd02994895b1aba,10,9,3,83,6,7,7,12.61,4.25,6.83,True,2,Standard Complexity,0.11000000000058208,4.442666666666668,4.344232140308445,0.039529447,0
8ff85c0442820e7b,67,4,0,89,2,3,4,17.67,3.76,6.29,True,2,Standard Complexity,0.8766413177576899,4.927352941176471,2.742175294546423,0.03932265,0
c6fe582ab3802cee,19,0,0,126,5,7,2,21.14,7.92,6.31,True,0,Standard Complexity,3.865759951160882,15.957777777777778,2.4403541536141287,0.03921081,0
73612383baedcaf1,22,3,0,86,10,5,2,11.23,1.61,6.28,True,2,Standard Complexity,2.19738480926659,5.0183333333333335,3.9577915418688856,0.039109085,0
30ccdd1ccae9410e,30,3,3,65,6,5,3,11.97,3.57,6.27,True,2,Standard Complexity,0.12999999999996922,4.891,3.9414222052452086,0.039074846,0
e58a21b495ad3c07,18,2,0,43,2,0,0,11.31,9.21,6.48,True,2,Standard Complexity,5.216138418408596,7.095,3.3964282709929265,0.039053008,0
9fabe7a01003b22,44,0,2,113,0,3,4,12.93,3.48,6.3,True,2,Standard Complexity,0.42379240200842316,7.4928,3.0154369766254443,0.038937643,0
49e2f1c96f854d97,37,5,0,136,5,11,2,11.46,3.42,6.33,True,2,Standard Complexity,4.037746896475552,5.218125000000001,3.7796580843212526,0.038832836,0
27e6d67fe14939b3,23,4,0,123,7,8,1,13.01,10.71,6.37,True,2,Standard Complexity,0.23086792761254452,3.0875,3.9444858663709264,0.0387103,0
e8362a350b4a8f90,9,6,0,317,12,2,5,12.65,3.41,8.72,True,2,Standard Complexity,0.15132745950415868,5.484999999999999,4.342582756839529,0.0381954,0
e71fcabb5a259ad3,34,0,0,50,10,9,1,9.51,7.15,6.3,True,2,Standard Complexity,5.224222430181053,6.72375,2.86805656107058,0.038153462,0
aa17a9624902cc14,34,0,0,42,4,0,5,9.35,1.64,6.31,True,2,Standard Complexity,6.597484369060744,5.293333333333333,3.3439929558671153,0.0379837,0
bc960df2ec4ffe55,28,1,0,71,9,4,9,10.67,2.4,0.63,True,2,Standard Complexity,24.762087957197966,6.136666666666667,3.7179011402791344,0.037926026,0
21b93cc78f7b6b43,15,0,0,78,4,0,4,25.15,5.67,12.57,True,0,Standard Complexity,1.3148764200484884,22.525714285714283,1.664381971465317,0.03786312,0
a010c2d95ed34600,11,1,0,23,1,1,2,14.56,1.98,6.31,True,2,Standard Complexity,1.4187318280774348,9.562857142857142,3.9316907096991613,0.03772328,0
94d589bf30a2bafe,34,2,0,57,2,0,0,12.87,11.6,6.33,True,2,Standard Complexity,6.405903527216278,5.785,3.9203539381030383,0.037638787,0
3aef44b531fcf6a3,8,0,0,467,2,15,8,22.21,0.98,6.3,True,0,Standard Complexity,71.20889410740753,18.08666666666667,4.417814945070571,0.03757176,0
8f250aef9cc209c4,6,0,0,88,2,4,2,16.67,1.8,6.29,True,2,Standard Complexity,21.172907216535044,12.888333333333334,4.539164448319634,0.037307546,0
10fc412eda40ba20,29,4,2,75,5,4,0,13.75,3.55,6.31,True,2,Standard Complexity,0.38209946349096074,5.924666666666665,3.80521198124654,0.037150018,0
e87da2f8e68f95a1,94,30,0,418,0,5,18,7.93,7.66,10.73,True,2,Standard Complexity,0.01999999999998181,2.710526315789474,1.9271890456643146,0.037078634,0
d93ef946bcd9136b,20,8,1,67,4,3,4,12.35,4.48,6.81,True,2,Standard Complexity,0.4657252408869524,4.431538461538461,3.987466606860602,0.036838043,0
5ca6300c040fc0c9,16,0,0,118,0,6,0,19.87,9.28,6.29,True,0,Standard Complexity,5.035603240924338,14.449333333333332,3.1438987826511777,0.03657292,0
aff9ebc1a48d4812,169,2,0,308,9,9,14,9.05,3.69,7.59,True,2,Standard Complexity,4.022996395722961,5.318571428571429,2.2504566430039965,0.036298346,0
60c234b0db115460,39,6,0,84,4,5,7,9.58,8.49,9.41,True,2,Standard Complexity,0.05999999999994543,5.179,3.2948488584455586,0.03616828,0
9dd6aaf637ffcea2,21,0,0,99,5,3,10,13.5,6.41,6.2,True,2,Standard Complexity,6.952877102323185,7.848333333333332,3.427197186558654,0.03586703,0
2cd0d863ea22909,70,2,1,56,8,4,0,9.28,3.58,6.36,True,2,Standard Complexity,6.152633582458461,3.656875,2.9207912428612564,0.034732893,0
a9d094da4632eb82,143,7,0,88,6,5,5,8.12,5.8,6.3,True,2,Standard Complexity,4.076530387472806,3.2894444444444444,2.2791725404487924,0.034708343,0
8873cdb6aebda981,11,8,0,19,0,1,0,12.42,4.36,6.31,True,2,Standard Complexity,6.916082706272393,4.313333333333333,4.219870324495239,0.03463485,0
555c55357edf173c,50,1,0,177,11,16,2,10.58,3.18,0.28,True,2,Standard Complexity,15.139197468822426,6.16,3.1557209952719205,0.03453998,0
a2e624b21fe7bace,22,1,0,40,2,4,0,10.39,1.92,6.19,True,2,Standard Complexity,3.727800960351847,4.203999999999999,3.736916375837169,0.034441527,0
507d8686ed35b392,39,2,0,162,8,4,12,11.2,8.26,6.85,True,2,Standard Complexity,0.341760149812284,6.0055555555555555,3.4098651361767343,0.03439356,0
8be16e2ae0d7ed3e,11,75,0,23,4,3,0,10.35,7.03,8.0,True,2,Standard Complexity,0.028284271248079286,2.508170731707317,2.2310055307344614,0.034211926,0
d4e219f589a7dae4,48,1,0,68,4,6,2,11.07,3.35,6.3,True,2,Standard Complexity,9.120274118687345,6.305,3.391215858656007,0.034177817,0
c4125a57c51fdaa,14,29,1,136,6,13,3,12.77,11.08,6.42,True,2,Standard Complexity,0.38587562763196287,3.416216216216216,3.2606966187821023,0.03396171,0
172e0f70787cb3c,9,0,0,167,7,0,8,27.48,2.18,6.29,True,0,Standard Complexity,22.785714823108428,22.68375,2.3186415068957946,0.033582516,0
d6881864f7d53cfd,14,0,0,123,2,4,1,16.36,4.59,6.29,True,2,Standard Complexity,7.396113844444424,10.816999999999998,3.802007496047318,0.03321186,0
4137671094d26ae2,8,0,0,203,5,5,9,23.63,2.37,6.29,True,0,Standard Complexity,4.640905084140422,21.220000000000002,2.4668738651715993,0.033148352,0
ed305805f6189477,27,0,0,86,5,3,6,9.56,1.01,0.06,True,2,Standard Complexity,4.762656821565028,4.845,3.8697448236285554,0.033049244,0
be33a9708f061b8e,51,12,0,117,6,7,5,7.99,2.04,7.22,True,2,Standard Complexity,1.0124228365651915,2.8505263157894736,2.530981656204628,0.032923963,0
32ca447531bf7db1,16,2,0,644,3,17,15,15.45,3.38,6.31,True,2,Standard Complexity,9.566509290227105,6.094444444444445,4.2577122472340605,0.032897826,0
b4f1783175da2313,8,0,0,105,4,3,4,18.87,3.57,6.3,True,2,Standard Complexity,41.688744284279004,14.602500000000001,3.67718217525322,0.032840498,0
347796b24e5961bf,23,5,1,113,3,2,1,11.07,2.14,6.26,True,2,Standard Complexity,5.639902481426436,3.763333333333333,3.6116416704257297,0.03277976,0
a91af744beb57ad4,22,3,1,70,6,4,0,14.18,6.44,6.3,True,2,Standard Complexity,1.3645878498648127,5.942380952380952,3.570775432340799,0.032595165,0
5e88122c43b3fd32,25,0,1,73,6,3,3,13.33,6.12,6.29,True,2,Standard Complexity,1.5754364474646299,11.429999999999998,1.6067269303062761,0.03217278,0
81d70ffd6b06aa29,20,4,1,68,1,2,0,16.42,5.47,6.32,True,2,Standard Complexity,3.4687894141905016,6.102105263157895,3.7961706175224417,0.031967223,0
7845662604a6bf39,62,2,0,43,3,0,1,10.02,4.62,9.47,True,2,Standard Complexity,3.737713204621413,4.336363636363637,2.8604204164209297,0.031749666,0
a7918788ae0d1528,28,7,0,99,4,1,10,11.28,1.8,6.36,True,2,Standard Complexity,1.235839795444124,3.2370000000000005,3.2440346792227728,0.031717278,0
7f2151dfc4eac512,15,2,0,89,1,6,1,15.31,2.05,6.95,True,2,Standard Complexity,0.2193171219944136,6.9781818181818185,4.287951021984994,0.0316942,0
e7d3dc0d02be49d4,14,1,0,138,7,2,9,11.4,3.06,6.33,True,2,Standard Complexity,2.1618973148602363,7.1066666666666665,3.691434529947523,0.03138913,0
bf490d8b25631859,17,6,0,83,6,0,4,11.13,0.86,6.26,True,2,Standard Complexity,1.7871765441614609,3.427777777777778,3.2650328491720937,0.031366955,0
1d0de815a28171c4,12,25,7,41,5,5,0,13.79,3.0,6.66,True,2,Standard Complexity,0.3413209633175013,4.1356756756756745,3.4137223406624706,0.031152258,0
cb1010152b368b48,30,1,0,102,7,6,1,11.58,2.26,6.35,True,2,Standard Complexity,2.440184419260094,6.2811111111111115,3.281881047490378,0.031045925,0
f6e99d8495c3a062,29,3,0,76,1,4,2,14.14,3.2,6.34,True,2,Standard Complexity,0.34205262752964966,7.254482758620689,3.1790516762153396,0.030862601,0
8466c9c4985de28b,7,1,0,88,4,1,3,12.54,1.95,6.22,True,2,Standard Complexity,6.122809812495974,5.642499999999999,5.009043696155984,0.030754492,0
85ac153bc966a85b,14,0,0,96,3,4,4,19.66,2.46,6.3,True,2,Standard Complexity,0.6003332407922205,16.13785714285714,2.5155918888047815,0.030644346,0
64540557f9993d77,49,2,0,132,13,1,3,10.78,3.4,6.61,True,2,Standard Complexity,0.47423622805517646,5.553333333333334,3.2310868484493294,0.030621473,0
6efb1ce790ecbbba,88,15,0,53,4,0,5,7.59,1.69,6.67,True,2,Standard Complexity,0.05999999999994543,2.766666666666667,2.0910975321320833,0.030530205,0
1a1e29f2923c0408,9,0,0,81,5,2,7,12.59,2.78,6.25,True,2,Standard Complexity,14.901328799808907,8.8375,4.253729980852099,0.030379292,0
187f715980788726,72,7,0,60,10,0,2,7.78,1.89,6.35,True,2,Standard Complexity,0.06403124237430576,2.5160000000000005,2.3086873615397416,0.029966574,0
e51c640cc95ee2e2,29,0,0,305,7,10,2,12.93,3.82,6.32,True,2,Standard Complexity,11.489251498683467,9.112857142857141,2.5178148932625475,0.029897131,0
e3345e5bbf143e63,21,0,0,73,6,0,6,11.83,1.75,6.29,True,2,Standard Complexity,7.710525273934751,8.93,2.6344733819114587,0.029869948,0
c784258eba1bce70,16,4,0,118,0,4,2,18.54,2.26,7.86,True,2,Standard Complexity,0.08246211251238851,6.095,4.429245421062148,0.029760633,0
33f450f566613c45,14,0,1,138,7,2,9,14.64,3.89,6.32,True,2,Standard Complexity,4.16739726927913,7.021428571428573,3.525958546759929,0.029646186,0
aa68e478a878b820,54,4,0,94,1,1,1,7.63,3.15,6.34,True,2,Standard Complexity,1.1182575731914357,3.5366666666666666,2.7726481525389723,0.02948288,0
d02499f1c9bcde4c,23,0,0,60,5,2,4,8.31,0.79,6.26,True,2,Standard Complexity,5.605898679069986,5.63,3.4973132544855057,0.02947074,0
e8de49259ea10699,18,1,3,89,1,8,0,15.42,5.38,6.29,True,2,Standard Complexity,1.512117720285083,8.933888888888891,3.214877116865155,0.029415112,0
85cb432909148253,43,0,0,184,8,6,12,9.39,2.73,6.25,True,2,Standard Complexity,4.966135318334562,4.87,3.3097561412112695,0.029401107,0
b117754f91164002,47,11,6,39,6,2,1,9.8,7.84,7.05,True,2,Standard Complexity,0.0707106781183332,4.971379310344827,2.872429854655596,0.029397845,0
2acf0bb6da91a95e,31,1,0,55,8,2,0,13.91,6.72,12.58,True,2,Standard Complexity,32.74232276427628,10.322500000000002,2.563819172640691,0.029164571,0
dde6bc335a1542f4,16,1,0,102,3,5,0,16.48,8.93,3.54,True,2,Standard Complexity,0.2416609194710695,11.0525,3.123990837054424,0.02914907,0
5fd17a7fbd003f67,19,0,0,86,7,3,1,13.27,1.48,6.29,True,2,Standard Complexity,18.366276160397778,11.157499999999999,1.3733785894646822,0.028681437,0
62b72db9c418e0e7,24,0,0,103,7,6,1,12.88,2.2,6.29,True,2,Standard Complexity,7.975487445918155,10.99,1.5426693007344678,0.02865295,0
a5f76d8ab0be013,22,0,0,167,8,3,12,13.58,3.12,6.29,True,2,Standard Complexity,0.3535533905918348,7.158095238095238,2.698909160678879,0.028619874,0
e210da63fbf04e78,25,0,0,65,6,3,2,14.36,0.72,6.29,True,2,Standard Complexity,14.677527039660848,11.283999999999999,2.3591235660727907,0.028560188,0
4bbe6288de70e1a8,35,0,0,184,13,7,13,11.23,0.63,0.04,True,2,Standard Complexity,106.36654784282491,10.61,0.6200000000000001,0.028473966,0
9a43131ecac629f2,49,1,11,59,8,0,1,11.95,3.41,6.31,True,2,Standard Complexity,0.8947066558373318,6.532727272727272,2.7065731130950303,0.028442753,0
7f00821268e83854,50,4,0,59,4,11,4,8.86,1.83,6.31,True,2,Standard Complexity,4.914804167002607,3.789090909090909,3.1398131228276935,0.028433582,0
732c1490640834ea,15,1,0,48,3,0,3,11.16,1.63,6.28,True,2,Standard Complexity,4.283234758917245,7.212000000000001,3.3300054054010184,0.028357998,0
96b8a69b1e1b3b44,16,0,0,165,0,6,2,21.0,6.07,6.3,True,0,Standard Complexity,2.335551326775016,17.424999999999997,2.288760581624911,0.0283044,0
21070e9ff5976356,4,14,12,73,1,5,0,16.86,3.31,6.3,True,2,Standard Complexity,0.42755116652878195,3.7550000000000003,3.310713669286427,0.028050655,0
4901466716da2a52,18,13,0,72,4,2,4,12.82,5.43,7.04,True,2,Standard Complexity,0.2683281572997561,4.090454545454546,3.2517624274072543,0.02804096,0
b269a338a9bf5b8f,41,4,11,279,1,12,4,12.93,3.6,6.32,True,2,Standard Complexity,0.08062257748305318,6.590909090909091,2.9265051694618704,0.028036393,0
1c34ebc27dfc5df4,3,0,0,75,2,1,0,17.49,0.7,6.29,True,2,Standard Complexity,24.261700270178977,14.023333333333333,2.605089036652852,0.027875012,0
98fdec9c417f76b2,71,10,0,36,2,1,5,9.07,1.76,6.43,True,2,Standard Complexity,0.0500000000005457,1.8158333333333332,2.293608722564122,0.027768485,0
43d7c81502f8964b,15,5,0,20,2,3,2,11.94,8.59,6.78,True,2,Standard Complexity,0.049999999999636204,5.501818181818181,3.9297185145129396,0.027707877,0
642760ccf699c134,25,0,0,61,5,0,3,10.95,3.0,6.27,True,2,Standard Complexity,38.1607717427202,5.5649999999999995,3.626599647052318,0.02766163,0
28ca53e791294439,16,1,0,85,6,0,5,11.24,1.18,6.29,True,2,Standard Complexity,73.53565801704612,6.226666666666667,4.4975721845853185,0.02765391,0
c2482066d3a0c78a,20,20,7,81,0,6,1,12.78,5.65,12.54,True,2,Standard Complexity,0.1019803902719413,3.945862068965517,2.8589261514764104,0.027456097,0
9145b5dc51fd6623,16,6,0,50,3,0,6,10.65,6.28,10.32,True,2,Standard Complexity,0.2999999999992724,5.268888888888889,3.4707138056871893,0.027254106,0
1021dd7a0b60802,14,8,0,44,4,4,2,12.66,4.86,6.68,True,2,Standard Complexity,0.8343860018001711,5.165000000000001,3.9795445719328235,0.027247341,0
22b759247faf2844,20,3,0,54,5,0,2,11.42,2.54,7.44,True,2,Standard Complexity,17.93819667636625,4.87,3.846912181650802,0.026862837,0
7baf64c197342ccf,32,8,0,259,0,4,3,11.06,6.24,7.66,True,2,Standard Complexity,0.5772347875860577,3.2438461538461536,2.719492425665944,0.026800158,0
3095e6e6d159155d,52,1,0,101,0,4,1,12.52,6.18,6.36,True,2,Standard Complexity,0.506359556046875,8.697894736842104,2.2777483779228542,0.026699813,0
db3357a73b96bac1,41,8,2,31,3,0,0,10.86,4.62,6.36,True,2,Standard Complexity,0.14212670403562166,4.741538461538461,2.9818833649837586,0.026396833,0
d13880aecaff9c34,36,0,0,108,0,3,4,13.25,3.49,12.69,True,2,Standard Complexity,1.3427211177307155,8.791176470588237,2.5017685094229813,0.026307734,0
6431627bd88405e,43,12,10,126,3,6,0,11.87,3.9,6.72,True,2,Standard Complexity,0.1749285568452584,5.559574468085105,3.1360416556115926,0.026167335,0
dd9228a7dd006e09,36,0,0,135,9,10,4,13.47,0.96,0.06,True,2,Standard Complexity,37.25536874062623,12.115,1.3550000000000004,0.026090445,0
b756183601784aed,14,14,14,17,2,3,1,14.48,3.38,10.37,True,2,Standard Complexity,0.6109828148156374,4.887241379310344,3.2692579528733554,0.025961172,0
134edb486f26bd3f,16,0,0,61,0,3,2,18.58,2.75,0.02,True,2,Standard Complexity,7.671668658120875,17.72,0.6907097798641624,0.025960553,0
88667bb6e390c420,13,6,1,79,0,7,0,11.41,3.2,8.96,True,2,Standard Complexity,0.014142135624039643,4.5953333333333335,3.648849803553017,0.025533814,0
d577dd99c84c262c,8,3,1,211,12,8,7,11.93,2.12,6.31,True,2,Standard Complexity,0.6957010852369859,6.03625,4.299921329222199,0.025509465,0
eb1c6f280346d37f,38,0,0,89,9,0,6,11.49,1.68,0.05,True,2,Standard Complexity,104.02031820754988,10.8,0.6900000000000004,0.025247341,0
748e0b9f0b696474,8,0,0,203,5,1,5,22.24,1.7,6.29,True,0,Standard Complexity,7.307537204832003,21.106666666666666,0.7774030843491392,0.025158158,0
fc0198d256d266f,32,9,10,116,6,2,1,13.1,3.25,9.46,True,2,Standard Complexity,0.3220248437621031,4.644375,3.1664105639311844,0.02500175,0
93d369032ab07b26,9,0,0,100,3,4,3,22.43,6.75,6.29,True,0,Standard Complexity,6.686441505015873,18.88375,2.856037191196921,0.024801822,0
2c20aa2e26dad6d8,31,8,0,124,4,3,6,10.23,2.03,11.1,True,2,Standard Complexity,0.2687005768509652,2.685,2.732969996176321,0.024736254,0
a6873bc8a665c38e,41,3,0,22,0,0,0,7.79,1.22,6.33,True,2,Standard Complexity,3.2711618730967227,3.8000000000000003,2.940816213230606,0.024177514,0
744b278e273b2021,24,0,0,71,7,0,3,13.82,9.66,6.3,True,2,Standard Complexity,52.54633764592907,11.3725,1.9809009944972011,0.024134932,0
e61b90a1c82e442,57,3,21,55,5,4,0,12.83,4.87,7.18,True,2,Standard Complexity,0.2846049894151829,5.349607843137255,2.9963264834180876,0.023966229,0
2c997bddb8644328,53,15,0,75,2,4,0,7.4,4.78,9.77,True,2,Standard Complexity,0.6400781202321363,2.66375,2.048932267670164,0.023816885,0
e4a974063e65eab1,7,1,0,97,1,1,1,12.38,3.17,6.33,True,2,Standard Complexity,3.5827363843855418,6.57,4.120913126965916,0.02378759,0
b4dc9c91ce23b5f6,31,25,6,44,0,4,0,10.38,3.13,7.34,True,2,Standard Complexity,0.2607680962081026,3.9421951219512192,2.532767224911512,0.023768248,0
f8fd1fe2571644d,18,0,0,65,2,1,1,13.5,0.73,0.07,True,2,Standard Complexity,31.755523928917018,11.825,1.6749999999999998,0.023727953,0
5911588dae126898,62,1,0,101,4,4,0,9.39,4.01,6.2,True,2,Standard Complexity,12.068409174369245,4.241666666666667,2.839626833856089,0.023194835,0
5f5b38e6e3f16320,20,1,0,32,3,0,4,11.17,1.32,6.3,True,2,Standard Complexity,6.339858042575342,4.368333333333333,3.393883796216692,0.023064215,0
2a5bb2746fb7281f,30,14,4,132,5,8,2,10.47,8.24,6.79,True,2,Standard Complexity,0.12041594578781344,4.565384615384615,2.877682335022713,0.022562748,0
5a0c556901cced59,37,4,0,62,4,4,0,9.66,2.64,6.69,True,2,Standard Complexity,0.07810249675907557,3.2283333333333335,2.6767232248071937,0.022283511,0
a32d594db11017af,15,0,0,79,5,6,0,16.54,3.27,6.31,True,2,Standard Complexity,0.10295630140964386,10.693333333333335,2.5169893832822487,0.02218116,0
3ed2030eeeb71f9f,6,0,0,129,6,0,9,11.24,1.09,3.18,True,2,Standard Complexity,32.93405835909074,8.600000000000001,3.696728283225588,0.021777438,0
2f6b5e35165cd6ed,13,0,0,208,3,7,4,21.48,3.97,6.29,True,0,Standard Complexity,4.68465580379159,18.174545454545452,1.713573425417634,0.021732345,0
d4bb49f1ab9efe29,21,0,0,132,10,4,9,11.42,1.18,6.29,True,2,Standard Complexity,42.830555681662695,10.603333333333333,0.9900953938327801,0.021489028,0
539d42bf9cea2188,53,21,0,80,1,4,4,7.5,1.72,7.38,True,2,Standard Complexity,0.07280109889252034,2.0146666666666664,1.9029568804596937,0.021470312,0
ac6323eb5db18f8f,6,0,0,149,3,4,5,18.94,2.02,6.28,True,2,Standard Complexity,12.892187556811187,16.202,2.549481515916521,0.021032378,0
37992d068fbbdb06,34,4,1,49,5,0,0,8.01,6.35,6.35,True,2,Standard Complexity,0.6351377803281335,5.159000000000001,2.672715660147933,0.020999355,0
4c43c3a620ab9f9b,27,2,0,49,4,0,4,7.23,1.11,6.3,True,2,Standard Complexity,0.23086792761221459,4.245,2.8560330880436244,0.020475315,0
cbac2d5159b1bfcd,35,0,0,84,4,2,5,11.41,1.29,0.06,True,2,Standard Complexity,44.47666579230061,10.156666666666666,1.4528668976276606,0.020422205,0
3636cc2cecc08569,4,0,0,55,2,1,1,11.02,2.58,6.29,True,2,Standard Complexity,54.17501730502721,8.296666666666667,3.368544031015312,0.020351186,0
e27e558933e671be,10,6,0,72,8,11,0,11.36,1.13,6.3,True,2,Standard Complexity,0.4664761515877067,4.953636363636364,3.526618964718764,0.020335896,0
8442607457139816,20,0,0,39,3,0,4,7.69,1.38,6.39,True,2,Standard Complexity,2.321421978012154,5.3133333333333335,2.880351058850678,0.02030582,0
7f728ae6548a5a6a,51,0,0,55,7,5,4,8.67,0.77,6.31,True,2,Standard Complexity,57.23941648898947,7.645,1.025,0.02013699,0
98c99b0afb86824e,7,0,1,57,4,0,5,14.02,1.91,6.31,True,2,Standard Complexity,15.16947263420813,9.309999999999999,3.244916023566711,0.019894274,0
8a057d7fd21d436a,23,2,0,54,7,4,5,9.28,2.02,6.3,True,2,Standard Complexity,7.678313616934222,5.12,3.207828964684163,0.019526167,0
99a641f7ecbd40cb,43,0,0,72,7,1,9,9.81,1.08,6.31,True,2,Standard Complexity,29.070337115348064,9.305,0.5049999999999999,0.019342598,0
784bbda3ff016702,13,0,2,73,4,6,0,13.44,2.74,6.28,True,2,Standard Complexity,0.45607017004011785,10.669999999999998,2.2458435683131035,0.01920854,0
9adc4c08adeed032,21,0,1,173,4,6,11,10.27,2.96,6.28,True,2,Standard Complexity,16.080376239379397,7.29,2.5831763393156106,0.018936405,0
c76330998fd00f3a,12,1,0,68,0,2,0,17.58,6.58,6.29,True,2,Standard Complexity,13.852627909533846,14.404285714285717,2.0006417337791325,0.018878102,0
6c7cfa09d7be8ecc,58,1,0,35,2,0,8,10.21,8.31,6.37,True,2,Standard Complexity,5.250466645927777,5.376250000000001,2.55142086639974,0.018860172,0
22359ecddbd85b4e,14,6,0,71,2,1,6,10.6,2.77,6.71,True,2,Standard Complexity,0.1941648783890769,3.5862499999999997,3.3683450591499677,0.018808275,0
6bb53e2cad0da4f5,31,0,0,51,4,1,1,11.0,5.26,6.34,True,2,Standard Complexity,9.214423476268626,5.671666666666667,2.7775373784863615,0.018471453,0
403e74d3bb52fe18,7,0,0,143,0,6,6,20.65,2.66,6.28,True,2,Standard Complexity,5.005486989294447,18.2,2.0583197030587836,0.018335788,0
a2315371e59829e0,26,4,0,117,12,4,10,9.92,1.98,7.31,True,2,Standard Complexity,0.7653757247247366,4.676666666666667,2.9853847695434874,0.018270517,0
9e4fba60e3cb33d6,15,0,1,23,1,1,3,13.32,12.62,6.3,True,2,Standard Complexity,10.285805753562125,10.62,1.928081948465884,0.017910877,0
8fbe1b74509dc201,36,19,0,330,5,8,6,8.32,3.89,6.77,True,2,Standard Complexity,0.36715119501360544,2.669259259259259,2.1932183791657778,0.017381463,0
2500093aadd03078,18,0,0,42,3,0,4,8.83,2.18,6.28,True,2,Standard Complexity,97.43924517359486,8.015,0.815,0.01696902,0
5d275c3e42de4f77,61,0,0,116,3,2,11,9.35,2.7,3.15,True,2,Standard Complexity,35.54808714966191,7.549999999999999,2.437580767892625,0.016764821,0
24d5c150e7fe9952,6,0,0,135,0,3,4,14.9,2.17,6.3,True,2,Standard Complexity,10.118853690018502,10.401666666666667,2.9718760442222725,0.01664693,0
3870bf8d9cacbccd,36,0,1,91,5,4,2,14.86,3.3,6.31,True,2,Standard Complexity,0.41048751503541825,6.6225,2.3294588963963285,0.016462723,0
d978df3458fdaebf,23,7,0,52,2,0,3,5.21,1.96,6.99,True,2,Standard Complexity,0.7212489168101237,2.3737500000000002,1.2195382066585696,0.016458439,0
3838af1c15ff588c,18,0,0,47,3,0,6,7.96,1.45,6.28,True,2,Standard Complexity,13.663853775564835,5.446666666666666,2.6093719976695966,0.016197452,0
5fbb244278e5e058,7,0,0,108,11,4,8,16.77,1.06,6.27,True,2,Standard Complexity,41.8024461006765,16.125,0.6449999999999996,0.016127529,0
471f14f2ee745a9a,7,0,0,357,0,13,9,15.69,6.03,6.22,True,2,Standard Complexity,45.742955741841406,13.301666666666668,1.099869941806252,0.016039876,0
19a6b9ccb1ea56ed,8,2,0,113,3,0,5,10.54,2.33,6.31,True,2,Standard Complexity,0.3584689665785817,4.801666666666667,3.961032763756891,0.015923912,0
3851b46b3193a3f9,15,1,0,61,3,0,8,9.25,1.03,6.28,True,2,Standard Complexity,8.494050859278037,3.686666666666666,3.8190167437298426,0.015804492,0
87857ea5835b5feb,9,0,0,86,4,0,7,18.06,2.42,6.27,True,2,Standard Complexity,124.44606582773145,15.533333333333331,1.9816715727441363,0.015558364,0
462727893421e375,47,8,0,85,0,6,4,7.23,4.04,7.22,True,2,Standard Complexity,1.4689451997948715,2.8673333333333333,2.087290002744122,0.015465398,0
ad24e4ab57f77a2b,45,7,0,55,7,5,4,7.15,2.19,6.29,True,2,Standard Complexity,1.0182828683621885,2.7909999999999995,2.178249067485167,0.01537328,0
a527a3684cdc9f98,4,0,0,188,2,8,3,18.54,0.87,0.02,True,2,Standard Complexity,5.881028821558243,16.05,1.8494999324141645,0.015370579,0
596606f7debd767f,29,3,0,47,4,2,0,9.87,8.18,6.35,True,2,Standard Complexity,0.041231056256139105,7.23,2.341473894793619,0.015313975,0
a56d7e6e36ab0487,5,0,0,248,3,15,5,10.83,1.57,0.05,True,2,Standard Complexity,3.4740322393437695,10.396666666666667,0.38230296304835976,0.015284393,0
7abd0ecc88f28add,18,0,0,114,8,2,7,11.2,0.93,0.04,True,2,Standard Complexity,104.2806923644063,8.955,2.2449999999999997,0.015116417,0
7d220dfb3b93ccff,15,0,0,139,5,8,5,14.51,2.3,6.29,True,2,Standard Complexity,8.958403875691241,11.421428571428569,2.3921802880661494,0.014215808,0
bb4ccd896569e214,21,5,0,157,4,10,8,6.37,1.45,7.01,True,2,Standard Complexity,1.0031948963186779,2.06,2.1831104938988837,0.014212915,0
57da2102c28adab,5,0,0,70,4,2,7,12.45,3.48,6.34,True,2,Standard Complexity,14.825265596271628,10.89,1.5599999999999996,0.013788224,0
5f11abd0e928ca36,23,0,0,86,7,0,0,8.26,2.07,0.15,True,2,Standard Complexity,25.179406267821246,6.525,1.7349999999999999,0.01366574,0
28ea26c226b8c8f3,63,4,0,82,5,1,2,7.39,3.5,6.33,True,2,Standard Complexity,3.0075238984920394,3.4549999999999996,1.8927691354203764,0.013549447,0
bd537f5c3a8e34ed,11,3,0,92,8,0,5,11.17,2.79,6.36,True,2,Standard Complexity,3.724043501357435,7.548333333333333,2.7376231580616706,0.013515202,0
c3b0ffe115bf94a5,3,0,0,130,9,0,6,10.67,1.46,6.29,True,2,Standard Complexity,4.78608399424747,10.495000000000001,0.17499999999999982,0.013358824,0
e53cafbf2e1f6ee6,31,8,0,55,4,4,0,8.67,1.31,6.33,True,2,Standard Complexity,0.9176055797565235,2.8515384615384614,2.4775976147930887,0.013220452,0
fd568fb4dc2ac2fa,31,3,5,69,4,0,7,10.2,3.84,6.31,True,2,Standard Complexity,3.98020099994926,6.7125,1.5059195695653866,0.013127688,0
45271c310bc4c2d2,6,0,0,486,16,17,1,6.77,1.94,0.08,True,2,Standard Complexity,88.64935419956545,6.77,0.0,0.013088049,0
3d29a5a3a9f774e5,12,0,0,139,4,4,6,14.15,4.08,6.3,True,2,Standard Complexity,7.568460873915748,11.892222222222223,2.143692441548138,0.012612324,0
eaeb53242d0800f6,3,0,0,88,5,1,6,13.93,1.65,6.29,True,2,Standard Complexity,115.96017635378192,13.8,0.1299999999999999,0.012535803,0
7dc4cb5ef4fc4d8e,27,1,1,45,4,0,0,9.5,2.16,9.48,True,2,Standard Complexity,0.43046486500104486,5.821666666666666,2.42579482964977,0.012042712,0
ecd4668699ef7a69,15,1,2,25,1,1,0,9.44,2.18,12.6,True,2,Standard Complexity,3.0787659865600494,4.61,3.1036537607579016,0.011885373,0
b3282a2fdb28a39b,10,0,0,57,2,0,5,11.09,1.54,0.05,True,2,Standard Complexity,93.18193172498611,10.809999999999999,0.28000000000000025,0.0116263395,0
e4a7d09653eccc5f,12,0,0,90,6,4,6,14.41,2.08,6.23,True,2,Standard Complexity,30.68310610091496,12.170000000000002,1.590723106011854,0.01103333,0
f9e171caf1522704,35,2,0,75,6,0,0,7.87,3.24,6.42,True,2,Standard Complexity,5.550081080487884,3.5985714285714283,2.3987641375831648,0.01091605,0
173f2f3b42d8e12d,4,0,0,219,4,4,2,12.24,5.96,6.77,True,2,Standard Complexity,54.61834215719144,10.55,1.6900000000000004,0.010601099,0
1c795dec4d301031,7,0,0,220,9,11,6,11.72,1.93,6.28,True,2,Standard Complexity,14.195266816794812,9.063333333333334,2.049948508838427,0.0104974285,0
f3938d495124a3a1,30,4,4,192,1,4,8,9.73,3.74,12.67,True,2,Standard Complexity,3.4058772731854887,4.0600000000000005,2.497937610848659,0.010429918,0
1571762a98d498b,13,4,2,359,4,10,8,7.23,2.3,6.79,True,2,Standard Complexity,1.0914210919718208,3.6022222222222218,2.5315071390501207,0.009124486,0
7bad2358146db679,30,2,0,53,6,8,3,6.46,3.31,6.4,True,2,Standard Complexity,7.626231048166007,4.501428571428572,1.5266717167132708,0.009089301,0
3a9826df9e5375c8,3,12,0,118,2,8,5,4.84,4.38,6.34,True,2,Standard Complexity,0.228473193176008,2.103571428571428,1.354709284273921,0.008488213,0
16548844219c6c39,9,0,0,90,1,3,3,10.62,0.81,6.3,True,2,Standard Complexity,74.17779991345064,9.29,1.3299999999999996,0.0075430525,0
30bf4cc3c242b9c4,31,0,0,135,1,3,4,7.42,0.6,0.09,True,2,Standard Complexity,46.42957785722356,4.933333333333334,2.4389250819891033,0.00748527,0
5d73825c7bd3a649,10,5,1,56,1,0,5,7.55,4.34,6.46,True,2,Standard Complexity,0.14212670403570965,3.2009090909090903,2.3277904253739874,0.0074409875,0
405241e73c6cd6b3,12,1,0,136,4,4,4,10.67,3.74,6.59,True,2,Standard Complexity,35.60655698042171,5.82,3.3821442902395518,0.0074356156,0
ea0717ab381f2f2f,1,3,0,89,3,0,10,6.14,0.67,6.17,True,2,Standard Complexity,1.4741099009232361,2.135,2.380477893197078,0.006822517,0
cc18b98b4192f016,9,1,0,21,1,0,1,1.87,0.45,6.29,True,2,Standard Complexity,19.276451955689378,0.935,0.935,0.006713637,0
